INSERT INTO public.main_organization (id,description,name,email,phone,address,api_key,moodle_url,created_at,updated_at,updated_by,created_by,is_deleted) VALUES
	 ('08b65a39-394f-4977-a5fa-3fe145b620f8','Moodle description','Moodle','moodle234@gmail.com','+8412345678',NULL,'cdf90b5bf53bcae577c60419702dbee7','http://62.171.185.208:8081/webservice/rest/server.php','2024-04-15 18:09:29.488151+07','2024-04-15 18:09:29.488151+07','8edbc0aa-0b91-480e-a428-23abf2109df9','8edbc0aa-0b91-480e-a428-23abf2109df9',false),
	 ('cb69c0bf-c454-4f15-be10-791f6749dac7','Moodle description','Moodle 2','moodle123@gmail.com','+8412345694',NULL,'9db5726ffba9f26d155880d77b414cf0','http://20.2.248.138/webservice/rest/server.php','2024-04-15 18:09:29.488151+07','2024-04-15 18:09:29.488151+07','05dbdfde-1eae-47ba-8ebb-6c4cdc4f6510','05dbdfde-1eae-47ba-8ebb-6c4cdc4f6510',false);

INSERT INTO "public"."main_user" VALUES ('9ba179ed-d26d-4828-a0f6-8836c2063992', 'nguyenquoctuan385@gmail.com', 'nguyenquoctuan385@gmail.com', '2002-05-29 00:00:00+07', '08b65a39-394f-4977-a5fa-3fe145b620f8', 'Tuan', 'Nguyen Quoc', '+8412365478', 'HCM', NULL, NULL, '2024-04-12 21:33:23.371836+07', 'f', 'f', 't', NULL, NULL, '2024-04-12 21:33:23.371836+07', '2024-04-12 21:33:23.371836+07', 'f', NULL, NULL);
INSERT INTO "public"."main_user" VALUES ('b029f559-52a8-4699-b595-71161498ed8c', 'dcthong852@gmail.com', 'dcthong852@gmail.com', '2002-04-29 00:00:00+07', NULL, 'Thong', 'Duong', '+8412365478', NULL, NULL, NULL, '2024-04-15 18:07:20.891115+07', 'f', 'f', 't', NULL, NULL, '2024-04-15 18:07:20.891115+07', '2024-04-15 18:07:20.891115+07', 'f', NULL, NULL);
INSERT INTO "public"."main_user" VALUES ('8c98e9e1-a9e7-49ee-b9fd-0cb5bd7814f7', 'nthoang852@gmail.com', 'nthoang852@gmail.com', '2002-03-29 00:00:00+07', NULL, 'Hoang', 'Nguyen Thanh', '+8412365478', NULL, NULL, NULL, '2024-04-15 18:07:41.151759+07', 'f', 'f', 't', NULL, NULL, '2024-04-15 18:07:41.151759+07', '2024-04-15 18:07:41.151759+07', 'f', NULL, NULL);
INSERT INTO "public"."main_user" VALUES ('39328bcf-8af6-44fc-9ae9-247f953ee2a2', 'ndqkhanh852@gmail.com', 'ndqkhanh852@gmail.com', '2002-03-29 00:00:00+07', NULL, 'Khanh', 'Nguyen Dinh', '+8412365478', NULL, NULL, NULL, '2024-04-15 18:07:41.151759+07', 'f', 'f', 't', NULL, NULL, '2024-04-15 18:07:41.151759+07', '2024-04-15 18:07:41.151759+07', 'f', NULL, NULL);
INSERT INTO "public"."main_user" VALUES ('8edbc0aa-0b91-480e-a428-23abf2109df9', 'tgtien852@gmail.com', 'tgtien852@gmail.com', '2002-03-29 00:00:00+07', '08b65a39-394f-4977-a5fa-3fe145b620f8', 'Tien', 'Truong Gia', '+8412365478', NULL, NULL, NULL, '2024-04-15 18:07:41.151759+07', 'f', 'f', 't', NULL, NULL, '2024-04-15 18:07:41.151759+07', '2024-04-15 18:07:41.151759+07', 'f', NULL, NULL);
INSERT INTO "public"."main_user" VALUES ('05dbdfde-1eae-47ba-8ebb-6c4cdc4f6510', 'dntien852@gmail.com', 'dntien852@gmail.com', '2002-03-29 00:00:00+07', NULL, 'Tien', 'Dang Ngoc', '+8412365478', NULL, NULL, NULL, '2024-04-15 18:07:41.151759+07', 'f', 'f', 't', NULL, NULL, '2024-04-15 18:07:41.151759+07', '2024-04-15 18:07:41.151759+07', 'f', NULL, NULL);
INSERT INTO "public"."main_user" VALUES ('64412e27-169e-44ea-a101-74ebf8cb82d9', 'kayonkiu@gmail.com', 'kayonkiu@gmail.com', '2002-03-29 00:00:00+07', '08b65a39-394f-4977-a5fa-3fe145b620f8', 'Tien', 'Ngoc', '+8412365478', NULL, NULL, NULL, '2024-04-15 18:07:41.151759+07', 'f', 'f', 't', NULL, NULL, '2024-04-15 18:07:41.151759+07', '2024-04-15 18:07:41.151759+07', 'f', NULL, NULL);
INSERT INTO "public"."main_user" VALUES ('cb2c22ac-87de-44e4-9638-35979f6af667', 'duongchithong2002@gmail.com', 'duongchithong2002@gmail.com', '2002-03-29 00:00:00+07', '08b65a39-394f-4977-a5fa-3fe145b620f8', 'Dương', 'Chí Thông', '+8412365478', NULL, NULL, NULL, '2024-04-15 18:07:41.151759+07', 'f', 'f', 't', NULL, NULL, '2024-04-15 18:07:41.151759+07', '2024-04-15 18:07:41.151759+07', 'f', NULL, NULL);
INSERT INTO "public"."main_user" VALUES ('2d7ed5a0-fb21-4927-9a25-647c17d29668', 'dntienes@gmail.com', 'dntienes@gmail.com', '2002-03-29 00:00:00+07', '08b65a39-394f-4977-a5fa-3fe145b620f8', 'Tiến', 'Đặng Ngọc', '+8412365478', NULL, NULL, NULL, '2024-04-15 18:07:41.151759+07', 'f', 'f', 't', NULL, NULL, '2024-04-15 18:07:41.151759+07', '2024-04-15 18:07:41.151759+07', 'f', NULL, NULL);
INSERT INTO "public"."main_user" VALUES ('2d3c1e66-1835-457f-93e9-265fe483feee', 'dt.ngocthw@gmail.com', 'dt.ngocthw@gmail.com', '2002-03-29 00:00:00+07', '08b65a39-394f-4977-a5fa-3fe145b620f8', 'Thư', 'Ngọc', '+8412365478', NULL, NULL, NULL, '2024-04-15 18:07:41.151759+07', 'f', 'f', 't', NULL, NULL, '2024-04-15 18:07:41.151759+07', '2024-04-15 18:07:41.151759+07', 'f', NULL, NULL);
INSERT INTO "public"."main_user" VALUES ('ca3040f2-e173-40a5-aab7-6ef15965ce43', 'truonggiatien123@gmail.com', 'truonggiatien123@gmail.com', '2002-03-29 00:00:00+07', '08b65a39-394f-4977-a5fa-3fe145b620f8', 'Trương', 'Gia Tiến', '+8412365478', NULL, NULL, NULL, '2024-04-15 18:07:41.151759+07', 'f', 'f', 't', NULL, NULL, '2024-04-15 18:07:41.151759+07', '2024-04-15 18:07:41.151759+07', 'f', NULL, NULL);
INSERT INTO "public"."main_user" VALUES ('1e327a63-b0d6-476f-bb99-8c594560f971', 'truonggiatien456@gmail.com', 'truonggiatien456@gmail.com', '2002-03-29 00:00:00+07', 'cb69c0bf-c454-4f15-be10-791f6749dac7', 'Trương', 'Gia Tiến', '+8412365478', NULL, NULL, NULL, '2024-04-15 18:07:41.151759+07', 'f', 'f', 't', NULL, NULL, '2024-04-15 18:07:41.151759+07', '2024-04-15 18:07:41.151759+07', 'f', NULL, NULL);
INSERT INTO "public"."main_user" VALUES ('a9f5487e-c0b1-4fa4-b93a-6f16bde90583', 'ktpm4t@gmail.com', 'ktpm4t@gmail.com', '2024-08-04 14:16:28+07', '08b65a39-394f-4977-a5fa-3fe145b620f8', 'giáo', 'vien', '+8412365478', NULL, 'http://62.171.185.208:8081/theme/image.php?theme=classic&component=core&image=u%2Ff1', NULL, '2024-04-15 18:07:41.151759+07', 'f', 'f', 't', NULL, NULL, '2024-04-15 18:07:41.151759+07', '2024-08-04 14:16:29.763289+07', 'f', NULL, NULL);
INSERT INTO "public"."main_user" VALUES ('a4cd3cac-3b49-4b36-93e7-13fbb14ce76f', 'kaitokid23454@gmail.com', 'kaitokid2002', NULL, '08b65a39-394f-4977-a5fa-3fe145b620f8', 'Mai', 'Tô Kiệt', NULL, NULL, NULL, NULL, '2024-08-04 14:16:29.729087+07', 'f', 'f', NULL, NULL, NULL, '2024-08-04 14:16:29.729087+07', '2024-08-04 14:16:29.729087+07', 'f', NULL, NULL);
INSERT INTO "public"."main_user" VALUES ('8cbf0aa4-f707-4cd3-8258-0c72f8fb4db0', 'haiduong@gmail.com', 'pamela', NULL, '08b65a39-394f-4977-a5fa-3fe145b620f8', 'Pam', 'Hải Đường', NULL, NULL, NULL, NULL, '2024-08-04 14:16:29.978689+07', 'f', 'f', NULL, NULL, NULL, '2024-08-04 14:16:29.978689+07', '2024-08-04 14:16:29.978689+07', 'f', NULL, NULL);
INSERT INTO "public"."main_user" VALUES ('ad3c4eb3-8ddb-45a0-9df2-d6ec5d14fbbc', 'hailong@gmail.com', 'hailong', NULL, '08b65a39-394f-4977-a5fa-3fe145b620f8', 'Hải', 'Long', NULL, NULL, NULL, NULL, '2024-08-04 14:16:29.729087+07', 'f', 'f', NULL, NULL, NULL, '2024-08-04 14:16:29.729087+07', '2024-08-04 14:16:29.729087+07', 'f', NULL, NULL);
INSERT INTO "public"."main_user" VALUES ('87031f89-d9b0-449f-84f4-c9b6dff15a9a', 'Huydtw@gmail.com', 'builequanghuy', NULL, '08b65a39-394f-4977-a5fa-3fe145b620f8', 'Bùi Lê Quang', 'Huy', NULL, NULL, NULL, NULL, '2024-08-04 14:16:34.881041+07', 'f', 'f', NULL, NULL, NULL, '2024-08-04 14:16:34.881041+07', '2024-08-04 14:16:34.881041+07', 'f', NULL, NULL);
INSERT INTO "public"."main_user" VALUES ('444bbc7d-86f8-4258-9429-e73ce69a9e41', 'kimngan@gmail.com', 'kimngan', NULL, '08b65a39-394f-4977-a5fa-3fe145b620f8', 'Hoàng', 'Kim Ngân', NULL, NULL, NULL, NULL, '2024-08-04 14:16:34.99167+07', 'f', 'f', NULL, NULL, NULL, '2024-08-04 14:16:34.99167+07', '2024-08-04 14:16:34.99167+07', 'f', NULL, NULL);
INSERT INTO "public"."main_user" VALUES ('853b8f16-20c9-42e9-a04d-daa0237823ca', '20127574@student.hcmus.edu.vn', '20127574', NULL, '08b65a39-394f-4977-a5fa-3fe145b620f8', 'Hoàng Phước Gia', 'Nguyên', NULL, NULL, NULL, NULL, '2024-08-04 14:16:35.049474+07', 'f', 'f', NULL, NULL, NULL, '2024-08-04 14:16:35.049474+07', '2024-08-04 14:16:35.049474+07', 'f', NULL, NULL);
INSERT INTO "public"."main_user" VALUES ('c2f39b5b-6aeb-4b82-8541-d25920314339', '20127447@student.hcmus.edu.vn', '20127447', NULL, '08b65a39-394f-4977-a5fa-3fe145b620f8', 'Ngô', 'Đức Bảo', NULL, NULL, NULL, NULL, '2024-08-04 14:16:36.935411+07', 'f', 'f', NULL, NULL, NULL, '2024-08-04 14:16:36.935411+07', '2024-08-04 14:16:36.935411+07', 'f', NULL, NULL);
INSERT INTO "public"."main_user" VALUES ('fcf62145-e196-4777-a201-77f6693810c4', '20127597@student.hcmus.edu.vn', '20127597', NULL, '08b65a39-394f-4977-a5fa-3fe145b620f8', 'Bùi Tấn', 'Phương', NULL, NULL, NULL, NULL, '2024-08-04 14:16:36.885182+07', 'f', 'f', NULL, NULL, NULL, '2024-08-04 14:16:36.885182+07', '2024-08-04 14:16:36.885182+07', 'f', NULL, NULL);
INSERT INTO "public"."main_user" VALUES ('baddeb10-3f99-4843-859c-50cc51659153', '20127281@student.hcmus.edu.vn', '20127281', NULL, '08b65a39-394f-4977-a5fa-3fe145b620f8', 'Lê Đình', 'Phúc', NULL, NULL, NULL, NULL, '2024-08-04 14:16:37.058362+07', 'f', 'f', NULL, NULL, NULL, '2024-08-04 14:16:37.058362+07', '2024-08-04 14:16:37.058362+07', 'f', NULL, NULL);
INSERT INTO "public"."main_user" VALUES ('994ebe5b-db43-4cd3-a1ee-693c2ef681ef', '20127329@student.hcmus.edu.vn', '20127329', NULL, '08b65a39-394f-4977-a5fa-3fe145b620f8', 'Bùi', 'Quang Thành', NULL, NULL, NULL, NULL, '2024-08-04 14:16:38.488173+07', 'f', 'f', NULL, NULL, NULL, '2024-08-04 14:16:38.488173+07', '2024-08-04 14:16:38.488173+07', 'f', NULL, NULL);
INSERT INTO "public"."main_user" VALUES ('87076e41-40fd-4832-bbbc-1e5211878264', '20127161@student.hcmus.edu.vn', '20127161', NULL, '08b65a39-394f-4977-a5fa-3fe145b620f8', 'Bùi Thị Thanh', 'Hoa', NULL, NULL, NULL, NULL, '2024-08-04 14:16:38.653302+07', 'f', 'f', NULL, NULL, NULL, '2024-08-04 14:16:38.653302+07', '2024-08-04 14:16:38.653302+07', 'f', NULL, NULL);
INSERT INTO "public"."main_user" VALUES ('2df936cc-f04a-4269-85ca-5dcf8099e184', 'ltphat20@clc.fitus.edu.vn', 'ltphat', NULL, '08b65a39-394f-4977-a5fa-3fe145b620f8', 'Lưu Tấn', 'Phát', NULL, NULL, NULL, NULL, '2024-08-04 14:16:38.665631+07', 'f', 'f', NULL, NULL, NULL, '2024-08-04 14:16:38.665631+07', '2024-08-04 14:16:38.665631+07', 'f', NULL, NULL);
INSERT INTO "public"."main_user" VALUES ('2d5137ae-9d77-4a12-94ea-fda383a8db10', '20127291@student.hcmus.edu.vn', '20127291', NULL, '08b65a39-394f-4977-a5fa-3fe145b620f8', 'Lâm Quang Anh', 'Quân', NULL, NULL, NULL, NULL, '2024-08-04 14:16:39.187652+07', 'f', 'f', NULL, NULL, NULL, '2024-08-04 14:16:39.187652+07', '2024-08-04 14:16:39.187652+07', 'f', NULL, NULL);
INSERT INTO "public"."main_user" VALUES ('4526d150-cfcf-4b04-ab54-12789b788829', 'nlhdung@fit.hcmus.edu.vn', 'nglhdung', NULL, '08b65a39-394f-4977-a5fa-3fe145b620f8', 'Nguyễn Lê Hoàng', 'Dũng', NULL, NULL, NULL, NULL, '2024-08-04 14:16:40.095798+07', 'f', 'f', NULL, NULL, NULL, '2024-08-04 14:16:40.095798+07', '2024-08-04 14:16:40.095798+07', 'f', NULL, NULL);
INSERT INTO "public"."main_user" VALUES ('b887e221-2edd-4a37-9b65-209c92b8997d', '20127116@student.hcmus.edu.vn', '20127116', NULL, '08b65a39-394f-4977-a5fa-3fe145b620f8', 'Nguyễn Gia', 'Bảo', NULL, NULL, NULL, NULL, '2024-08-04 14:16:40.058185+07', 'f', 'f', NULL, NULL, NULL, '2024-08-04 14:16:40.058185+07', '2024-08-04 14:16:40.058185+07', 'f', NULL, NULL);
INSERT INTO "public"."main_user" VALUES ('9e9e9485-bbad-4aa4-9e2d-f8362dbbbba1', '20127275@student.hcmus.edu.vn', '20127275', NULL, '08b65a39-394f-4977-a5fa-3fe145b620f8', 'Lê Nhất', 'Duy', NULL, NULL, NULL, NULL, '2024-08-04 14:16:40.745007+07', 'f', 'f', NULL, NULL, NULL, '2024-08-04 14:16:40.745007+07', '2024-08-04 14:16:40.745007+07', 'f', NULL, NULL);
INSERT INTO "public"."main_user" VALUES ('ee83822a-75aa-4b08-8772-c2cd40443532', '20127043@student.hcmus.edu.vn', '20127043', NULL, '08b65a39-394f-4977-a5fa-3fe145b620f8', 'Nguyễn Thoại Đăng', 'Khoa', NULL, NULL, NULL, NULL, '2024-08-04 14:16:41.091305+07', 'f', 'f', NULL, NULL, NULL, '2024-08-04 14:16:41.091305+07', '2024-08-04 14:16:41.091305+07', 'f', NULL, NULL);
INSERT INTO "public"."main_user" VALUES ('2c4e42ab-be60-439f-95dc-28ccd7c75411', '20127666@student.hcmus.edu.vn', '20127666', NULL, '08b65a39-394f-4977-a5fa-3fe145b620f8', 'Huỳnh Tấn', 'Vinh', NULL, NULL, NULL, NULL, '2024-08-04 14:16:41.119418+07', 'f', 'f', NULL, NULL, NULL, '2024-08-04 14:16:41.119418+07', '2024-08-04 14:16:41.119418+07', 'f', NULL, NULL);
INSERT INTO "public"."main_user" VALUES ('4a182d8b-a553-455c-8485-f834da6de4e9', '20127252@student.hcmus.edu.vn', '20127252', NULL, '08b65a39-394f-4977-a5fa-3fe145b620f8', 'Ngô Gia', 'Ngân', NULL, NULL, NULL, NULL, '2024-08-04 14:16:41.970672+07', 'f', 'f', NULL, NULL, NULL, '2024-08-04 14:16:41.970672+07', '2024-08-04 14:16:41.970672+07', 'f', NULL, NULL);
INSERT INTO "public"."main_user" VALUES ('205b0afa-3efa-4bdf-9bc0-3f6449ff5c1a', '20127358@student.hcmus.edu.vn', '20127358', NULL, '08b65a39-394f-4977-a5fa-3fe145b620f8', 'Lê Châu', 'Toàn', NULL, NULL, NULL, NULL, '2024-08-04 14:16:42.293012+07', 'f', 'f', NULL, NULL, NULL, '2024-08-04 14:16:42.293012+07', '2024-08-04 14:16:42.293012+07', 'f', NULL, NULL);
INSERT INTO "public"."main_user" VALUES ('097ad133-9434-44d0-ad2f-16db49f0be9c', '20127064@student.hcmus.edu.vn', '20127064', NULL, '08b65a39-394f-4977-a5fa-3fe145b620f8', 'Nguyễn Trần Mai', 'Phương', NULL, NULL, NULL, NULL, '2024-08-04 14:16:42.351046+07', 'f', 'f', NULL, NULL, NULL, '2024-08-04 14:16:42.351046+07', '2024-08-04 14:16:42.351046+07', 'f', NULL, NULL);
INSERT INTO "public"."main_user" VALUES ('0bea60a7-9789-42bb-a217-22d142cf3b1b', '20127334@student.hcmus.edu.vn', '20127334', NULL, '08b65a39-394f-4977-a5fa-3fe145b620f8', 'Nguyễn Phát', 'Thịnh', NULL, NULL, NULL, NULL, '2024-08-04 14:16:42.906738+07', 'f', 'f', NULL, NULL, NULL, '2024-08-04 14:16:42.906738+07', '2024-08-04 14:16:42.906738+07', 'f', NULL, NULL);
INSERT INTO "public"."main_user" VALUES ('db95956f-786e-46c7-87c1-ad5ebaacf355', '20127090@student.hcmus.edu.vn', '20127090', NULL, '08b65a39-394f-4977-a5fa-3fe145b620f8', 'Lê Thanh', 'Tú', NULL, NULL, NULL, NULL, '2024-08-04 14:16:43.178329+07', 'f', 'f', NULL, NULL, NULL, '2024-08-04 14:16:43.178329+07', '2024-08-04 14:16:43.178329+07', 'f', NULL, NULL);
INSERT INTO "public"."main_user" VALUES ('fff06898-5361-4464-9e75-8b1435e46d15', '20127318@student.hcmus.edu.vn', '20127318', NULL, '08b65a39-394f-4977-a5fa-3fe145b620f8', 'Phan Trí', 'Tài', NULL, NULL, NULL, NULL, '2024-08-04 14:16:43.26715+07', 'f', 'f', NULL, NULL, NULL, '2024-08-04 14:16:43.26715+07', '2024-08-04 14:16:43.26715+07', 'f', NULL, NULL);
INSERT INTO "public"."main_user" VALUES ('ffed4ce4-53b7-497e-a449-e3dee93aec1d', '20127069@student.hcmus.edu.vn', '20127069', NULL, '08b65a39-394f-4977-a5fa-3fe145b620f8', 'Nguyễn Sanh', 'Tài', NULL, NULL, NULL, NULL, '2024-08-04 14:16:44.564654+07', 'f', 'f', NULL, NULL, NULL, '2024-08-04 14:16:44.564654+07', '2024-08-04 14:16:44.564654+07', 'f', NULL, NULL);
INSERT INTO "public"."main_user" VALUES ('182709ef-635b-40a4-9ccd-774dd39b380f', '20120052@student.hcmus.edu.vn', '20120052', NULL, '08b65a39-394f-4977-a5fa-3fe145b620f8', 'Lê Đức', 'Đạt', NULL, NULL, NULL, NULL, '2024-08-04 14:16:45.244334+07', 'f', 'f', NULL, NULL, NULL, '2024-08-04 14:16:45.244334+07', '2024-08-04 14:16:45.244334+07', 'f', NULL, NULL);
INSERT INTO "public"."main_user" VALUES ('e45e5e33-d62e-47cb-9d54-cee790fc6b5f', '20127323@student.hcmus.edu.vn', '20127323', NULL, '08b65a39-394f-4977-a5fa-3fe145b620f8', 'Võ Nhật', 'Tân', NULL, NULL, NULL, NULL, '2024-08-04 14:16:45.64748+07', 'f', 'f', NULL, NULL, NULL, '2024-08-04 14:16:45.64748+07', '2024-08-04 14:16:45.64748+07', 'f', NULL, NULL);
INSERT INTO "public"."main_user" VALUES ('06ccbc31-e870-41c9-9293-b54aef58de21', '20127573@student.hcmus.edu.vn', '20127573', NULL, '08b65a39-394f-4977-a5fa-3fe145b620f8', 'Nguyễn Thị Hồng', 'Ngọc', NULL, NULL, NULL, NULL, '2024-08-04 14:16:47.060493+07', 'f', 'f', NULL, NULL, NULL, '2024-08-04 14:16:47.060493+07', '2024-08-04 14:16:47.060493+07', 'f', NULL, NULL);
INSERT INTO "public"."main_user" VALUES ('62973440-0374-4c2c-a49b-b771b7640912', 'tmhieu2024@gmail.com', 'tmhieu', NULL, '08b65a39-394f-4977-a5fa-3fe145b620f8', 'Hiếu', 'Trần Minh', NULL, NULL, NULL, NULL, '2024-08-04 14:16:49.060483+07', 'f', 'f', NULL, NULL, NULL, '2024-08-04 14:16:49.060483+07', '2024-08-04 14:16:49.060483+07', 'f', NULL, NULL);
INSERT INTO "public"."main_user" VALUES ('58b79c83-ba88-430b-a9c9-d549d43b3600', '20127633@student.hcmus.edu.vn', '20127633', NULL, '08b65a39-394f-4977-a5fa-3fe145b620f8', 'Nguyễn Hoàng', 'Thịnh', NULL, NULL, NULL, NULL, '2024-08-04 14:16:49.317359+07', 'f', 'f', NULL, NULL, NULL, '2024-08-04 14:16:49.317359+07', '2024-08-04 14:16:49.317359+07', 'f', NULL, NULL);
INSERT INTO "public"."main_user" VALUES ('a1845f87-cece-4cb0-91c7-7bd68f439063', '20127143@student.hcmus.edu.vn', '20127143', NULL, '08b65a39-394f-4977-a5fa-3fe145b620f8', 'Phạm Giang Thái', 'Dương', NULL, NULL, NULL, NULL, '2024-08-04 14:16:49.876702+07', 'f', 'f', NULL, NULL, NULL, '2024-08-04 14:16:49.876702+07', '2024-08-04 14:16:49.876702+07', 'f', NULL, NULL);
INSERT INTO "public"."main_user" VALUES ('c2efd8b2-7ab2-45b8-b7c9-425ac7d36b56', '20127644@student.hcmus.edu.vn', '20127644', NULL, '08b65a39-394f-4977-a5fa-3fe145b620f8', 'Nguyễn Khắc', 'Tiệp', NULL, NULL, NULL, NULL, '2024-08-04 14:16:50.6918+07', 'f', 'f', NULL, NULL, NULL, '2024-08-04 14:16:50.6918+07', '2024-08-04 14:16:50.6918+07', 'f', NULL, NULL);
INSERT INTO "public"."main_user" VALUES ('6c44fd5e-560d-4b8a-9d61-03c3e66872ef', '20127607@student.hcmus.edu.vn', '20127607', NULL, '08b65a39-394f-4977-a5fa-3fe145b620f8', 'Phạm Việt', 'Quang', NULL, NULL, NULL, NULL, '2024-08-04 14:16:51.10959+07', 'f', 'f', NULL, NULL, NULL, '2024-08-04 14:16:51.10959+07', '2024-08-04 14:16:51.10959+07', 'f', NULL, NULL);
INSERT INTO "public"."main_user" VALUES ('d7c3523c-d595-44f0-ad72-ddf8ae299cbb', '20127456@student.hcmus.edu.vn', '20127456', NULL, '08b65a39-394f-4977-a5fa-3fe145b620f8', 'Nguyễn Mạnh', 'Cường', NULL, NULL, NULL, NULL, '2024-08-04 14:16:51.877976+07', 'f', 'f', NULL, NULL, NULL, '2024-08-04 14:16:51.877976+07', '2024-08-04 14:16:51.877976+07', 'f', NULL, NULL);
INSERT INTO "public"."main_user" VALUES ('d2befc26-a318-4ae1-a1c6-c71dd7e7d79d', '20127277@student.hcmus.edu.vn', '20127277', NULL, '08b65a39-394f-4977-a5fa-3fe145b620f8', 'Nguyễn Triệu', 'Phú', NULL, NULL, NULL, NULL, '2024-08-04 14:16:53.25256+07', 'f', 'f', NULL, NULL, NULL, '2024-08-04 14:16:53.25256+07', '2024-08-04 14:16:53.25256+07', 'f', NULL, NULL);
INSERT INTO "public"."main_user" VALUES ('dd81de86-7f96-482a-b967-2e8e4cd9d910', '20127595@student.hcmus.edu.vn', '20127595', NULL, '08b65a39-394f-4977-a5fa-3fe145b620f8', 'Nguyễn Trọng', 'Phúc', NULL, NULL, NULL, NULL, '2024-08-04 14:16:54.576053+07', 'f', 'f', NULL, NULL, NULL, '2024-08-04 14:16:54.576053+07', '2024-08-04 14:16:54.576053+07', 'f', NULL, NULL);
INSERT INTO "public"."main_user" VALUES ('bfca2841-ee2c-4981-9c74-3ef605fc1c3d', '20127562@student.hcmus.edu.vn', '20127562', NULL, '08b65a39-394f-4977-a5fa-3fe145b620f8', 'Nguyễn Đăng', 'Minh', NULL, NULL, NULL, NULL, '2024-08-04 14:16:55.984442+07', 'f', 'f', NULL, NULL, NULL, '2024-08-04 14:16:55.984442+07', '2024-08-04 14:16:55.984442+07', 'f', NULL, NULL);
INSERT INTO "public"."main_user" VALUES ('e1ac8c3c-1c60-4c14-8143-84c3c8c66934', '20127681@student.hcmus.edu.vn', '20127681', NULL, '08b65a39-394f-4977-a5fa-3fe145b620f8', 'Nguyễn Thiên', 'Phúc', NULL, NULL, NULL, NULL, '2024-08-04 14:16:56.425782+07', 'f', 'f', NULL, NULL, NULL, '2024-08-04 14:16:56.425782+07', '2024-08-04 14:16:56.425782+07', 'f', NULL, NULL);
INSERT INTO "public"."main_user" VALUES ('588636d6-7193-4a2b-be5f-cafe112d3bf5', '20127569@student.hcmus.edu.vn', '20127569', NULL, '08b65a39-394f-4977-a5fa-3fe145b620f8', 'Tô Đình Phương', 'Nam', NULL, NULL, NULL, NULL, '2024-08-04 14:16:56.841916+07', 'f', 'f', NULL, NULL, NULL, '2024-08-04 14:16:56.841916+07', '2024-08-04 14:16:56.841916+07', 'f', NULL, NULL);
INSERT INTO "public"."main_user" VALUES ('7179898a-c353-4917-8dbd-62e10ea3249e', 'tmhung2024@gmail.com', 'tmhung', NULL, '08b65a39-394f-4977-a5fa-3fe145b620f8', 'Hùng', 'Trần Mạnh', NULL, NULL, NULL, NULL, '2024-08-04 14:16:57.431081+07', 'f', 'f', NULL, NULL, NULL, '2024-08-04 14:16:57.431081+07', '2024-08-04 14:16:57.431081+07', 'f', NULL, NULL);
INSERT INTO "public"."main_user" VALUES ('730f379c-986b-4274-8b88-3e90e5bbba25', '20127556@student.hcmus.edu.vn', '20127556', NULL, '08b65a39-394f-4977-a5fa-3fe145b620f8', 'Tăng Kim', 'Long', NULL, NULL, NULL, NULL, '2024-08-04 14:16:52.555838+07', 'f', 'f', NULL, NULL, NULL, '2024-08-04 14:16:52.555838+07', '2024-08-04 14:16:52.555838+07', 'f', NULL, NULL);
INSERT INTO "public"."main_user" VALUES ('75dd8ca8-14aa-4dbb-aac0-c16bcb1ef61f', '20127600@student.hcmus.edu.vn', 'nnpbao', NULL, '08b65a39-394f-4977-a5fa-3fe145b620f8', 'Bảo', 'Nguyễn Ngọc Phi', NULL, NULL, NULL, NULL, '2024-08-04 14:16:53.748625+07', 'f', 'f', NULL, NULL, NULL, '2024-08-04 14:16:53.748625+07', '2024-08-04 14:16:53.748625+07', 'f', NULL, NULL);
INSERT INTO "public"."main_user" VALUES ('2c5ab7ea-f37f-4917-bec2-202b20d25ff0', 'nttung2024@gmail.com', 'sontungmtp', NULL, '08b65a39-394f-4977-a5fa-3fe145b620f8', 'Tùng', 'Nguyễn Thanh', NULL, NULL, NULL, NULL, '2024-08-04 14:16:54.911483+07', 'f', 'f', NULL, NULL, NULL, '2024-08-04 14:16:54.911483+07', '2024-08-04 14:16:54.911483+07', 'f', NULL, NULL);

INSERT INTO public."role"
(id, description, name)
VALUES('350ab76e-5785-42b4-ac5c-1b9490f30038', NULL, 'admin'),
('9ba179ed-d26d-4828-a0f6-8836c2063992', NULL, 'user'),
('b04387d3-898f-402c-8f44-79611d6f3bee', NULL, 'student_moodle'),
('f705404f-5971-455e-9c34-93a0ce5b90b5', NULL, 'lecturer_moodle'),
('3ead3b08-afdd-442f-b544-fdbd86eaa186', NULL, 'admin_moodle');

INSERT INTO "public"."user_role" VALUES ('5991f22b-f530-4913-88f2-90319ee93a76', '9ba179ed-d26d-4828-a0f6-8836c2063992', 'b04387d3-898f-402c-8f44-79611d6f3bee');
INSERT INTO "public"."user_role" VALUES ('8afa567c-dd61-4ade-96b8-abc78d45875f', 'b029f559-52a8-4699-b595-71161498ed8c', '350ab76e-5785-42b4-ac5c-1b9490f30038');
INSERT INTO "public"."user_role" VALUES ('a2471ff5-508a-48c3-91d6-b109aa746099', '8edbc0aa-0b91-480e-a428-23abf2109df9', '3ead3b08-afdd-442f-b544-fdbd86eaa186');
INSERT INTO "public"."user_role" VALUES ('13050987-00d6-42fc-870e-a90f06f7f627', '9ba179ed-d26d-4828-a0f6-8836c2063992', '9ba179ed-d26d-4828-a0f6-8836c2063992');
INSERT INTO "public"."user_role" VALUES ('ffef89c5-2b73-4f9c-bb83-3fe99d980b8a', 'b029f559-52a8-4699-b595-71161498ed8c', '9ba179ed-d26d-4828-a0f6-8836c2063992');
INSERT INTO "public"."user_role" VALUES ('81195d13-f5d9-407f-965b-9bb42f70e7f8', '8c98e9e1-a9e7-49ee-b9fd-0cb5bd7814f7', '9ba179ed-d26d-4828-a0f6-8836c2063992');
INSERT INTO "public"."user_role" VALUES ('e7c82f19-c134-434d-9f5b-1344243b7b8e', '39328bcf-8af6-44fc-9ae9-247f953ee2a2', '9ba179ed-d26d-4828-a0f6-8836c2063992');
INSERT INTO "public"."user_role" VALUES ('45d4ef4e-b0cd-433c-a21f-3c3889a82e07', '8edbc0aa-0b91-480e-a428-23abf2109df9', '9ba179ed-d26d-4828-a0f6-8836c2063992');
INSERT INTO "public"."user_role" VALUES ('bc472603-137c-4187-b9bc-fdcb103e28d3', '05dbdfde-1eae-47ba-8ebb-6c4cdc4f6510', '9ba179ed-d26d-4828-a0f6-8836c2063992');
INSERT INTO "public"."user_role" VALUES ('7e674f22-76c6-474c-b0b5-c8efbc524e13', '64412e27-169e-44ea-a101-74ebf8cb82d9', '9ba179ed-d26d-4828-a0f6-8836c2063992');
INSERT INTO "public"."user_role" VALUES ('8ae760c2-cad7-460d-9a42-d581da1d0abf', '64412e27-169e-44ea-a101-74ebf8cb82d9', 'f705404f-5971-455e-9c34-93a0ce5b90b5');
INSERT INTO "public"."user_role" VALUES ('d547f452-1bb6-4937-bbf0-1a3599ead9f1', 'cb2c22ac-87de-44e4-9638-35979f6af667', '9ba179ed-d26d-4828-a0f6-8836c2063992');
INSERT INTO "public"."user_role" VALUES ('93e86824-14e9-49cd-9dc3-e9b68709359d', 'cb2c22ac-87de-44e4-9638-35979f6af667', 'b04387d3-898f-402c-8f44-79611d6f3bee');
INSERT INTO "public"."user_role" VALUES ('ba7786a1-3925-437d-b75d-dfcf80cee7ed', '2d7ed5a0-fb21-4927-9a25-647c17d29668', '9ba179ed-d26d-4828-a0f6-8836c2063992');
INSERT INTO "public"."user_role" VALUES ('bad8c925-6211-476a-9b0b-2cdd00715a34', '2d7ed5a0-fb21-4927-9a25-647c17d29668', 'b04387d3-898f-402c-8f44-79611d6f3bee');
INSERT INTO "public"."user_role" VALUES ('b102acbf-0214-426d-bd2c-8c18897aaa5e', '2d3c1e66-1835-457f-93e9-265fe483feee', '9ba179ed-d26d-4828-a0f6-8836c2063992');
INSERT INTO "public"."user_role" VALUES ('9e1c6dd6-03f1-4ae4-9a04-d06966181bfa', '2d3c1e66-1835-457f-93e9-265fe483feee', 'b04387d3-898f-402c-8f44-79611d6f3bee');
INSERT INTO "public"."user_role" VALUES ('95691943-85e3-45b6-a737-483232a43496', 'a9f5487e-c0b1-4fa4-b93a-6f16bde90583', '9ba179ed-d26d-4828-a0f6-8836c2063992');
INSERT INTO "public"."user_role" VALUES ('45483a8b-3663-4170-86bf-3b937bd2a2b5', 'a9f5487e-c0b1-4fa4-b93a-6f16bde90583', 'f705404f-5971-455e-9c34-93a0ce5b90b5');
INSERT INTO "public"."user_role" VALUES ('fccdb925-763e-460d-9426-2f299f1f4a76', 'ca3040f2-e173-40a5-aab7-6ef15965ce43', '9ba179ed-d26d-4828-a0f6-8836c2063992');
INSERT INTO "public"."user_role" VALUES ('cd2fca53-4ed5-4f41-a277-7558de2f2af5', 'ca3040f2-e173-40a5-aab7-6ef15965ce43', 'b04387d3-898f-402c-8f44-79611d6f3bee');
INSERT INTO "public"."user_role" VALUES ('1e327a63-b0d6-476f-bb99-8c594560f971', '1e327a63-b0d6-476f-bb99-8c594560f971', '9ba179ed-d26d-4828-a0f6-8836c2063992');
INSERT INTO "public"."user_role" VALUES ('c2752dbe-99c5-40d2-b5eb-8cd29e87eed4', '1e327a63-b0d6-476f-bb99-8c594560f971', '3ead3b08-afdd-442f-b544-fdbd86eaa186');
INSERT INTO "public"."user_role" VALUES ('1344b2d6-6e6c-4779-8edd-5fe43c404c71', 'a4cd3cac-3b49-4b36-93e7-13fbb14ce76f', '9ba179ed-d26d-4828-a0f6-8836c2063992');
INSERT INTO "public"."user_role" VALUES ('9acc0fca-880c-4999-a9f5-eb5d963ccb0e', 'a4cd3cac-3b49-4b36-93e7-13fbb14ce76f', 'b04387d3-898f-402c-8f44-79611d6f3bee');
INSERT INTO "public"."user_role" VALUES ('b2b16e13-9a34-46c2-9baf-5a16c4672f9c', '8cbf0aa4-f707-4cd3-8258-0c72f8fb4db0', '9ba179ed-d26d-4828-a0f6-8836c2063992');
INSERT INTO "public"."user_role" VALUES ('85a01850-2598-49dc-b8ea-adb75240825d', '8cbf0aa4-f707-4cd3-8258-0c72f8fb4db0', 'b04387d3-898f-402c-8f44-79611d6f3bee');
INSERT INTO "public"."user_role" VALUES ('f94f0bcb-9d55-4bac-a4e3-c30285e25b47', 'ad3c4eb3-8ddb-45a0-9df2-d6ec5d14fbbc', '9ba179ed-d26d-4828-a0f6-8836c2063992');
INSERT INTO "public"."user_role" VALUES ('9d1ae3ad-35f0-4204-a327-1f717101ca92', 'ad3c4eb3-8ddb-45a0-9df2-d6ec5d14fbbc', 'b04387d3-898f-402c-8f44-79611d6f3bee');
INSERT INTO "public"."user_role" VALUES ('539d18bc-f301-4045-ab8b-250fcbcd156b', '87031f89-d9b0-449f-84f4-c9b6dff15a9a', '9ba179ed-d26d-4828-a0f6-8836c2063992');
INSERT INTO "public"."user_role" VALUES ('666525d3-fcd3-42b8-b30b-d80af2eef9ee', '87031f89-d9b0-449f-84f4-c9b6dff15a9a', 'f705404f-5971-455e-9c34-93a0ce5b90b5');
INSERT INTO "public"."user_role" VALUES ('fbf7df6c-e86a-42ee-af2f-c97b5c3b42b9', '444bbc7d-86f8-4258-9429-e73ce69a9e41', '9ba179ed-d26d-4828-a0f6-8836c2063992');
INSERT INTO "public"."user_role" VALUES ('39f2da5d-3c77-4121-969e-b39c822b097b', '444bbc7d-86f8-4258-9429-e73ce69a9e41', 'f705404f-5971-455e-9c34-93a0ce5b90b5');
INSERT INTO "public"."user_role" VALUES ('c944dadf-a7ff-4e4e-9ff6-3615509a487b', '853b8f16-20c9-42e9-a04d-daa0237823ca', '9ba179ed-d26d-4828-a0f6-8836c2063992');
INSERT INTO "public"."user_role" VALUES ('63280a6a-9350-4885-a54b-4871025fb22e', '853b8f16-20c9-42e9-a04d-daa0237823ca', 'b04387d3-898f-402c-8f44-79611d6f3bee');
INSERT INTO "public"."user_role" VALUES ('94913a2c-1c1c-4bae-9df0-af90f5de2ffb', 'c2f39b5b-6aeb-4b82-8541-d25920314339', '9ba179ed-d26d-4828-a0f6-8836c2063992');
INSERT INTO "public"."user_role" VALUES ('b5f1e9cc-cb6c-4a2a-adc7-e9ec3cad4101', 'c2f39b5b-6aeb-4b82-8541-d25920314339', 'b04387d3-898f-402c-8f44-79611d6f3bee');
INSERT INTO "public"."user_role" VALUES ('6d3573ff-d6ac-47c0-89e1-da71575ff4b2', 'fcf62145-e196-4777-a201-77f6693810c4', '9ba179ed-d26d-4828-a0f6-8836c2063992');
INSERT INTO "public"."user_role" VALUES ('23973fb2-c415-4835-9e27-1606698b54eb', 'fcf62145-e196-4777-a201-77f6693810c4', 'b04387d3-898f-402c-8f44-79611d6f3bee');
INSERT INTO "public"."user_role" VALUES ('e71beb41-5b50-42f9-95cf-c13efdf0d884', 'baddeb10-3f99-4843-859c-50cc51659153', '9ba179ed-d26d-4828-a0f6-8836c2063992');
INSERT INTO "public"."user_role" VALUES ('51523b6e-72bd-4079-9840-ea17556466a7', 'baddeb10-3f99-4843-859c-50cc51659153', 'b04387d3-898f-402c-8f44-79611d6f3bee');
INSERT INTO "public"."user_role" VALUES ('c5a1c4a5-cac2-4f79-ac64-103e77670f4e', '994ebe5b-db43-4cd3-a1ee-693c2ef681ef', '9ba179ed-d26d-4828-a0f6-8836c2063992');
INSERT INTO "public"."user_role" VALUES ('ea07c8a0-53f4-4d21-b614-dc495ef12006', '994ebe5b-db43-4cd3-a1ee-693c2ef681ef', 'b04387d3-898f-402c-8f44-79611d6f3bee');
INSERT INTO "public"."user_role" VALUES ('8e333e85-45ec-4ba8-8fa2-03f78348c93f', '2df936cc-f04a-4269-85ca-5dcf8099e184', '9ba179ed-d26d-4828-a0f6-8836c2063992');
INSERT INTO "public"."user_role" VALUES ('88e61509-c7e3-4a8e-b0d0-7ab44cd94d10', '2df936cc-f04a-4269-85ca-5dcf8099e184', 'f705404f-5971-455e-9c34-93a0ce5b90b5');
INSERT INTO "public"."user_role" VALUES ('712c846f-4f3a-4848-8d21-b4656fd3eafc', '87076e41-40fd-4832-bbbc-1e5211878264', '9ba179ed-d26d-4828-a0f6-8836c2063992');
INSERT INTO "public"."user_role" VALUES ('08c4cc6e-49f8-4430-b6f2-908f83885879', '87076e41-40fd-4832-bbbc-1e5211878264', 'b04387d3-898f-402c-8f44-79611d6f3bee');
INSERT INTO "public"."user_role" VALUES ('010fe356-311e-4217-b188-8cedfdb43ff8', '2d5137ae-9d77-4a12-94ea-fda383a8db10', '9ba179ed-d26d-4828-a0f6-8836c2063992');
INSERT INTO "public"."user_role" VALUES ('d0d24a30-f6f8-4f44-bfc7-e917da07d068', '2d5137ae-9d77-4a12-94ea-fda383a8db10', 'b04387d3-898f-402c-8f44-79611d6f3bee');
INSERT INTO "public"."user_role" VALUES ('d4a02e4b-0289-4f03-bd20-85eae6521d63', 'b887e221-2edd-4a37-9b65-209c92b8997d', '9ba179ed-d26d-4828-a0f6-8836c2063992');
INSERT INTO "public"."user_role" VALUES ('9385cdcc-6b27-4f3c-ad71-919a7c445f97', 'b887e221-2edd-4a37-9b65-209c92b8997d', 'b04387d3-898f-402c-8f44-79611d6f3bee');
INSERT INTO "public"."user_role" VALUES ('71e8beda-1ec3-467e-be94-cb7a2e002077', '4526d150-cfcf-4b04-ab54-12789b788829', '9ba179ed-d26d-4828-a0f6-8836c2063992');
INSERT INTO "public"."user_role" VALUES ('aebaa3fe-e447-4b4a-9f72-eb8a13b77aee', '4526d150-cfcf-4b04-ab54-12789b788829', 'f705404f-5971-455e-9c34-93a0ce5b90b5');
INSERT INTO "public"."user_role" VALUES ('1a41798c-a65c-4004-836e-72c5e086787a', '9e9e9485-bbad-4aa4-9e2d-f8362dbbbba1', '9ba179ed-d26d-4828-a0f6-8836c2063992');
INSERT INTO "public"."user_role" VALUES ('e1d04409-bff8-4fe8-a3d5-483b7b2ce27b', '9e9e9485-bbad-4aa4-9e2d-f8362dbbbba1', 'b04387d3-898f-402c-8f44-79611d6f3bee');
INSERT INTO "public"."user_role" VALUES ('91ba66c2-dd8c-41d7-9361-8ddad5b73553', '2c4e42ab-be60-439f-95dc-28ccd7c75411', '9ba179ed-d26d-4828-a0f6-8836c2063992');
INSERT INTO "public"."user_role" VALUES ('864b921b-f171-498c-b32b-decaf5508dfb', '2c4e42ab-be60-439f-95dc-28ccd7c75411', 'b04387d3-898f-402c-8f44-79611d6f3bee');
INSERT INTO "public"."user_role" VALUES ('1ecd35b0-5c64-439d-b371-094002428bd7', 'ee83822a-75aa-4b08-8772-c2cd40443532', '9ba179ed-d26d-4828-a0f6-8836c2063992');
INSERT INTO "public"."user_role" VALUES ('9127191a-0ec9-426b-b231-bba9fe817f52', 'ee83822a-75aa-4b08-8772-c2cd40443532', 'b04387d3-898f-402c-8f44-79611d6f3bee');
INSERT INTO "public"."user_role" VALUES ('3ed6ec50-2b06-44f2-b904-6d9ff04faba2', '4a182d8b-a553-455c-8485-f834da6de4e9', '9ba179ed-d26d-4828-a0f6-8836c2063992');
INSERT INTO "public"."user_role" VALUES ('1c396bf8-084b-49ae-874c-f90fec144ed8', '4a182d8b-a553-455c-8485-f834da6de4e9', 'b04387d3-898f-402c-8f44-79611d6f3bee');
INSERT INTO "public"."user_role" VALUES ('6d3d8d6a-3aa9-45e1-a5cf-e56ab0e01627', '205b0afa-3efa-4bdf-9bc0-3f6449ff5c1a', '9ba179ed-d26d-4828-a0f6-8836c2063992');
INSERT INTO "public"."user_role" VALUES ('7f2eac17-efcb-4b16-a012-6b2dda02d3b9', '205b0afa-3efa-4bdf-9bc0-3f6449ff5c1a', 'b04387d3-898f-402c-8f44-79611d6f3bee');
INSERT INTO "public"."user_role" VALUES ('9bf93670-f77a-4830-b338-1eff6dcd7c0d', '097ad133-9434-44d0-ad2f-16db49f0be9c', '9ba179ed-d26d-4828-a0f6-8836c2063992');
INSERT INTO "public"."user_role" VALUES ('ba65c5c9-e595-4082-95da-6621e83055cb', '097ad133-9434-44d0-ad2f-16db49f0be9c', 'b04387d3-898f-402c-8f44-79611d6f3bee');
INSERT INTO "public"."user_role" VALUES ('0cb9e2aa-e60c-4315-af79-86981eb35c64', '0bea60a7-9789-42bb-a217-22d142cf3b1b', '9ba179ed-d26d-4828-a0f6-8836c2063992');
INSERT INTO "public"."user_role" VALUES ('f7e0e19e-9c86-4132-892b-3d28af6834a2', '0bea60a7-9789-42bb-a217-22d142cf3b1b', 'b04387d3-898f-402c-8f44-79611d6f3bee');
INSERT INTO "public"."user_role" VALUES ('50f9e55c-851a-4ea3-b0cd-ccff67e7bb95', 'db95956f-786e-46c7-87c1-ad5ebaacf355', '9ba179ed-d26d-4828-a0f6-8836c2063992');
INSERT INTO "public"."user_role" VALUES ('c9bcb28b-8550-4a82-913e-26ae26f4e524', 'db95956f-786e-46c7-87c1-ad5ebaacf355', 'b04387d3-898f-402c-8f44-79611d6f3bee');
INSERT INTO "public"."user_role" VALUES ('611b024e-1f3e-4a66-8e0c-e0b985e3c00f', 'fff06898-5361-4464-9e75-8b1435e46d15', '9ba179ed-d26d-4828-a0f6-8836c2063992');
INSERT INTO "public"."user_role" VALUES ('3d849ec6-2652-4581-bbdb-df060a1cf652', 'fff06898-5361-4464-9e75-8b1435e46d15', 'b04387d3-898f-402c-8f44-79611d6f3bee');
INSERT INTO "public"."user_role" VALUES ('423ca265-036c-40ba-aa95-390388dceb18', 'ffed4ce4-53b7-497e-a449-e3dee93aec1d', '9ba179ed-d26d-4828-a0f6-8836c2063992');
INSERT INTO "public"."user_role" VALUES ('e13e250f-4de3-47d4-83f1-9021ec5d9324', 'ffed4ce4-53b7-497e-a449-e3dee93aec1d', 'b04387d3-898f-402c-8f44-79611d6f3bee');
INSERT INTO "public"."user_role" VALUES ('0b29f74a-ff58-4a79-8c85-a6e3ff71c885', 'e45e5e33-d62e-47cb-9d54-cee790fc6b5f', '9ba179ed-d26d-4828-a0f6-8836c2063992');
INSERT INTO "public"."user_role" VALUES ('0eda9c8b-2d4e-4c88-91c3-c3ab33524fd3', 'e45e5e33-d62e-47cb-9d54-cee790fc6b5f', 'b04387d3-898f-402c-8f44-79611d6f3bee');
INSERT INTO "public"."user_role" VALUES ('320ed4b1-43ef-45c2-a6e5-4dbd6ab600e4', '182709ef-635b-40a4-9ccd-774dd39b380f', '9ba179ed-d26d-4828-a0f6-8836c2063992');
INSERT INTO "public"."user_role" VALUES ('eefa365f-40bb-4f20-a94e-8bbe378ecab6', '182709ef-635b-40a4-9ccd-774dd39b380f', 'b04387d3-898f-402c-8f44-79611d6f3bee');
INSERT INTO "public"."user_role" VALUES ('f204e1db-73fb-4959-8bac-ce8253505a50', '06ccbc31-e870-41c9-9293-b54aef58de21', '9ba179ed-d26d-4828-a0f6-8836c2063992');
INSERT INTO "public"."user_role" VALUES ('abc0ca7f-69fa-4588-a01d-e778d65debbf', '06ccbc31-e870-41c9-9293-b54aef58de21', 'b04387d3-898f-402c-8f44-79611d6f3bee');
INSERT INTO "public"."user_role" VALUES ('6ed2c3af-b78e-46ff-8417-dfdcc2b2b0db', '62973440-0374-4c2c-a49b-b771b7640912', '9ba179ed-d26d-4828-a0f6-8836c2063992');
INSERT INTO "public"."user_role" VALUES ('f80df908-954c-489f-9279-84c4607465bb', '62973440-0374-4c2c-a49b-b771b7640912', 'f705404f-5971-455e-9c34-93a0ce5b90b5');
INSERT INTO "public"."user_role" VALUES ('e8d6a06e-00c0-408e-85a4-d37c423f57ae', '58b79c83-ba88-430b-a9c9-d549d43b3600', '9ba179ed-d26d-4828-a0f6-8836c2063992');
INSERT INTO "public"."user_role" VALUES ('f600ef15-fcd6-4dd4-a447-287f6e64c123', '58b79c83-ba88-430b-a9c9-d549d43b3600', 'b04387d3-898f-402c-8f44-79611d6f3bee');
INSERT INTO "public"."user_role" VALUES ('2adcbb67-ac55-4f3d-97f4-5cfca054d7e3', 'a1845f87-cece-4cb0-91c7-7bd68f439063', '9ba179ed-d26d-4828-a0f6-8836c2063992');
INSERT INTO "public"."user_role" VALUES ('d0109aa3-de53-48c1-99af-ceac6287a319', 'a1845f87-cece-4cb0-91c7-7bd68f439063', 'b04387d3-898f-402c-8f44-79611d6f3bee');
INSERT INTO "public"."user_role" VALUES ('c31d9e16-de92-4460-92c8-b95ca7e81dfa', 'c2efd8b2-7ab2-45b8-b7c9-425ac7d36b56', '9ba179ed-d26d-4828-a0f6-8836c2063992');
INSERT INTO "public"."user_role" VALUES ('5ba4cebb-dcff-45aa-9194-51b4612747c0', 'c2efd8b2-7ab2-45b8-b7c9-425ac7d36b56', 'b04387d3-898f-402c-8f44-79611d6f3bee');
INSERT INTO "public"."user_role" VALUES ('9991c1d9-acfd-4a29-aba5-5d3be97e43f7', '6c44fd5e-560d-4b8a-9d61-03c3e66872ef', '9ba179ed-d26d-4828-a0f6-8836c2063992');
INSERT INTO "public"."user_role" VALUES ('f6baac6e-5a93-4368-b563-ad90558793ee', '6c44fd5e-560d-4b8a-9d61-03c3e66872ef', 'b04387d3-898f-402c-8f44-79611d6f3bee');
INSERT INTO "public"."user_role" VALUES ('5c2485ad-a814-4f7b-bb03-ccde24832305', 'd7c3523c-d595-44f0-ad72-ddf8ae299cbb', '9ba179ed-d26d-4828-a0f6-8836c2063992');
INSERT INTO "public"."user_role" VALUES ('56894fad-c6a0-430e-b150-242892d80b3f', 'd7c3523c-d595-44f0-ad72-ddf8ae299cbb', 'b04387d3-898f-402c-8f44-79611d6f3bee');
INSERT INTO "public"."user_role" VALUES ('144c811f-6a93-4de7-8f22-11b2119257a5', '730f379c-986b-4274-8b88-3e90e5bbba25', '9ba179ed-d26d-4828-a0f6-8836c2063992');
INSERT INTO "public"."user_role" VALUES ('1fa2403a-b0a6-4969-b559-74580e3ec555', '730f379c-986b-4274-8b88-3e90e5bbba25', 'b04387d3-898f-402c-8f44-79611d6f3bee');
INSERT INTO "public"."user_role" VALUES ('e69e1341-87c9-4578-a862-407230c390c7', 'd2befc26-a318-4ae1-a1c6-c71dd7e7d79d', '9ba179ed-d26d-4828-a0f6-8836c2063992');
INSERT INTO "public"."user_role" VALUES ('e73dfc09-bcc2-4dd5-9550-a5590656316a', 'd2befc26-a318-4ae1-a1c6-c71dd7e7d79d', 'b04387d3-898f-402c-8f44-79611d6f3bee');
INSERT INTO "public"."user_role" VALUES ('6b3312ad-e1f9-42d9-9a6a-c1c3c5ee9a5c', '75dd8ca8-14aa-4dbb-aac0-c16bcb1ef61f', '9ba179ed-d26d-4828-a0f6-8836c2063992');
INSERT INTO "public"."user_role" VALUES ('546308a0-fe64-4b36-b22c-78cc7f666654', '75dd8ca8-14aa-4dbb-aac0-c16bcb1ef61f', 'b04387d3-898f-402c-8f44-79611d6f3bee');
INSERT INTO "public"."user_role" VALUES ('fe595d49-f710-4a17-8466-33b7dcd5d69c', '2c5ab7ea-f37f-4917-bec2-202b20d25ff0', '9ba179ed-d26d-4828-a0f6-8836c2063992');
INSERT INTO "public"."user_role" VALUES ('c4b2a252-ea5c-4f96-8f14-0eac006056b3', '2c5ab7ea-f37f-4917-bec2-202b20d25ff0', 'f705404f-5971-455e-9c34-93a0ce5b90b5');
INSERT INTO "public"."user_role" VALUES ('12e292ea-b230-42b1-9899-c2f42f8a0d88', 'dd81de86-7f96-482a-b967-2e8e4cd9d910', '9ba179ed-d26d-4828-a0f6-8836c2063992');
INSERT INTO "public"."user_role" VALUES ('5200de8b-9e13-4b02-874d-ceef3d88543e', 'dd81de86-7f96-482a-b967-2e8e4cd9d910', 'b04387d3-898f-402c-8f44-79611d6f3bee');
INSERT INTO "public"."user_role" VALUES ('cb00fdf9-4144-40e3-8690-e274e90d355f', 'bfca2841-ee2c-4981-9c74-3ef605fc1c3d', '9ba179ed-d26d-4828-a0f6-8836c2063992');
INSERT INTO "public"."user_role" VALUES ('18e42b2a-9b31-48c8-b38f-526de30a6df0', 'bfca2841-ee2c-4981-9c74-3ef605fc1c3d', 'b04387d3-898f-402c-8f44-79611d6f3bee');
INSERT INTO "public"."user_role" VALUES ('1ed7389a-9d53-45d3-8a41-3f255d9da212', 'e1ac8c3c-1c60-4c14-8143-84c3c8c66934', '9ba179ed-d26d-4828-a0f6-8836c2063992');
INSERT INTO "public"."user_role" VALUES ('2795fd35-bfaf-412b-828e-16b91e86c169', 'e1ac8c3c-1c60-4c14-8143-84c3c8c66934', 'b04387d3-898f-402c-8f44-79611d6f3bee');
INSERT INTO "public"."user_role" VALUES ('5fadf7c8-2e97-4a2c-92bf-5089e6d8753d', '588636d6-7193-4a2b-be5f-cafe112d3bf5', '9ba179ed-d26d-4828-a0f6-8836c2063992');
INSERT INTO "public"."user_role" VALUES ('e313072e-4c05-4d22-8545-ca2a1d91c592', '588636d6-7193-4a2b-be5f-cafe112d3bf5', 'b04387d3-898f-402c-8f44-79611d6f3bee');
INSERT INTO "public"."user_role" VALUES ('4e9f2492-c7ea-4745-b14a-3e2cecd3e17e', '7179898a-c353-4917-8dbd-62e10ea3249e', '9ba179ed-d26d-4828-a0f6-8836c2063992');
INSERT INTO "public"."user_role" VALUES ('642d381c-9d47-442a-9181-d128153d91c1', '7179898a-c353-4917-8dbd-62e10ea3249e', 'f705404f-5971-455e-9c34-93a0ce5b90b5');
