INSERT INTO public.user (id,email,dob,first_name,last_name,phone,address,avatar_url,created_at,updated_at,is_deleted) VALUES
	 ('9ba179ed-d26d-4828-a0f6-8836c2063992','nguyenquoctuan385@gmail.com','2002-05-29','Tuan','Nguyen Quoc','+8412365478',NULL,NULL,'2024-04-12 21:33:23.371836+07','2024-04-12 21:33:23.371836+07',false),
	 ('b029f559-52a8-4699-b595-71161498ed8c','dcthong852@gmail.com','2002-04-29','Thong','Duong','+8412365478',NULL,NULL,'2024-04-15 18:07:20.891115+07','2024-04-15 18:07:20.891115+07',false),
	 ('8c98e9e1-a9e7-49ee-b9fd-0cb5bd7814f7','nthoang852@gmail.com','2002-03-29','Hoang','Nguyen Thanh','+8412365478',NULL,NULL,'2024-04-15 18:07:41.151759+07','2024-04-15 18:07:41.151759+07',false),
	 ('39328bcf-8af6-44fc-9ae9-247f953ee2a2','ndqkhanh852@gmail.com','2002-03-29','Khanh','Nguyen Dinh','+8412365478',NULL,NULL,'2024-04-15 18:07:41.151759+07','2024-04-15 18:07:41.151759+07',false),
	 ('8edbc0aa-0b91-480e-a428-23abf2109df9','tgtien852@gmail.com','2002-03-29','Tien','Truong Gia','+8412365478',NULL,NULL,'2024-04-15 18:07:41.151759+07','2024-04-15 18:07:41.151759+07',false),
	 ('05dbdfde-1eae-47ba-8ebb-6c4cdc4f6510','dntien852@gmail.com','2002-03-29','Tien','Dang Ngoc','+8412365478',NULL,NULL,'2024-04-15 18:07:41.151759+07','2024-04-15 18:07:41.151759+07',false),
     ('64412e27-169e-44ea-a101-74ebf8cb82d9','kayonkiu@gmail.com','2002-03-29','Admin','User',NULL,NULL,NULL,'2024-06-04 19:54:23.636865+07','2024-06-04 19:54:23.637867+07', false),
	 ('cb2c22ac-87de-44e4-9638-35979f6af667','duongchithong2002@gmail.com','2002-03-29','Dương','Chí Thông',NULL,NULL,NULL,'2024-06-04 19:54:23.664571+07','2024-06-04 19:54:23.664571+07', false),
	 ('2d7ed5a0-fb21-4927-9a25-647c17d29668','dntienes@gmail.com','2002-03-29','Tiến','Đặng Ngọc','0993331110',NULL,NULL,'2024-06-04 19:54:23.690581+07','2024-06-04 19:54:23.690581+07', false);

INSERT INTO public."user" (id,email,dob,first_name,last_name,phone,address,avatar_url,created_at,updated_at,is_deleted) VALUES
	 ('2d3c1e66-1835-457f-93e9-265fe483feee','dt.ngocthw@gmail.com','2002-03-29','Thư','Ngọc',NULL,NULL,NULL,'2024-06-04 19:54:23.712124+07','2024-06-04 19:54:23.712124+07',false),
	 ('a9f5487e-c0b1-4fa4-b93a-6f16bde90583','ktpm4t@gmail.com','2002-03-29','giáo','vien',NULL,NULL,NULL,'2024-06-04 19:54:23.73386+07','2024-06-04 19:54:23.73386+07',false),
	 ('ca3040f2-e173-40a5-aab7-6ef15965ce43','truonggiatien123@gmail.com','2002-03-29','Trương','Gia Tiến',NULL,NULL,NULL,'2024-06-04 19:54:23.789748+07','2024-06-04 19:54:23.789748+07',false);

INSERT INTO public.topic(id, name, description, thumbnail_url, created_by, updated_by, is_single_programming_language)
VALUES
    ('d215b5f8-0249-4dc5-89a3-51fd148cfb92',
     'Learn C',
     'C is a fundamental programming language that''s ideal for beginners due to its simplicity and direct control over hardware. Learning C provides a strong foundation in computer science concepts and programming techniques.',
     'https://cdn.codechef.com/images/self-learning/icons/c.svg',
     '9ba179ed-d26d-4828-a0f6-8836c2063992',
     '9ba179ed-d26d-4828-a0f6-8836c2063992',
     true),
    ('d215b5f8-0249-4dc5-89a3-51fd148cfb93',
     'Learn C++',
     'C++ is a powerful, high-performance programming language that''s widely used in game development, system software, and scientific computing. It''s an extension of C with additional features like object-oriented programming.',
     'https://cdn.codechef.com/images/self-learning/icons/cpp.svg',
     '9ba179ed-d26d-4828-a0f6-8836c2063992',
     '9ba179ed-d26d-4828-a0f6-8836c2063992',
     true),
    ('9ba179ed-d26d-4828-a0f6-8836c2063992',
     'Learn Python',
     'Python is a versatile and user-friendly programming language known for its readability and efficiency. It''s widely used for web development, data analysis, artificial intelligence, and more.',
     'https://cdn.codechef.com/images/self-learning/icons/python.svg',
     '9ba179ed-d26d-4828-a0f6-8836c2063992',
     '9ba179ed-d26d-4828-a0f6-8836c2063992',
        true
    ),
    ('d215b5f8-0249-4dc5-89a3-51fd148cfb46',
     'Learn Java',
     'Java is a high-level, class-based, object-oriented programming language that is designed to have as few implementation dependencies as possible. It is a general-purpose programming language intended to let application developers write once, run anywhere (WORA), meaning that compiled Java code can run on all platforms that support Java without the need for recompilation.',
     'https://cdn.codechef.com/images/self-learning/icons/java.svg',
     '9ba179ed-d26d-4828-a0f6-8836c2063992',
     '9ba179ed-d26d-4828-a0f6-8836c2063992',
     true),
    ('d215b5f8-0249-4dc5-89a3-51fd148cfb47',
     'Learn JavaScript',
     'JavaScript is a programming language that conforms to the ECMAScript specification. JavaScript is high-level, often just-in-time compiled, and multi-paradigm. It has curly-bracket syntax, dynamic typing, prototype-based object-orientation, and first-class functions.',
     'https://logos-download.com/wp-content/uploads/2019/01/JavaScript_Logo.png',
     '9ba179ed-d26d-4828-a0f6-8836c2063992',
     '9ba179ed-d26d-4828-a0f6-8836c2063992',
     true),
    ('d215b5f8-0249-4dc5-89a3-51fd148cfb49',
     'Learn GO',
     'Go, also known as Golang, is a programming language created by Google, renowned for its simplicity and efficiency. It''s designed for building scalable and high-performance web applications and network servers. Go''s strong support for concurrency and its straightforward syntax make it popular for cloud computing and microservices.',
     'https://cdn.codechef.com/images/self-learning/icons/go.svg',
     '9ba179ed-d26d-4828-a0f6-8836c2063992',
     '9ba179ed-d26d-4828-a0f6-8836c2063992',
     true),
    ('d215b5f8-0249-4dc5-89a3-51fd148cfb48',
     'Data structures and Algorithms',
     'Explore the fundamental building blocks of computer science through our comprehensive courses on Data Structures and Algorithms. Gain a solid understanding of both theory and practical application.',
     'https://cdn.codechef.com/images/self-learning/icons/stacks-and-queues.svg',
     '9ba179ed-d26d-4828-a0f6-8836c2063992',
     '9ba179ed-d26d-4828-a0f6-8836c2063992',
     false);

INSERT INTO public.organization(id, description, name, created_at, updated_at, is_deleted)
VALUES
	 ('08b65a39-394f-4977-a5fa-3fe145b620f8','Moodle description','Moodle','2024-04-15 18:09:29.488151+07','2024-04-15 18:09:29.488151+07',false),
	 ('cb69c0bf-c454-4f15-be10-791f6749dac7','Moodle description','Moodle 2','2024-04-15 18:09:29.488151+07','2024-04-15 18:09:29.488151+07',false);

insert into programming_language (id, name, compiler_api_id, time_limit, memory_limit) values ('e268cd70-cf0d-46ce-8f69-ade9d3a955a2', 'Assembly (NASM 2.14.02)', 45, 2, 204800);
insert into programming_language (id, name, compiler_api_id, time_limit, memory_limit) values ('ec1a6b7b-7817-4241-bc8f-febce8d2770e', 'Bash (5.0.0)', 46, 2, 204800);
insert into programming_language (id, name, compiler_api_id, time_limit, memory_limit) values ('d6f8e702-0ab0-40cb-82b9-a7963bd1cf80', 'Basic (FBC 1.07.1)', 47, 2, 204800);
insert into programming_language (id, name, compiler_api_id, time_limit, memory_limit) values ('6b2f42e1-81e6-493b-9cc1-2436febc320e', 'C (Clang 7.0.1)', 75, 2, 204800);
insert into programming_language (id, name, compiler_api_id, time_limit, memory_limit) values ('8794526e-f528-4ffc-b98d-320812e79c6f', 'C++ (Clang 7.0.1)', 76, 2, 204800);
insert into programming_language (id, name, compiler_api_id, time_limit, memory_limit) values ('50e74d89-5742-4c21-b9e5-96a4766283fa', 'C (GCC 7.4.0)', 48, 2, 204800);
insert into programming_language (id, name, compiler_api_id, time_limit, memory_limit) values ('e6a880d8-f0b2-4c2d-b97d-a74d5bec87b3', 'C++ (GCC 7.4.0)', 52, 2, 204800);
insert into programming_language (id, name, compiler_api_id, time_limit, memory_limit) values ('fb38c7b8-d50a-4980-95de-6a50a49ecc5d', 'C (GCC 8.3.0)', 49, 2, 204800);
insert into programming_language (id, name, compiler_api_id, time_limit, memory_limit) values ('aed9a00b-6a4b-4534-b85e-4981097d61de', 'C++ (GCC 8.3.0)', 53, 2, 204800);
insert into programming_language (id, name, compiler_api_id, time_limit, memory_limit) values ('5f11cfd5-4358-4e8e-b28a-9c53beb014ad', 'C (GCC 9.2.0)', 50, 2, 204800);
insert into programming_language (id, name, compiler_api_id, time_limit, memory_limit) values ('cba00cd8-8114-4bc4-84e6-499c27467978', 'C++ (GCC 9.2.0)', 54, 2, 204800);
insert into programming_language (id, name, compiler_api_id, time_limit, memory_limit) values ('875a7edb-f310-4a15-89f0-7ca9fc8ce028', 'Clojure (1.10.1)', 86, 2, 204800);
insert into programming_language (id, name, compiler_api_id, time_limit, memory_limit) values ('70614628-fc54-4620-b9b9-81b918cae732', 'C# (Mono 6.6.0.161)', 51, 2, 204800);
insert into programming_language (id, name, compiler_api_id, time_limit, memory_limit) values ('f6dd240a-b9c5-4ab6-b977-105136f75907', 'COBOL (GnuCOBOL 2.2)', 77, 2, 204800);
insert into programming_language (id, name, compiler_api_id, time_limit, memory_limit) values ('8c37b8a9-c6de-4db1-9638-b3633e44f5a5', 'Common Lisp (SBCL 2.0.0)', 55, 2, 204800);
insert into programming_language (id, name, compiler_api_id, time_limit, memory_limit) values ('833c5b34-acc6-4e4c-8e37-3c806538924f', 'D (DMD 2.089.1)', 56, 2, 204800);
insert into programming_language (id, name, compiler_api_id, time_limit, memory_limit) values ('aa81ebed-79f2-4a9e-b45f-5406b45889b3', 'Elixir (1.9.4)', 57, 2, 204800);
insert into programming_language (id, name, compiler_api_id, time_limit, memory_limit) values ('59c636af-82c5-45f3-b2c6-5c47067f5462', 'Erlang (OTP 22.2)', 58, 2, 204800);
insert into programming_language (id, name, compiler_api_id, time_limit, memory_limit) values ('bd5d2b87-da1d-4be9-be0b-3a9dcdbf8849', 'Executable', 44, 2, 204800);
insert into programming_language (id, name, compiler_api_id, time_limit, memory_limit) values ('5ab21579-2a25-4d63-83c6-032ba4f66518', 'F# (.NET Core SDK 3.1.202)', 87, 2, 204800);
insert into programming_language (id, name, compiler_api_id, time_limit, memory_limit) values ('9cc1ba4a-f325-4767-8d3d-e2808f82cd76', 'Fortran (GFortran 9.2.0)', 59, 2, 204800);
insert into programming_language (id, name, compiler_api_id, time_limit, memory_limit) values ('e68c5866-1435-4958-bafe-ad901ee75c8d', 'Go (1.13.5)', 60, 2, 204800);
insert into programming_language (id, name, compiler_api_id, time_limit, memory_limit) values ('3fa9d570-86d1-41c0-8044-981bfe4636b4', 'Groovy (3.0.3)', 88, 2, 204800);
insert into programming_language (id, name, compiler_api_id, time_limit, memory_limit) values ('0b50bbe2-582e-4582-a51b-2b2ac4212420', 'Haskell (GHC 8.8.1)', 61, 2, 204800);
insert into programming_language (id, name, compiler_api_id, time_limit, memory_limit) values ('c95d5c7d-cadf-42cc-afdc-968211ae3720', 'Java (OpenJDK 13.0.1)', 62, 2, 204800);
insert into programming_language (id, name, compiler_api_id, time_limit, memory_limit) values ('cc69d904-ba4e-44fb-a0b5-8170e30bac39', 'JavaScript (Node.js 12.14.0)', 63, 2, 204800);
insert into programming_language (id, name, compiler_api_id, time_limit, memory_limit) values ('a48c0969-16bb-4d8a-a611-751b48f72454', 'Kotlin (1.3.70)', 78, 2, 204800);
insert into programming_language (id, name, compiler_api_id, time_limit, memory_limit) values ('794665fa-0c05-4f48-9255-68bf5bb84685', 'Lua (5.3.5)', 64, 2, 204800);
insert into programming_language (id, name, compiler_api_id, time_limit, memory_limit) values ('54ba8969-a91a-4863-a634-87aef2c43148', 'Multi-file program', 89, 2, 204800);
insert into programming_language (id, name, compiler_api_id, time_limit, memory_limit) values ('5effd41c-97f4-4843-b6c0-ee1790cb8502', 'Objective-C (Clang 7.0.1)', 79, 2, 204800);
insert into programming_language (id, name, compiler_api_id, time_limit, memory_limit) values ('d00b24db-44a5-49c2-99ea-d7c832199c9d', 'OCaml (4.09.0)', 65, 2, 204800);
insert into programming_language (id, name, compiler_api_id, time_limit, memory_limit) values ('df127469-95be-4de7-aebe-7852608d4066', 'Octave (5.1.0)', 66, 2, 204800);
insert into programming_language (id, name, compiler_api_id, time_limit, memory_limit) values ('87426e80-200c-4fcc-8df4-388307419247', 'Pascal (FPC 3.0.4)', 67, 2, 204800);
insert into programming_language (id, name, compiler_api_id, time_limit, memory_limit) values ('0b79d359-f4b5-4ede-aa55-7a6eb8f0a4a8', 'Perl (5.28.1)', 85, 2, 204800);
insert into programming_language (id, name, compiler_api_id, time_limit, memory_limit) values ('9c84c818-6931-4309-b669-9631d6363118', 'PHP (7.4.1)', 68, 2, 204800);
insert into programming_language (id, name, compiler_api_id, time_limit, memory_limit) values ('4183d72e-a4fe-4c76-9e61-5fb42afad43b', 'Plain Text', 43, 2, 204800);
insert into programming_language (id, name, compiler_api_id, time_limit, memory_limit) values ('dae1111e-87a6-47c5-bae1-d62e8bd4dd10', 'Prolog (GNU Prolog 1.4.5)', 69, 2, 204800);
insert into programming_language (id, name, compiler_api_id, time_limit, memory_limit) values ('5413d5e9-5513-4e86-b585-b4f9149bc692', 'Python (2.7.17)', 70, 2, 204800);
insert into programming_language (id, name, compiler_api_id, time_limit, memory_limit) values ('d27a8b36-83fd-450d-a7c3-bf3eef7b1468', 'Python (3.8.1)', 71, 2, 204800);
insert into programming_language (id, name, compiler_api_id, time_limit, memory_limit) values ('eb1526bd-6dbc-4512-81ee-60b38af78669', 'R (4.0.0)', 80, 2, 204800);
insert into programming_language (id, name, compiler_api_id, time_limit, memory_limit) values ('39b33107-a91d-47e2-af0b-cfec36dd1f6f', 'Ruby (2.7.0)', 72, 2, 204800);
insert into programming_language (id, name, compiler_api_id, time_limit, memory_limit) values ('cac1604f-a42d-4c27-92c1-45da338220e2', 'Rust (1.40.0)', 73, 2, 204800);
insert into programming_language (id, name, compiler_api_id, time_limit, memory_limit) values ('acf4fa1d-35e8-41ee-b174-8f485a35b25f', 'Scala (2.13.2)', 81, 2, 204800);
insert into programming_language (id, name, compiler_api_id, time_limit, memory_limit) values ('959eb798-748b-4d49-a0d9-7580bf679e07', 'SQL (SQLite 3.27.2)', 82, 2, 204800);
insert into programming_language (id, name, compiler_api_id, time_limit, memory_limit) values ('5122684e-b577-40ef-a25a-7cc6b9f19088', 'Swift (5.2.3)', 83, 2, 204800);
insert into programming_language (id, name, compiler_api_id, time_limit, memory_limit) values ('574bebfa-640b-4836-9920-9686123cf324', 'TypeScript (3.7.4)', 74, 2, 204800);
insert into programming_language (id, name, compiler_api_id, time_limit, memory_limit) values ('c2812b53-059f-43cb-8e9b-966246a79567', 'Visual Basic.Net (vbnc 0.0.0.5943)', 84, 2, 204800);

INSERT INTO public.topic_programming_language(topic_id, programming_language_id)
VALUES
    ('9ba179ed-d26d-4828-a0f6-8836c2063992', 'd27a8b36-83fd-450d-a7c3-bf3eef7b1468'),
    ('d215b5f8-0249-4dc5-89a3-51fd148cfb92', 'c95d5c7d-cadf-42cc-afdc-968211ae3720'),
    ('d215b5f8-0249-4dc5-89a3-51fd148cfb46', 'c95d5c7d-cadf-42cc-afdc-968211ae3720'),
    ('d215b5f8-0249-4dc5-89a3-51fd148cfb47', 'c95d5c7d-cadf-42cc-afdc-968211ae3720'),
    ('d215b5f8-0249-4dc5-89a3-51fd148cfb48', 'c95d5c7d-cadf-42cc-afdc-968211ae3720'),
    ('d215b5f8-0249-4dc5-89a3-51fd148cfb48', 'd27a8b36-83fd-450d-a7c3-bf3eef7b1468'),
    ('d215b5f8-0249-4dc5-89a3-51fd148cfb48', 'cc69d904-ba4e-44fb-a0b5-8170e30bac39'),
    ('d215b5f8-0249-4dc5-89a3-51fd148cfb49', 'c95d5c7d-cadf-42cc-afdc-968211ae3720');

INSERT INTO public.question(id, org_id, difficulty, name, question_text, general_feedback, default_mark, qtype, created_by, updated_by, copy_state)
VALUES
    ('b6484e21-6937-489c-b031-b71767994233', NULL, 'EASY', 'Question Handle', 'Question Wire Text', 'Question Gold feedback', 1, 'ESSAY', '9ba179ed-d26d-4828-a0f6-8836c2063992', '9ba179ed-d26d-4828-a0f6-8836c2063992', 'CREATED'),
    ('b6484e21-6937-489c-b031-b71767994132', NULL, 'MEDIUM', 'Question hihi', 'Question Wow Text', 'Question Amazing feedback', 1, 'SHORT_ANSWER', '9ba179ed-d26d-4828-a0f6-8836c2063992', '9ba179ed-d26d-4828-a0f6-8836c2063992', 'CREATED'),
    ('b6484e21-6937-489c-b031-b71767994735', NULL, 'HARD', 'Question haha', 'Question Speaker Text', 'Good Job', 1, 'MULTIPLE_CHOICE', '9ba179ed-d26d-4828-a0f6-8836c2063992', '9ba179ed-d26d-4828-a0f6-8836c2063992', 'CREATED'),
    ('b6484e21-6937-489c-b031-b71767994752', NULL, 'MEDIUM', 'K Divisible Elements Subarrays', 'Question Wow Text', 'Question Amazing feedback', 1, 'SHORT_ANSWER', '9ba179ed-d26d-4828-a0f6-8836c2063992', '9ba179ed-d26d-4828-a0f6-8836c2063992', 'CREATED'),
    ('b6484e21-6937-489c-b031-b71767994753', NULL, 'HARD', 'Total Appeal of A String', 'Question Speaker Text', 'Good Job', 1, 'MULTIPLE_CHOICE', '9ba179ed-d26d-4828-a0f6-8836c2063992', '9ba179ed-d26d-4828-a0f6-8836c2063992', 'CREATED'),
    ('b6484e21-6937-489c-b031-b71767994751', NULL, 'EASY', 'Minimum Consecutive Cards to Pick Up', 'Question Wire Text', 'Question Gold feedback', 1, 'ESSAY', '9ba179ed-d26d-4828-a0f6-8836c2063992', '9ba179ed-d26d-4828-a0f6-8836c2063992', 'CREATED'),

    --    Questions with qtype CODE
    --1
    ('b6484e21-6937-489c-b031-b71767994221', NULL, 'EASY', 'Sum of two integer', E'<div class="elfjS" data-track-load="description_content"><p>Given two integer number A and B.</p><p>Calculate the sum of A and B.</p><p>&nbsp;</p><p><strong class="example">Example 1:</strong></p><pre>\nInput:\n1\n1\nOutput: 2\n</pre><p><strong class="example">Example 2:</strong></p><pre>\nInput:\n13\n10\nOutput: 23 \n</pre><p>&nbsp;</p></div>', 'Good Job', 1, 'CODE', '9ba179ed-d26d-4828-a0f6-8836c2063992', '9ba179ed-d26d-4828-a0f6-8836c2063992', 'CREATED'),
    --2
    ('b6484e21-6937-489c-b031-b71767994736', NULL, 'EASY', 'Sum of an array', E'<p>Write a function that takes an array of numbers as input and returns the sum of all the elements in the array.</p><blockquote>Example:</blockquote><pre class=\"ql-syntax\" spellcheck=\"false\"> Input:\r\n 3\r\n 1 2 3\r\n Output: 6    \r\n</pre><p><br></p>', 'Good Job', 1, 'CODE', '9ba179ed-d26d-4828-a0f6-8836c2063992', '9ba179ed-d26d-4828-a0f6-8836c2063992', 'CREATED'),
    --3
    ('b6484e21-6937-489c-b031-b71767994737', NULL, 'EASY', 'FizzBuzz', E'<p>Write a program that prints the numbers from 1 to n. But for multiples of three, print \"Fizz\" instead of the number, and for the multiples of five, print \"Buzz\". For numbers that are multiples of both three and five, print \"FizzBuzz\".</p><p>Example:</p><pre class=\"ql-syntax\" spellcheck=\"false\">Input: 15\r\nOutput:\r\n1 2 Fizz 4 Buzz Fizz 7 8 Fizz Buzz 11 Fizz 13 14 FizzBuzz\r\n</pre>', 'Good Job', 1, 'CODE', '9ba179ed-d26d-4828-a0f6-8836c2063992', '9ba179ed-d26d-4828-a0f6-8836c2063992', 'CREATED'),
    --4
    ('b6484e21-6937-489c-b031-b71767994738', NULL, 'MEDIUM', 'Robber', E'<p>You are given a list of non-negative integers representing the amount of money of each house in a row of houses. Each house has a certain amount of money stashed, but you cannot rob two adjacent houses at the same time because the police will be alerted. Your task is to determine the maximum amount of money you can rob tonight without alerting the police.</p><p>Example 1:</p><pre class=\"ql-syntax\" spellcheck=\"false\">Input: \r\n4\r\n1 2 3 1\r\nOutput: 4\r\nExplanation: Rob house 1 (money = 1) and then rob house 3 (money = 3). Total amount = 1 + 3 = 4.\r\n</pre>', 'Good Job', 1, 'CODE', '9ba179ed-d26d-4828-a0f6-8836c2063992', '9ba179ed-d26d-4828-a0f6-8836c2063992', 'CREATED'),
    --5
    ('b6484e21-6937-489c-b031-b71767994739', NULL, 'MEDIUM', 'Three sum closest', E'<p>You are given an array <code>nums</code> of integers. Write a function to find three numbers in <code>nums</code> such that the sum is closest to a given target <code>target</code>. Return the sum of the three integers. You may assume that each input would have exactly one solution.</p><p>Example:</p><pre class=\"ql-syntax\" spellcheck=\"false\">Input:\r\n4\r\n-1 2 1 -4\r\n1\r\nOutput: 2\r\nExplanation: The sum that is closest to the target is 2. (-1 + 2 + 1 = 2).\r\n</pre>', 'Good Job', 1, 'CODE', '9ba179ed-d26d-4828-a0f6-8836c2063992', '9ba179ed-d26d-4828-a0f6-8836c2063992', 'CREATED'),
    --6
    ('b6484e21-6937-489c-b031-b71767994740', NULL, 'EASY', 'List divisor', E'<p>List all divisor of number <code>n</code></p><p>Example:</p><pre class=\"ql-syntax\" spellcheck=\"false\">Input:\n10\nOutput:\n1 2 5 10\n</pre>', 'Good Job', 1, 'CODE', '9ba179ed-d26d-4828-a0f6-8836c2063992', '9ba179ed-d26d-4828-a0f6-8836c2063992', 'CREATED'),
    --7
    ('b6484e21-6937-489c-b031-b71767994741', NULL, 'EASY', 'List odd divisor', E'<p>List all odd divisor of number <code>n</code></p><p>Example:</p><pre class=\"ql-syntax\" spellcheck=\"false\">Input: 9\nOutput:\n1, 3, 9\n</pre>', 'Good Job', 1, 'CODE', '9ba179ed-d26d-4828-a0f6-8836c2063992', '9ba179ed-d26d-4828-a0f6-8836c2063992', 'CREATED'),
    ('b6484e21-6937-489c-b031-b71767994742', NULL, 'EASY', 'Entirely odd digit', E'<p>Check if the positive integer <code>n</code> consists entirely of odd digits.</p><p>Example:</p><pre class=\"ql-syntax\" spellcheck=\"false\">Input:\n11\nOutput:\ntrue\n</pre>', 'Good Job', 1, 'CODE', '9ba179ed-d26d-4828-a0f6-8836c2063992', '9ba179ed-d26d-4828-a0f6-8836c2063992', 'CREATED'),
    ('b6484e21-6937-489c-b031-b71767994743', NULL, 'MEDIUM', 'Palindrome integer', E'<p>Check if the positive integer n is a palindrome or not</p><p>Example:</p><pre class=\"ql-syntax\" spellcheck=\"false\">Input:\n11\nOutput:\ntrue\n</pre>', 'Good Job', 1, 'CODE', '9ba179ed-d26d-4828-a0f6-8836c2063992', '9ba179ed-d26d-4828-a0f6-8836c2063992', 'CREATED'),
    ('b6484e21-6937-489c-b031-b71767994744', NULL, 'MEDIUM', 'Finding maximum sum k less than n', E'<p>Given <code>n</code> is a positive integer. Find the largest positive integer <code>k</code> such that S(k)&lt;n, where S(k) is defined as follows: S(k)=1+2+3+…+k.</p><p>Example:</p><pre class=\"ql-syntax\" spellcheck=\"false\">Input:\n15\nOutput:\n4\n</pre>', 'Good Job', 1, 'CODE', '9ba179ed-d26d-4828-a0f6-8836c2063992', '9ba179ed-d26d-4828-a0f6-8836c2063992', 'CREATED'),
    ('b6484e21-6937-489c-b031-b71767994745', NULL, 'MEDIUM', 'Check 2^k', E'<p>Check if a 4-byte integer is of the form 2^k</p><p>Example:</p><pre class=\"ql-syntax\" spellcheck=\"false\">Input:\n4\nOutput:\ntrue\n</pre>', 'Good Job', 1, 'CODE', '9ba179ed-d26d-4828-a0f6-8836c2063992', '9ba179ed-d26d-4828-a0f6-8836c2063992', 'CREATED'),
    ('b6484e21-6937-489c-b031-b71767994746', NULL, 'MEDIUM', 'Check 3^k', E'<p>Check if a 4-byte integer is of the form 3^k</p><p>Example:</p><pre class=\"ql-syntax\" spellcheck=\"false\">Input:\n4\nOutput:\nfalse\n</pre>', 'Good Job', 1, 'CODE', '9ba179ed-d26d-4828-a0f6-8836c2063992', '9ba179ed-d26d-4828-a0f6-8836c2063992', 'CREATED'),
    ('b6484e21-6937-489c-b031-b71767994747', NULL, 'MEDIUM', 'Calculate S(n, x) with Summation and Exponential Series', E'<p>Calculate&nbsp;<span class=\"ql-formula\" data-value=\"S(n, x) = x + \\frac{x^2}{1 + 2} + \\frac{x^3}{1 + 2 + 3} + \\cdots + \\frac{x^n}{1 + 2 + 3 + \\cdots + n}\">﻿<span contenteditable=\"false\"><span class=\"katex\"><span class=\"katex-mathml\"><math xmlns=\"http://www.w3.org/1998/Math/MathML\"><semantics><mrow><mi>S</mi><mo stretchy=\"false\">(</mo><mi>n</mi><mo separator=\"true\">,</mo><mi>x</mi><mo stretchy=\"false\">)</mo><mo>=</mo><mi>x</mi><mo>+</mo><mfrac><msup><mi>x</mi><mn>2</mn></msup><mrow><mn>1</mn><mo>+</mo><mn>2</mn></mrow></mfrac><mo>+</mo><mfrac><msup><mi>x</mi><mn>3</mn></msup><mrow><mn>1</mn><mo>+</mo><mn>2</mn><mo>+</mo><mn>3</mn></mrow></mfrac><mo>+</mo><mo>⋯</mo><mo>+</mo><mfrac><msup><mi>x</mi><mi>n</mi></msup><mrow><mn>1</mn><mo>+</mo><mn>2</mn><mo>+</mo><mn>3</mn><mo>+</mo><mo>⋯</mo><mo>+</mo><mi>n</mi></mrow></mfrac></mrow><annotation encoding=\"application/x-tex\">S(n, x) = x + \\frac{x^2}{1 + 2} + \\frac{x^3}{1 + 2 + 3} + \\cdots + \\frac{x^n}{1 + 2 + 3 + \\cdots + n}</annotation></semantics></math></span><span class=\"katex-html\" aria-hidden=\"true\"><span class=\"base\"><span class=\"strut\" style=\"height: 1em; vertical-align: -0.25em;\"></span><span class=\"mord mathnormal\" style=\"margin-right: 0.0576em;\">S</span><span class=\"mopen\">(</span><span class=\"mord mathnormal\">n</span><span class=\"mpunct\">,</span><span class=\"mspace\" style=\"margin-right: 0.1667em;\"></span><span class=\"mord mathnormal\">x</span><span class=\"mclose\">)</span><span class=\"mspace\" style=\"margin-right: 0.2778em;\"></span><span class=\"mrel\">=</span><span class=\"mspace\" style=\"margin-right: 0.2778em;\"></span></span><span class=\"base\"><span class=\"strut\" style=\"height: 0.6667em; vertical-align: -0.0833em;\"></span><span class=\"mord mathnormal\">x</span><span class=\"mspace\" style=\"margin-right: 0.2222em;\"></span><span class=\"mbin\">+</span><span class=\"mspace\" style=\"margin-right: 0.2222em;\"></span></span><span class=\"base\"><span class=\"strut\" style=\"height: 1.4213em; vertical-align: -0.4033em;\"></span><span class=\"mord\"><span class=\"mopen nulldelimiter\"></span><span class=\"mfrac\"><span class=\"vlist-t vlist-t2\"><span class=\"vlist-r\"><span class=\"vlist\" style=\"height: 1.0179em;\"><span class=\"\" style=\"top: -2.655em;\"><span class=\"pstrut\" style=\"height: 3em;\"></span><span class=\"sizing reset-size6 size3 mtight\"><span class=\"mord mtight\"><span class=\"mord mtight\">1</span><span class=\"mbin mtight\">+</span><span class=\"mord mtight\">2</span></span></span></span><span class=\"\" style=\"top: -3.23em;\"><span class=\"pstrut\" style=\"height: 3em;\"></span><span class=\"frac-line\" style=\"border-bottom-width: 0.04em;\"></span></span><span class=\"\" style=\"top: -3.394em;\"><span class=\"pstrut\" style=\"height: 3em;\"></span><span class=\"sizing reset-size6 size3 mtight\"><span class=\"mord mtight\"><span class=\"mord mtight\"><span class=\"mord mathnormal mtight\">x</span><span class=\"msupsub\"><span class=\"vlist-t\"><span class=\"vlist-r\"><span class=\"vlist\" style=\"height: 0.8913em;\"><span class=\"\" style=\"top: -2.931em; margin-right: 0.0714em;\"><span class=\"pstrut\" style=\"height: 2.5em;\"></span><span class=\"sizing reset-size3 size1 mtight\"><span class=\"mord mtight\">2</span></span></span></span></span></span></span></span></span></span></span></span><span class=\"vlist-s\">​</span></span><span class=\"vlist-r\"><span class=\"vlist\" style=\"height: 0.4033em;\"><span class=\"\"></span></span></span></span></span><span class=\"mclose nulldelimiter\"></span></span><span class=\"mspace\" style=\"margin-right: 0.2222em;\"></span><span class=\"mbin\">+</span><span class=\"mspace\" style=\"margin-right: 0.2222em;\"></span></span><span class=\"base\"><span class=\"strut\" style=\"height: 1.4213em; vertical-align: -0.4033em;\"></span><span class=\"mord\"><span class=\"mopen nulldelimiter\"></span><span class=\"mfrac\"><span class=\"vlist-t vlist-t2\"><span class=\"vlist-r\"><span class=\"vlist\" style=\"height: 1.0179em;\"><span class=\"\" style=\"top: -2.655em;\"><span class=\"pstrut\" style=\"height: 3em;\"></span><span class=\"sizing reset-size6 size3 mtight\"><span class=\"mord mtight\"><span class=\"mord mtight\">1</span><span class=\"mbin mtight\">+</span><span class=\"mord mtight\">2</span><span class=\"mbin mtight\">+</span><span class=\"mord mtight\">3</span></span></span></span><span class=\"\" style=\"top: -3.23em;\"><span class=\"pstrut\" style=\"height: 3em;\"></span><span class=\"frac-line\" style=\"border-bottom-width: 0.04em;\"></span></span><span class=\"\" style=\"top: -3.394em;\"><span class=\"pstrut\" style=\"height: 3em;\"></span><span class=\"sizing reset-size6 size3 mtight\"><span class=\"mord mtight\"><span class=\"mord mtight\"><span class=\"mord mathnormal mtight\">x</span><span class=\"msupsub\"><span class=\"vlist-t\"><span class=\"vlist-r\"><span class=\"vlist\" style=\"height: 0.8913em;\"><span class=\"\" style=\"top: -2.931em; margin-right: 0.0714em;\"><span class=\"pstrut\" style=\"height: 2.5em;\"></span><span class=\"sizing reset-size3 size1 mtight\"><span class=\"mord mtight\">3</span></span></span></span></span></span></span></span></span></span></span></span><span class=\"vlist-s\">​</span></span><span class=\"vlist-r\"><span class=\"vlist\" style=\"height: 0.4033em;\"><span class=\"\"></span></span></span></span></span><span class=\"mclose nulldelimiter\"></span></span><span class=\"mspace\" style=\"margin-right: 0.2222em;\"></span><span class=\"mbin\">+</span><span class=\"mspace\" style=\"margin-right: 0.2222em;\"></span></span><span class=\"base\"><span class=\"strut\" style=\"height: 0.6667em; vertical-align: -0.0833em;\"></span><span class=\"minner\">⋯</span><span class=\"mspace\" style=\"margin-right: 0.2222em;\"></span><span class=\"mbin\">+</span><span class=\"mspace\" style=\"margin-right: 0.2222em;\"></span></span><span class=\"base\"><span class=\"strut\" style=\"height: 1.3143em; vertical-align: -0.4033em;\"></span><span class=\"mord\"><span class=\"mopen nulldelimiter\"></span><span class=\"mfrac\"><span class=\"vlist-t vlist-t2\"><span class=\"vlist-r\"><span class=\"vlist\" style=\"height: 0.911em;\"><span class=\"\" style=\"top: -2.655em;\"><span class=\"pstrut\" style=\"height: 3em;\"></span><span class=\"sizing reset-size6 size3 mtight\"><span class=\"mord mtight\"><span class=\"mord mtight\">1</span><span class=\"mbin mtight\">+</span><span class=\"mord mtight\">2</span><span class=\"mbin mtight\">+</span><span class=\"mord mtight\">3</span><span class=\"mbin mtight\">+</span><span class=\"minner mtight\">⋯</span><span class=\"mbin mtight\">+</span><span class=\"mord mathnormal mtight\">n</span></span></span></span><span class=\"\" style=\"top: -3.23em;\"><span class=\"pstrut\" style=\"height: 3em;\"></span><span class=\"frac-line\" style=\"border-bottom-width: 0.04em;\"></span></span><span class=\"\" style=\"top: -3.394em;\"><span class=\"pstrut\" style=\"height: 3em;\"></span><span class=\"sizing reset-size6 size3 mtight\"><span class=\"mord mtight\"><span class=\"mord mtight\"><span class=\"mord mathnormal mtight\">x</span><span class=\"msupsub\"><span class=\"vlist-t\"><span class=\"vlist-r\"><span class=\"vlist\" style=\"height: 0.7385em;\"><span class=\"\" style=\"top: -2.931em; margin-right: 0.0714em;\"><span class=\"pstrut\" style=\"height: 2.5em;\"></span><span class=\"sizing reset-size3 size1 mtight\"><span class=\"mord mathnormal mtight\">n</span></span></span></span></span></span></span></span></span></span></span></span><span class=\"vlist-s\">​</span></span><span class=\"vlist-r\"><span class=\"vlist\" style=\"height: 0.4033em;\"><span class=\"\"></span></span></span></span></span><span class=\"mclose nulldelimiter\"></span></span></span></span></span></span>﻿</span> , rounded to three decimal places.</p><p>Example:</p><pre class=\"ql-syntax\" spellcheck=\"false\">Input:\n2 1.5\nOutput:\n2.250\n</pre>', 'Good Job', 1, 'CODE', '9ba179ed-d26d-4828-a0f6-8836c2063992', '9ba179ed-d26d-4828-a0f6-8836c2063992', 'CREATED'),
    ('b6484e21-6937-489c-b031-b71767994748', NULL, 'EASY', 'Check square number', 'Given an integer number n, check if it is a square number', 'Good Job', 1, 'CODE', '9ba179ed-d26d-4828-a0f6-8836c2063992', '9ba179ed-d26d-4828-a0f6-8836c2063992', 'CREATED'),
    ('b6484e21-6937-489c-b031-b71767994749', NULL, 'EASY', 'Find the nax number from the set of float number a, b, c', 'A line with three number separated by a space character', 'Good Job', 1, 'CODE', '9ba179ed-d26d-4828-a0f6-8836c2063992', '9ba179ed-d26d-4828-a0f6-8836c2063992', 'CREATED'),
    ('b6484e21-6937-489c-b031-b71767994750', NULL, 'EASY', 'Same sign number', 'Check if Two Real Numbers Have the Same Sign', 'Good Job', 1, 'CODE', '9ba179ed-d26d-4828-a0f6-8836c2063992', '9ba179ed-d26d-4828-a0f6-8836c2063992', 'CREATED'),
    ('b6484e21-6937-489c-b031-b71767994754', NULL, 'MEDIUM', 'Solve ax+b=0', E'<p>Write a program to solve the linear equation <span class=\"ql-formula\" data-value=\"ax + b = 0\">﻿<span contenteditable=\"false\"><span class=\"katex\"><span class=\"katex-mathml\"><math xmlns=\"http://www.w3.org/1998/Math/MathML\"><semantics><mrow><mi>a</mi><mi>x</mi><mo>+</mo><mi>b</mi><mo>=</mo><mn>0</mn></mrow><annotation encoding=\"application/x-tex\">ax + b = 0</annotation></semantics></math></span><span class=\"katex-html\" aria-hidden=\"true\"><span class=\"base\"><span class=\"strut\" style=\"height: 0.6667em; vertical-align: -0.0833em;\"></span><span class=\"mord mathnormal\">a</span><span class=\"mord mathnormal\">x</span><span class=\"mspace\" style=\"margin-right: 0.2222em;\"></span><span class=\"mbin\">+</span><span class=\"mspace\" style=\"margin-right: 0.2222em;\"></span></span><span class=\"base\"><span class=\"strut\" style=\"height: 0.6944em;\"></span><span class=\"mord mathnormal\">b</span><span class=\"mspace\" style=\"margin-right: 0.2778em;\"></span><span class=\"mrel\">=</span><span class=\"mspace\" style=\"margin-right: 0.2778em;\"></span></span><span class=\"base\"><span class=\"strut\" style=\"height: 0.6444em;\"></span><span class=\"mord\">0</span></span></span></span></span>﻿</span> </p><p>Example 1:</p><pre class=\"ql-syntax\" spellcheck=\"false\">Input: \n0 0\nOutput:\nInfinite solutions\n</pre><p>Example 2:</p><pre class=\"ql-syntax\" spellcheck=\"false\">Input:\n0 5\nOutput:\nNo solution\n</pre><p>Example 3:</p><pre class=\"ql-syntax\" spellcheck=\"false\">Input:\n3 0\nOutput:\n0\n</pre>', 'Good Job', 1, 'CODE', '9ba179ed-d26d-4828-a0f6-8836c2063992', '9ba179ed-d26d-4828-a0f6-8836c2063992', 'CREATED'),
    ('b6484e21-6937-489c-b031-b71767994755', NULL, 'EASY', 'Determine the Quarter of a Given Month', E'<p>Input a month of a year. Determine which quarter the month belongs to</p><p>Example:</p><pre class=\"ql-syntax\" spellcheck=\"false\">Input:\n1\nOutput:\nQuarter 1\n</pre>', 'Good Job', 1, 'CODE', '9ba179ed-d26d-4828-a0f6-8836c2063992', '9ba179ed-d26d-4828-a0f6-8836c2063992', 'CREATED'),
    ('b6484e21-6937-489c-b031-b71767994756', NULL, 'EASY', 'Calculate sum of cubes', E'<p>Calculate <span class=\"ql-formula\" data-value=\"S(n) = 1^3 + 2^3 + \\ldots + n^3\">﻿<span contenteditable=\"false\"><span class=\"katex\"><span class=\"katex-mathml\"><math xmlns=\"http://www.w3.org/1998/Math/MathML\"><semantics><mrow><mi>S</mi><mo stretchy=\"false\">(</mo><mi>n</mi><mo stretchy=\"false\">)</mo><mo>=</mo><msup><mn>1</mn><mn>3</mn></msup><mo>+</mo><msup><mn>2</mn><mn>3</mn></msup><mo>+</mo><mo>…</mo><mo>+</mo><msup><mi>n</mi><mn>3</mn></msup></mrow><annotation encoding=\"application/x-tex\">S(n) = 1^3 + 2^3 + \\ldots + n^3</annotation></semantics></math></span><span class=\"katex-html\" aria-hidden=\"true\"><span class=\"base\"><span class=\"strut\" style=\"height: 1em; vertical-align: -0.25em;\"></span><span class=\"mord mathnormal\" style=\"margin-right: 0.0576em;\">S</span><span class=\"mopen\">(</span><span class=\"mord mathnormal\">n</span><span class=\"mclose\">)</span><span class=\"mspace\" style=\"margin-right: 0.2778em;\"></span><span class=\"mrel\">=</span><span class=\"mspace\" style=\"margin-right: 0.2778em;\"></span></span><span class=\"base\"><span class=\"strut\" style=\"height: 0.8974em; vertical-align: -0.0833em;\"></span><span class=\"mord\"><span class=\"mord\">1</span><span class=\"msupsub\"><span class=\"vlist-t\"><span class=\"vlist-r\"><span class=\"vlist\" style=\"height: 0.8141em;\"><span class=\"\" style=\"top: -3.063em; margin-right: 0.05em;\"><span class=\"pstrut\" style=\"height: 2.7em;\"></span><span class=\"sizing reset-size6 size3 mtight\"><span class=\"mord mtight\">3</span></span></span></span></span></span></span></span><span class=\"mspace\" style=\"margin-right: 0.2222em;\"></span><span class=\"mbin\">+</span><span class=\"mspace\" style=\"margin-right: 0.2222em;\"></span></span><span class=\"base\"><span class=\"strut\" style=\"height: 0.8974em; vertical-align: -0.0833em;\"></span><span class=\"mord\"><span class=\"mord\">2</span><span class=\"msupsub\"><span class=\"vlist-t\"><span class=\"vlist-r\"><span class=\"vlist\" style=\"height: 0.8141em;\"><span class=\"\" style=\"top: -3.063em; margin-right: 0.05em;\"><span class=\"pstrut\" style=\"height: 2.7em;\"></span><span class=\"sizing reset-size6 size3 mtight\"><span class=\"mord mtight\">3</span></span></span></span></span></span></span></span><span class=\"mspace\" style=\"margin-right: 0.2222em;\"></span><span class=\"mbin\">+</span><span class=\"mspace\" style=\"margin-right: 0.2222em;\"></span></span><span class=\"base\"><span class=\"strut\" style=\"height: 0.6667em; vertical-align: -0.0833em;\"></span><span class=\"minner\">…</span><span class=\"mspace\" style=\"margin-right: 0.2222em;\"></span><span class=\"mbin\">+</span><span class=\"mspace\" style=\"margin-right: 0.2222em;\"></span></span><span class=\"base\"><span class=\"strut\" style=\"height: 0.8141em;\"></span><span class=\"mord\"><span class=\"mord mathnormal\">n</span><span class=\"msupsub\"><span class=\"vlist-t\"><span class=\"vlist-r\"><span class=\"vlist\" style=\"height: 0.8141em;\"><span class=\"\" style=\"top: -3.063em; margin-right: 0.05em;\"><span class=\"pstrut\" style=\"height: 2.7em;\"></span><span class=\"sizing reset-size6 size3 mtight\"><span class=\"mord mtight\">3</span></span></span></span></span></span></span></span></span></span></span></span>﻿</span> </p><p>Example:</p><pre class=\"ql-syntax\" spellcheck=\"false\">Input:\n2\nOutput:\n9\n</pre>', 'Good Job', 1, 'CODE', '9ba179ed-d26d-4828-a0f6-8836c2063992', '9ba179ed-d26d-4828-a0f6-8836c2063992', 'CREATED'),
    ('b6484e21-6937-489c-b031-b71767994757', NULL, 'EASY', 'English alphabet printing', 'Print from A to the nth character in the English alphabet', 'Good Job', 1, 'CODE', '9ba179ed-d26d-4828-a0f6-8836c2063992', '9ba179ed-d26d-4828-a0f6-8836c2063992', 'CREATED'),
    ('b6484e21-6937-489c-b031-b71767994758', NULL, 'MEDIUM', 'Check prime number', 'Check if n is a prime number or not', 'Good Job', 1, 'CODE', '9ba179ed-d26d-4828-a0f6-8836c2063992', '9ba179ed-d26d-4828-a0f6-8836c2063992', 'CREATED'),
    ('b6484e21-6937-489c-b031-b71767994759', NULL, 'EASY', 'Replace negative number', E'<p>Write a program to input three real numbers. Replace all negative numbers with their absolute values</p><p>Example:</p><pre class=\"ql-syntax\" spellcheck=\"false\">Input:\n1 -1.1 -2\nOutput:\n1 1.1 2\n</pre>', 'Good Job', 1, 'CODE', '9ba179ed-d26d-4828-a0f6-8836c2063992', '9ba179ed-d26d-4828-a0f6-8836c2063992', 'CREATED'),
    ('b6484e21-6937-489c-b031-b71767994760', NULL, 'HARD', 'Check triangle from side length', E'<p>Write a program to input the lengths of the three sides of a triangle and determine the type of triangle</p><p>Example:</p><pre class=\"ql-syntax\" spellcheck=\"false\">Input:\n1 1 1\nOutput:\nEquilateral triangle\n</pre>', 'Good Job', 1, 'CODE', '9ba179ed-d26d-4828-a0f6-8836c2063992', '9ba179ed-d26d-4828-a0f6-8836c2063992', 'CREATED'),
    ('b6484e21-6937-489c-b031-b71767994761', NULL, 'EASY', 'Determine number of days in a month', E'<p>Write a program to input a month and a year. Determine the number of days in that month</p><p>Example:</p><pre class=\"ql-syntax\" spellcheck=\"false\">Input:\n1 2020\nOutput:\n31\n</pre>', 'Good Job', 1, 'CODE', '9ba179ed-d26d-4828-a0f6-8836c2063992', '9ba179ed-d26d-4828-a0f6-8836c2063992', 'CREATED'),
    ('b6484e21-6937-489c-b031-b71767994762', NULL, 'MEDIUM', 'Previous and next day', E'<p>Write a program to input a date, find the previous day and the next day</p><p>Example:</p><pre class=\"ql-syntax\" spellcheck=\"false\">Input:\n2024 6 26\nOutput:\n2024-06-25, 2024-06-27\n</pre>', 'Good Job', 1, 'CODE', '9ba179ed-d26d-4828-a0f6-8836c2063992', '9ba179ed-d26d-4828-a0f6-8836c2063992', 'CREATED'),
    ('b6484e21-6937-489c-b031-b71767994763', NULL, 'HARD', 'Determine the Day of the Week from a Given Date', E'<p>Write a program to input a day, month, and year. Determine the day of the week for that date</p><p>Example:</p><pre class=\"ql-syntax\" spellcheck=\"false\">Input:\n2024-03-01\nOutput:\nFriday\n</pre>', 'Good Job', 1, 'CODE', '9ba179ed-d26d-4828-a0f6-8836c2063992', '9ba179ed-d26d-4828-a0f6-8836c2063992', 'CREATED'),
    ('b6484e21-6937-489c-b031-b71767994764', NULL, 'HARD', 'Question 64', 'Question Mouse Text', 'Good Job', 1, 'CODE', '9ba179ed-d26d-4828-a0f6-8836c2063992', '9ba179ed-d26d-4828-a0f6-8836c2063992', 'CREATED'),
    ('b6484e21-6937-489c-b031-b71767994765', NULL, 'HARD', 'Question 65', 'Question Mouse Text', 'Good Job', 1, 'CODE', '9ba179ed-d26d-4828-a0f6-8836c2063992', '9ba179ed-d26d-4828-a0f6-8836c2063992', 'CREATED'),
    ('b6484e21-6937-489c-b031-b71767994766', NULL, 'HARD', 'Question 66', 'Question Mouse Text', 'Good Job', 1, 'CODE', '9ba179ed-d26d-4828-a0f6-8836c2063992', '9ba179ed-d26d-4828-a0f6-8836c2063992', 'CREATED'),
    ('b6484e21-6937-489c-b031-b71767994767', NULL, 'HARD', 'Question 67', 'Question Mouse Text', 'Good Job', 1, 'CODE', '9ba179ed-d26d-4828-a0f6-8836c2063992', '9ba179ed-d26d-4828-a0f6-8836c2063992', 'CREATED'),
    ('b6484e21-6937-489c-b031-b71767994768', NULL, 'HARD', 'Question 68', 'Question Mouse Text', 'Good Job', 1, 'CODE', '9ba179ed-d26d-4828-a0f6-8836c2063992', '9ba179ed-d26d-4828-a0f6-8836c2063992', 'CREATED'),
    ('b6484e21-6937-489c-b031-b71767994769', NULL, 'HARD', 'Question 69', 'Question Mouse Text', 'Good Job', 1, 'CODE', '9ba179ed-d26d-4828-a0f6-8836c2063992', '9ba179ed-d26d-4828-a0f6-8836c2063992', 'CREATED'),
    ('b6484e21-6937-489c-b031-b71767994770', NULL, 'HARD', 'Question 70', 'Question Mouse Text', 'Good Job', 1, 'CODE', '9ba179ed-d26d-4828-a0f6-8836c2063992', '9ba179ed-d26d-4828-a0f6-8836c2063992', 'CREATED'),
    ('b6484e21-6937-489c-b031-b71767994771', NULL, 'HARD', 'Question 71', 'Question Mouse Text', 'Good Job', 1, 'CODE', '9ba179ed-d26d-4828-a0f6-8836c2063992', '9ba179ed-d26d-4828-a0f6-8836c2063992', 'CREATED'),
    ('b6484e21-6937-489c-b031-b71767994772', NULL, 'HARD', 'Question 72', 'Question Mouse Text', 'Good Job', 1, 'CODE', '9ba179ed-d26d-4828-a0f6-8836c2063992', '9ba179ed-d26d-4828-a0f6-8836c2063992', 'CREATED'),
    ('b6484e21-6937-489c-b031-b71767994773', NULL, 'HARD', 'Question 73', 'Question Mouse Text', 'Good Job', 1, 'CODE', '9ba179ed-d26d-4828-a0f6-8836c2063992', '9ba179ed-d26d-4828-a0f6-8836c2063992', 'CREATED'),
    ('b6484e21-6937-489c-b031-b71767994774', NULL, 'HARD', 'Question 74', 'Question Mouse Text', 'Good Job', 1, 'CODE', '9ba179ed-d26d-4828-a0f6-8836c2063992', '9ba179ed-d26d-4828-a0f6-8836c2063992', 'CREATED'),
    ('b6484e21-6937-489c-b031-b71767994775', NULL, 'HARD', 'Question 75', 'Question Mouse Text', 'Good Job', 1, 'CODE', '9ba179ed-d26d-4828-a0f6-8836c2063992', '9ba179ed-d26d-4828-a0f6-8836c2063992', 'CREATED'),
    ('b6484e21-6937-489c-b031-b71767994776', NULL, 'HARD', 'Question 76', 'Question Mouse Text', 'Good Job', 1, 'CODE', '9ba179ed-d26d-4828-a0f6-8836c2063992', '9ba179ed-d26d-4828-a0f6-8836c2063992', 'CREATED'),
    ('b6484e21-6937-489c-b031-b71767994777', NULL, 'HARD', 'Question 77', 'Question Mouse Text', 'Good Job', 1, 'CODE', '9ba179ed-d26d-4828-a0f6-8836c2063992', '9ba179ed-d26d-4828-a0f6-8836c2063992', 'CREATED'),
    ('b6484e21-6937-489c-b031-b71767994778', NULL, 'HARD', 'Question 78', 'Question Mouse Text', 'Good Job', 1, 'CODE', '9ba179ed-d26d-4828-a0f6-8836c2063992', '9ba179ed-d26d-4828-a0f6-8836c2063992', 'CREATED'),
    ('b6484e21-6937-489c-b031-b71767994779', NULL, 'HARD', 'Question 79', 'Question Mouse Text', 'Good Job', 1, 'CODE', '9ba179ed-d26d-4828-a0f6-8836c2063992', '9ba179ed-d26d-4828-a0f6-8836c2063992', 'CREATED'),
    ('b6484e21-6937-489c-b031-b71767994780', NULL, 'HARD', 'Question 80', 'Question Mouse Text', 'Good Job', 1, 'CODE', '9ba179ed-d26d-4828-a0f6-8836c2063992', '9ba179ed-d26d-4828-a0f6-8836c2063992', 'CREATED'),
    ('b6484e21-6937-489c-b031-b71767994781', NULL, 'HARD', 'Question 81', 'Question Mouse Text', 'Good Job', 1, 'CODE', '9ba179ed-d26d-4828-a0f6-8836c2063992', '9ba179ed-d26d-4828-a0f6-8836c2063992', 'CREATED'),
    ('b6484e21-6937-489c-b031-b71767994782', NULL, 'HARD', 'Question 82', 'Question Mouse Text', 'Good Job', 1, 'CODE', '9ba179ed-d26d-4828-a0f6-8836c2063992', '9ba179ed-d26d-4828-a0f6-8836c2063992', 'CREATED'),
    ('b6484e21-6937-489c-b031-b71767994783', NULL, 'HARD', 'Question 83', 'Question Mouse Text', 'Good Job', 1, 'CODE', '9ba179ed-d26d-4828-a0f6-8836c2063992', '9ba179ed-d26d-4828-a0f6-8836c2063992', 'CREATED'),
    ('b6484e21-6937-489c-b031-b71767994784', NULL, 'HARD', 'Question 84', 'Question Mouse Text', 'Good Job', 1, 'CODE', '9ba179ed-d26d-4828-a0f6-8836c2063992', '9ba179ed-d26d-4828-a0f6-8836c2063992', 'CREATED'),
    ('b6484e21-6937-489c-b031-b71767994785', NULL, 'HARD', 'Question 85', 'Question Mouse Text', 'Good Job', 1, 'CODE', '9ba179ed-d26d-4828-a0f6-8836c2063992', '9ba179ed-d26d-4828-a0f6-8836c2063992', 'CREATED'),
    ('b6484e21-6937-489c-b031-b71767994786', NULL, 'HARD', 'Question 86', 'Question Mouse Text', 'Good Job', 1, 'CODE', '9ba179ed-d26d-4828-a0f6-8836c2063992', '9ba179ed-d26d-4828-a0f6-8836c2063992', 'CREATED'),
    ('b6484e21-6937-489c-b031-b71767994787', NULL, 'HARD', 'Question 87', 'Question Mouse Text', 'Good Job', 1, 'CODE', '9ba179ed-d26d-4828-a0f6-8836c2063992', '9ba179ed-d26d-4828-a0f6-8836c2063992', 'CREATED'),
    ('b6484e21-6937-489c-b031-b71767994788', NULL, 'HARD', 'Question 88', 'Question Mouse Text', 'Good Job', 1, 'CODE', '9ba179ed-d26d-4828-a0f6-8836c2063992', '9ba179ed-d26d-4828-a0f6-8836c2063992', 'CREATED'),
    ('b6484e21-6937-489c-b031-b71767994789', NULL, 'HARD', 'Question 89', 'Question Mouse Text', 'Good Job', 1, 'CODE', '9ba179ed-d26d-4828-a0f6-8836c2063992', '9ba179ed-d26d-4828-a0f6-8836c2063992', 'CREATED'),
    ('b6484e21-6937-489c-b031-b71767994790', NULL, 'HARD', 'Question 90', 'Question Mouse Text', 'Good Job', 1, 'CODE', '9ba179ed-d26d-4828-a0f6-8836c2063992', '9ba179ed-d26d-4828-a0f6-8836c2063992', 'CREATED'),
    ('b6484e21-6937-489c-b031-b71767994791', NULL, 'HARD', 'Question 91', 'Question Mouse Text', 'Good Job', 1, 'CODE', '9ba179ed-d26d-4828-a0f6-8836c2063992', '9ba179ed-d26d-4828-a0f6-8836c2063992', 'CREATED'),
    ('b6484e21-6937-489c-b031-b71767994792', NULL, 'HARD', 'Question 92', 'Question Mouse Text', 'Good Job', 1, 'CODE', '9ba179ed-d26d-4828-a0f6-8836c2063992', '9ba179ed-d26d-4828-a0f6-8836c2063992', 'CREATED'),
    ('b6484e21-6937-489c-b031-b71767994793', NULL, 'HARD', 'Question 93', 'Question Mouse Text', 'Good Job', 1, 'CODE', '9ba179ed-d26d-4828-a0f6-8836c2063992', '9ba179ed-d26d-4828-a0f6-8836c2063992', 'CREATED'),
    ('b6484e21-6937-489c-b031-b71767994794', NULL, 'HARD', 'Question 94', 'Question Mouse Text', 'Good Job', 1, 'CODE', '9ba179ed-d26d-4828-a0f6-8836c2063992', '9ba179ed-d26d-4828-a0f6-8836c2063992', 'CREATED'),
    ('b6484e21-6937-489c-b031-b71767994795', NULL, 'HARD', 'Question 95', 'Question Mouse Text', 'Good Job', 1, 'CODE', '9ba179ed-d26d-4828-a0f6-8836c2063992', '9ba179ed-d26d-4828-a0f6-8836c2063992', 'CREATED'),
    ('b6484e21-6937-489c-b031-b71767994796', NULL, 'HARD', 'Question 96', 'Question Mouse Text', 'Good Job', 1, 'CODE', '9ba179ed-d26d-4828-a0f6-8836c2063992', '9ba179ed-d26d-4828-a0f6-8836c2063992', 'CREATED'),
    ('b6484e21-6937-489c-b031-b71767994797', NULL, 'HARD', 'Question 97', 'Question Mouse Text', 'Good Job', 1, 'CODE', '9ba179ed-d26d-4828-a0f6-8836c2063992', '9ba179ed-d26d-4828-a0f6-8836c2063992', 'CREATED'),
    ('b6484e21-6937-489c-b031-b71767994798', NULL, 'HARD', 'Question 98', 'Question Mouse Text', 'Good Job', 1, 'CODE', '9ba179ed-d26d-4828-a0f6-8836c2063992', '9ba179ed-d26d-4828-a0f6-8836c2063992', 'CREATED'),
    ('b6484e21-6937-489c-b031-b71767994799', NULL, 'HARD', 'Question 99', 'Question Mouse Text', 'Good Job', 1, 'CODE', '9ba179ed-d26d-4828-a0f6-8836c2063992', '9ba179ed-d26d-4828-a0f6-8836c2063992', 'CREATED'),
    ('b6484e21-6937-489c-b031-b71767994800', NULL, 'HARD', 'Question 100', 'Question Mouse Text', 'Good Job', 1, 'CODE', '9ba179ed-d26d-4828-a0f6-8836c2063992', '9ba179ed-d26d-4828-a0f6-8836c2063992', 'CREATED'),
    ('b6484e21-6937-489c-b031-b71767994801', NULL, 'HARD', 'Question 101', 'Question Mouse Text', 'Good Job', 1, 'CODE', '9ba179ed-d26d-4828-a0f6-8836c2063992', '9ba179ed-d26d-4828-a0f6-8836c2063992', 'CREATED'),
    ('b6484e21-6937-489c-b031-b71767994802', NULL, 'HARD', 'Question 102', 'Question Mouse Text', 'Good Job', 1, 'CODE', '9ba179ed-d26d-4828-a0f6-8836c2063992', '9ba179ed-d26d-4828-a0f6-8836c2063992', 'CREATED'),
    ('b6484e21-6937-489c-b031-b71767994803', NULL, 'HARD', 'Question 103', 'Question Mouse Text', 'Good Job', 1, 'CODE', '9ba179ed-d26d-4828-a0f6-8836c2063992', '9ba179ed-d26d-4828-a0f6-8836c2063992', 'CREATED'),
    ('b6484e21-6937-489c-b031-b71767994804', NULL, 'HARD', 'Question 104', 'Question Mouse Text', 'Good Job', 1, 'CODE', '9ba179ed-d26d-4828-a0f6-8836c2063992', '9ba179ed-d26d-4828-a0f6-8836c2063992', 'CREATED'),
    ('b6484e21-6937-489c-b031-b71767994805', NULL, 'HARD', 'Question 105', 'Question Mouse Text', 'Good Job', 1, 'CODE', '9ba179ed-d26d-4828-a0f6-8836c2063992', '9ba179ed-d26d-4828-a0f6-8836c2063992', 'CREATED'),
    ('b6484e21-6937-489c-b031-b71767994806', NULL, 'HARD', 'Question 106', 'Question Mouse Text', 'Good Job', 1, 'CODE', '9ba179ed-d26d-4828-a0f6-8836c2063992', '9ba179ed-d26d-4828-a0f6-8836c2063992', 'CREATED'),
    ('b6484e21-6937-489c-b031-b71767994807', NULL, 'HARD', 'Question 107', 'Question Mouse Text', 'Good Job', 1, 'CODE', '9ba179ed-d26d-4828-a0f6-8836c2063992', '9ba179ed-d26d-4828-a0f6-8836c2063992', 'CREATED'),
    ('b6484e21-6937-489c-b031-b71767994808', NULL, 'HARD', 'Question 108', 'Question Mouse Text', 'Good Job', 1, 'CODE', '9ba179ed-d26d-4828-a0f6-8836c2063992', '9ba179ed-d26d-4828-a0f6-8836c2063992', 'CREATED'),
    ('b6484e21-6937-489c-b031-b71767994809', NULL, 'HARD', 'Question 109', 'Question Mouse Text', 'Good Job', 1, 'CODE', '9ba179ed-d26d-4828-a0f6-8836c2063992', '9ba179ed-d26d-4828-a0f6-8836c2063992', 'CREATED'),
    ('b6484e21-6937-489c-b031-b71767994810', NULL, 'HARD', 'Question 110', 'Question Mouse Text', 'Good Job', 1, 'CODE', '9ba179ed-d26d-4828-a0f6-8836c2063992', '9ba179ed-d26d-4828-a0f6-8836c2063992', 'CREATED'),
    ('b6484e21-6937-489c-b031-b71767994811', NULL, 'HARD', 'Question 111', 'Question Mouse Text', 'Good Job', 1, 'CODE', '9ba179ed-d26d-4828-a0f6-8836c2063992', '9ba179ed-d26d-4828-a0f6-8836c2063992', 'CREATED'),
    ('b6484e21-6937-489c-b031-b71767994812', NULL, 'HARD', 'Question 112', 'Question Mouse Text', 'Good Job', 1, 'CODE', '9ba179ed-d26d-4828-a0f6-8836c2063992', '9ba179ed-d26d-4828-a0f6-8836c2063992', 'CREATED'),
    ('b6484e21-6937-489c-b031-b71767994813', NULL, 'HARD', 'Question 113', 'Question Mouse Text', 'Good Job', 1, 'CODE', '9ba179ed-d26d-4828-a0f6-8836c2063992', '9ba179ed-d26d-4828-a0f6-8836c2063992', 'CREATED'),
    ('b6484e21-6937-489c-b031-b71767994814', NULL, 'HARD', 'Question 114', 'Question Mouse Text', 'Good Job', 1, 'CODE', '9ba179ed-d26d-4828-a0f6-8836c2063992', '9ba179ed-d26d-4828-a0f6-8836c2063992', 'CREATED'),
    ('b6484e21-6937-489c-b031-b71767994815', NULL, 'HARD', 'Question 115', 'Question Mouse Text', 'Good Job', 1, 'CODE', '9ba179ed-d26d-4828-a0f6-8836c2063992', '9ba179ed-d26d-4828-a0f6-8836c2063992', 'CREATED'),
    ('b6484e21-6937-489c-b031-b71767994816', NULL, 'HARD', 'Question 116', 'Question Mouse Text', 'Good Job', 1, 'CODE', '9ba179ed-d26d-4828-a0f6-8836c2063992', '9ba179ed-d26d-4828-a0f6-8836c2063992', 'CREATED'),
    ('b6484e21-6937-489c-b031-b71767994817', NULL, 'HARD', 'Question 117', 'Question Mouse Text', 'Good Job', 1, 'CODE', '9ba179ed-d26d-4828-a0f6-8836c2063992', '9ba179ed-d26d-4828-a0f6-8836c2063992', 'CREATED'),
    ('b6484e21-6937-489c-b031-b71767994818', NULL, 'HARD', 'Question 118', 'Question Mouse Text', 'Good Job', 1, 'CODE', '9ba179ed-d26d-4828-a0f6-8836c2063992', '9ba179ed-d26d-4828-a0f6-8836c2063992', 'CREATED'),
    ('b6484e21-6937-489c-b031-b71767994819', NULL, 'HARD', 'Question 119', 'Question Mouse Text', 'Good Job', 1, 'CODE', '9ba179ed-d26d-4828-a0f6-8836c2063992', '9ba179ed-d26d-4828-a0f6-8836c2063992', 'CREATED'),
    ('b6484e21-6937-489c-b031-b71767994820', NULL, 'HARD', 'Question 120', 'Question Mouse Text', 'Good Job', 1, 'CODE', '9ba179ed-d26d-4828-a0f6-8836c2063992', '9ba179ed-d26d-4828-a0f6-8836c2063992', 'CREATED'),
    ('b6484e21-6937-489c-b031-b71767994821', NULL, 'HARD', 'Question 121', 'Question Mouse Text', 'Good Job', 1, 'CODE', '9ba179ed-d26d-4828-a0f6-8836c2063992', '9ba179ed-d26d-4828-a0f6-8836c2063992', 'CREATED'),
    ('b6484e21-6937-489c-b031-b71767994822', NULL, 'HARD', 'Question 122', 'Question Mouse Text', 'Good Job', 1, 'CODE', '9ba179ed-d26d-4828-a0f6-8836c2063992', '9ba179ed-d26d-4828-a0f6-8836c2063992', 'CREATED'),
    ('b6484e21-6937-489c-b031-b71767994823', NULL, 'HARD', 'Question 123', 'Question Mouse Text', 'Good Job', 1, 'CODE', '9ba179ed-d26d-4828-a0f6-8836c2063992', '9ba179ed-d26d-4828-a0f6-8836c2063992', 'CREATED'),
    ('b6484e21-6937-489c-b031-b71767994824', NULL, 'HARD', 'Question 124', 'Question Mouse Text', 'Good Job', 1, 'CODE', '9ba179ed-d26d-4828-a0f6-8836c2063992', '9ba179ed-d26d-4828-a0f6-8836c2063992', 'CREATED'),
    ('b6484e21-6937-489c-b031-b71767994825', NULL, 'HARD', 'Question 125', 'Question Mouse Text', 'Good Job', 1, 'CODE', '9ba179ed-d26d-4828-a0f6-8836c2063992', '9ba179ed-d26d-4828-a0f6-8836c2063992', 'CREATED'),
    ('b6484e21-6937-489c-b031-b71767994826', NULL, 'HARD', 'Question 126', 'Question Mouse Text', 'Good Job', 1, 'CODE', '9ba179ed-d26d-4828-a0f6-8836c2063992', '9ba179ed-d26d-4828-a0f6-8836c2063992', 'CREATED'),
    ('b6484e21-6937-489c-b031-b71767994827', NULL, 'HARD', 'Question 127', 'Question Mouse Text', 'Good Job', 1, 'CODE', '9ba179ed-d26d-4828-a0f6-8836c2063992', '9ba179ed-d26d-4828-a0f6-8836c2063992', 'CREATED'),
    ('b6484e21-6937-489c-b031-b71767994828', NULL, 'HARD', 'Question 128', 'Question Mouse Text', 'Good Job', 1, 'CODE', '9ba179ed-d26d-4828-a0f6-8836c2063992', '9ba179ed-d26d-4828-a0f6-8836c2063992', 'CREATED'),
    ('b6484e21-6937-489c-b031-b71767994829', NULL, 'HARD', 'Question 129', 'Question Mouse Text', 'Good Job', 1, 'CODE', '9ba179ed-d26d-4828-a0f6-8836c2063992', '9ba179ed-d26d-4828-a0f6-8836c2063992', 'CREATED'),
    ('b6484e21-6937-489c-b031-b71767994830', NULL, 'HARD', 'Question 130', 'Question Mouse Text', 'Good Job', 1, 'CODE', '9ba179ed-d26d-4828-a0f6-8836c2063992', '9ba179ed-d26d-4828-a0f6-8836c2063992', 'CREATED'),
    ('b6484e21-6937-489c-b031-b71767994831', NULL, 'HARD', 'Question 131', 'Question Mouse Text', 'Good Job', 1, 'CODE', '9ba179ed-d26d-4828-a0f6-8836c2063992', '9ba179ed-d26d-4828-a0f6-8836c2063992', 'CREATED'),
    ('b6484e21-6937-489c-b031-b71767994832', NULL, 'HARD', 'Question 132', 'Question Mouse Text', 'Good Job', 1, 'CODE', '9ba179ed-d26d-4828-a0f6-8836c2063992', '9ba179ed-d26d-4828-a0f6-8836c2063992', 'CREATED'),
    ('b6484e21-6937-489c-b031-b71767994833', NULL, 'HARD', 'Question 133', 'Question Mouse Text', 'Good Job', 1, 'CODE', '9ba179ed-d26d-4828-a0f6-8836c2063992', '9ba179ed-d26d-4828-a0f6-8836c2063992', 'CREATED'),
    ('b6484e21-6937-489c-b031-b71767994834', NULL, 'HARD', 'Question 134', 'Question Mouse Text', 'Good Job', 1, 'CODE', '9ba179ed-d26d-4828-a0f6-8836c2063992', '9ba179ed-d26d-4828-a0f6-8836c2063992', 'CREATED'),
    ('b6484e21-6937-489c-b031-b71767994835', NULL, 'HARD', 'Question 135', 'Question Mouse Text', 'Good Job', 1, 'CODE', '9ba179ed-d26d-4828-a0f6-8836c2063992', '9ba179ed-d26d-4828-a0f6-8836c2063992', 'CREATED'),
    ('b6484e21-6937-489c-b031-b71767994836', NULL, 'HARD', 'Question 136', 'Question Mouse Text', 'Good Job', 1, 'CODE', '9ba179ed-d26d-4828-a0f6-8836c2063992', '9ba179ed-d26d-4828-a0f6-8836c2063992', 'CREATED'),
    ('b6484e21-6937-489c-b031-b71767994837', NULL, 'HARD', 'Question 137', 'Question Mouse Text', 'Good Job', 1, 'CODE', '9ba179ed-d26d-4828-a0f6-8836c2063992', '9ba179ed-d26d-4828-a0f6-8836c2063992', 'CREATED'),
    ('b6484e21-6937-489c-b031-b71767994838', NULL, 'HARD', 'Question 138', 'Question Mouse Text', 'Good Job', 1, 'CODE', '9ba179ed-d26d-4828-a0f6-8836c2063992', '9ba179ed-d26d-4828-a0f6-8836c2063992', 'CREATED'),
    ('b6484e21-6937-489c-b031-b71767994839', NULL, 'HARD', 'Question 139', 'Question Mouse Text', 'Good Job', 1, 'CODE', '9ba179ed-d26d-4828-a0f6-8836c2063992', '9ba179ed-d26d-4828-a0f6-8836c2063992', 'CREATED'),
    ('b6484e21-6937-489c-b031-b71767994840', NULL, 'HARD', 'Question 140', 'Question Mouse Text', 'Good Job', 1, 'CODE', '9ba179ed-d26d-4828-a0f6-8836c2063992', '9ba179ed-d26d-4828-a0f6-8836c2063992', 'CREATED'),
    ('b6484e21-6937-489c-b031-b71767994841', NULL, 'HARD', 'Question 141', 'Question Mouse Text', 'Good Job', 1, 'CODE', '9ba179ed-d26d-4828-a0f6-8836c2063992', '9ba179ed-d26d-4828-a0f6-8836c2063992', 'CREATED'),
    ('b6484e21-6937-489c-b031-b71767994842', NULL, 'HARD', 'Question 142', 'Question Mouse Text', 'Good Job', 1, 'CODE', '9ba179ed-d26d-4828-a0f6-8836c2063992', '9ba179ed-d26d-4828-a0f6-8836c2063992', 'CREATED'),
    ('b6484e21-6937-489c-b031-b71767994843', NULL, 'HARD', 'Question 143', 'Question Mouse Text', 'Good Job', 1, 'CODE', '9ba179ed-d26d-4828-a0f6-8836c2063992', '9ba179ed-d26d-4828-a0f6-8836c2063992', 'CREATED'),
    ('b6484e21-6937-489c-b031-b71767994844', NULL, 'HARD', 'Question 144', 'Question Mouse Text', 'Good Job', 1, 'CODE', '9ba179ed-d26d-4828-a0f6-8836c2063992', '9ba179ed-d26d-4828-a0f6-8836c2063992', 'CREATED'),
    ('b6484e21-6937-489c-b031-b71767994845', NULL, 'HARD', 'Question 145', 'Question Mouse Text', 'Good Job', 1, 'CODE', '9ba179ed-d26d-4828-a0f6-8836c2063992', '9ba179ed-d26d-4828-a0f6-8836c2063992', 'CREATED'),
    ('b6484e21-6937-489c-b031-b71767994846', NULL, 'HARD', 'Question 146', 'Question Mouse Text', 'Good Job', 1, 'CODE', '9ba179ed-d26d-4828-a0f6-8836c2063992', '9ba179ed-d26d-4828-a0f6-8836c2063992', 'CREATED'),
    ('b6484e21-6937-489c-b031-b71767994847', NULL, 'HARD', 'Question 147', 'Question Mouse Text', 'Good Job', 1, 'CODE', '9ba179ed-d26d-4828-a0f6-8836c2063992', '9ba179ed-d26d-4828-a0f6-8836c2063992', 'CREATED');

INSERT INTO public.answer_of_question(id, question_id, feedback, answer, fraction)
VALUES
--    ('d215b5f8-0249-4dc5-89a3-51fd148cfb15', 'b6484e21-6937-489c-b031-b71767994221', 'Correct', 'print(Hello World)', 1), câu hỏi code thì làm j có ở đây
    ('d215b5f8-0249-4dc5-89a3-51fd148cfb64', 'b6484e21-6937-489c-b031-b71767994233', 'Wrong', 'Essat 1', 1),
    ('d215b5f8-0249-4dc5-89a3-51fd148cfb86', 'b6484e21-6937-489c-b031-b71767994233', 'Wow', 'p p p)', 1),
    ('d215b5f8-0249-4dc5-89a3-51fd148cfb25', 'b6484e21-6937-489c-b031-b71767994233', 'Good', 'essay t12', 1),
    ('d215b5f8-0249-4dc5-89a3-51fd148cfb69', 'b6484e21-6937-489c-b031-b71767994132', 'Bad', 'short answer t12', 1),
    ('d215b5f8-0249-4dc5-89a3-51fd148cfe63', 'b6484e21-6937-489c-b031-b71767994735', 'Hihi', 'multi 1', 1),
    ('d215b5f8-0249-4dc5-89a3-51fd148cff62', 'b6484e21-6937-489c-b031-b71767994735', 'huhu', 'multi 2', 1),
    ('d215b5f8-0249-4dc5-89a3-51fd148cff20', 'b6484e21-6937-489c-b031-b71767994735', 'haha', 'multi 3', 1);

INSERT INTO public.qtype_code_question(id, question_id, dsl_template)
VALUES
    ('3c5b1113-d267-4d21-bc6e-8cbd4cb57b69', 'b6484e21-6937-489c-b031-b71767994221', 'template'),
    ('f6d7b882-9399-4bc3-baad-6350285bfa78', 'b6484e21-6937-489c-b031-b71767994736', 'template'),
    ('48caf2c9-8c81-49a7-b656-c3b024a798c3', 'b6484e21-6937-489c-b031-b71767994737', 'template'),
    ('2589a5b7-94c9-4a76-86d9-576718ca63c3', 'b6484e21-6937-489c-b031-b71767994738', 'template'),
    ('2dbe940c-8d25-4a88-a283-d79785c1ea2a', 'b6484e21-6937-489c-b031-b71767994739', 'template'),
    ('07bf0b32-09ce-47d0-b4e1-c0ba35799b43', 'b6484e21-6937-489c-b031-b71767994740', 'template'),
    ('2f3b15cc-219f-47eb-8d17-702e89afb86a', 'b6484e21-6937-489c-b031-b71767994741', 'template'),
    ('fe0a658d-7ce9-4524-b388-84539a34a521', 'b6484e21-6937-489c-b031-b71767994742', 'template'),
    ('1374d22a-b27b-4d3d-9ad4-b613e1f1e253', 'b6484e21-6937-489c-b031-b71767994743', 'template'),
    ('06d71d03-f5ba-4a89-9083-596ef649ade9', 'b6484e21-6937-489c-b031-b71767994744', 'template'),
    ('b1ae32db-17e6-4fdb-991b-160e95721562', 'b6484e21-6937-489c-b031-b71767994745', 'template'),
    ('058cdf70-3cc5-4a99-9edd-edfa0325c207', 'b6484e21-6937-489c-b031-b71767994746', 'template'),
    ('51981528-01ff-491a-bc7b-a24aedfb0363', 'b6484e21-6937-489c-b031-b71767994747', 'template'),
    ('6181a38b-2b06-4a60-ad5f-750780d79e3e', 'b6484e21-6937-489c-b031-b71767994748', 'template'),
    ('22427527-053c-4602-a519-9e52cb5f2366', 'b6484e21-6937-489c-b031-b71767994749', 'template'),
    ('cd39d755-41f1-452f-a0df-09c64c7a67cf', 'b6484e21-6937-489c-b031-b71767994750', 'template'),
    ('d49496bb-87a5-483f-9597-564ad6ee0305', 'b6484e21-6937-489c-b031-b71767994754', 'template'),
    ('4be91526-365b-4e50-99ae-75ba2a87ba08', 'b6484e21-6937-489c-b031-b71767994755', 'template'),
    ('4be91526-365b-4e50-99ae-75ba2a87ba09', 'b6484e21-6937-489c-b031-b71767994756', 'template'),
    ('fa373da0-9d7d-4ced-bf8b-c06a0063cd4e', 'b6484e21-6937-489c-b031-b71767994757', 'template'),
    ('1f24ac22-737a-4074-9290-ec41bb15e2b0', 'b6484e21-6937-489c-b031-b71767994758', 'template'),
    ('7841c704-b8ae-4664-bb2c-d4a63fb80fd5', 'b6484e21-6937-489c-b031-b71767994759', 'template'),
    ('30a01889-fbc9-4eaf-9f4e-fa0341ea6ced', 'b6484e21-6937-489c-b031-b71767994760', 'template'),
    ('25315a21-41a1-464d-b9dc-d4ec978cd2ff', 'b6484e21-6937-489c-b031-b71767994761', 'template'),
    ('e557b35c-715e-4d21-8aaf-8c86ad5690b1', 'b6484e21-6937-489c-b031-b71767994762', 'template'),
    ('219cafcd-d4fe-4fb0-81fd-be2da867f9d4', 'b6484e21-6937-489c-b031-b71767994763', 'template');


INSERT INTO public.qtype_essay_question(id, question_id, response_format, response_required, response_field_lines, min_word_limit, max_word_limit, attachments, attachments_required, grader_info, grader_info_format, response_template, max_bytes, file_types_list)
VALUES
    ('27549d54-4a3a-4be4-9875-eab03f88ba6e', 'b6484e21-6937-489c-b031-b71767994233', 'editor', 1, 10, 0, 0, 2, 0, 'Truong Gia Tien', 'author name', 'pdf please', 10, 'archive,document');

INSERT INTO public.qtype_shortanswer_question(id, question_id, case_sensitive)
VALUES
    ('27549d54-4a3a-4be4-9875-eab03f88ba7f', 'b6484e21-6937-489c-b031-b71767994132', false);

INSERT INTO public.qtype_multichoice_question(id, question_id, single, shuffle_answers, correct_feedback, partially_correct_feedback, incorrect_feedback, answer_numbering, show_num_correct, show_standard_instruction)
VALUES
    ('27549d54-4a3a-4be4-9875-eab03f88ba8f', 'b6484e21-6937-489c-b031-b71767994735', true, true, 'Correct', 'Partially correct', 'Incorrect', 'none', 3, 'Show instruction 2');

INSERT INTO public.certificate_course(id, topic_id, name, description, skill_level, start_time, end_time, created_by, updated_by, avg_rating)
VALUES
    ('d215b5f8-0249-4dc5-89a3-51fd148cfb15', '9ba179ed-d26d-4828-a0f6-8836c2063992', 'Basic Python', '<div class="markdown prose w-full break-words dark:prose-invert light"><p><strong>Course Title: Basic Python</strong></p><p><strong>Course Description:</strong></p><p>Begin your journey into the world of programming with our <strong>Basic Python</strong> course. This course is designed for beginners with little to no prior programming experience and provides a solid foundation in Python, one of the most popular and versatile programming languages today.</p><p><strong>Key Features:</strong></p><ul><li><strong>Introduction to Python:</strong> Learn the basics of Python programming, including syntax, variables, and data types.</li><li><strong>Control Structures:</strong> Understand essential control structures such as loops and conditionals to control the flow of your programs.</li><li><strong>Functions:</strong> Discover how to write reusable code using functions, making your programs more modular and easier to manage.</li><li><strong>Data Structures:</strong> Get introduced to fundamental data structures like lists, tuples, and dictionaries to store and manipulate data efficiently.</li><li><strong>File Handling:</strong> Learn basic file input/output operations to read from and write to files.</li><li><strong>Error Handling:</strong> Gain an understanding of error handling to write more robust and reliable programs.</li><li><strong>Libraries and Modules:</strong> Explore how to use Python libraries and modules to extend the functionality of your programs.</li></ul><p>By the end of this course, you''ll have the skills to write simple Python programs, understand core programming concepts, and be ready to advance to more complex topics. Whether you''re aiming to start a career in programming, automate simple tasks, or just explore a new hobby, this Basic Python course is your gateway to the world of coding.</p><p><strong>Prerequisites:</strong></p><ul><li>No prior programming experience required</li><li>Basic computer literacy</li></ul><p>Join us and take the first step towards becoming a proficient Python programmer!</p></div>', 'BASIC', '2024-04-15 18:09:29.488151+07', '2024-04-15 18:09:29.488151+07', '9ba179ed-d26d-4828-a0f6-8836c2063992', '9ba179ed-d26d-4828-a0f6-8836c2063992', 4),
    ('d215b5f8-0249-4dc5-89a3-51fd148cfb16', '9ba179ed-d26d-4828-a0f6-8836c2063992', 'Intermediate Python', '<div class="flex w-full flex-col gap-1 juice:empty:hidden juice:first:pt-[3px]"><div class="markdown prose w-full break-words dark:prose-invert light"><p><strong>Course Title: Intermediate Python</strong></p><p><strong>Course Description:</strong></p><p>Unlock the next level of your Python programming skills with our <strong>Intermediate Python</strong> course. Designed for those with a basic understanding of Python, this course dives deeper into the language, enhancing your ability to develop robust, efficient, and versatile code.</p><p><strong>Key Features:</strong></p><ul><li><strong>Advanced Data Structures:</strong> Master complex data structures like sets, dictionaries, and comprehensions to write more efficient code.</li><li><strong>Object-Oriented Programming:</strong> Gain a solid foundation in OOP principles, learning how to design and implement Python classes and objects effectively.</li><li><strong>Modules and Packages:</strong> Understand how to create and use modules and packages to organize your code better and reuse it across multiple projects.</li><li><strong>Error Handling:</strong> Learn advanced techniques for managing errors and exceptions to build more reliable programs.</li><li><strong>File I/O:</strong> Explore advanced file input/output operations to handle various file formats and data streams.</li><li><strong>Regular Expressions:</strong> Get introduced to regular expressions for powerful text processing capabilities.</li><li><strong>Libraries and Frameworks:</strong> Discover popular Python libraries and frameworks that can help streamline your development process.</li></ul><p>By the end of this course, you''ll be equipped with the skills and confidence to tackle more complex programming challenges and contribute to larger projects. Whether you''re looking to advance your career, prepare for a technical role, or simply enhance your coding abilities, this Intermediate Python course is the perfect stepping stone.</p><p><strong>Prerequisites:</strong></p><ul><li>Basic knowledge of Python programming</li><li>Familiarity with fundamental programming concepts</li></ul><p>Join us and take the next step in becoming a proficient Python programmer!</p></div></div>', 'INTERMEDIATE', '2024-04-15 18:09:29.488151+07', '2024-04-15 18:09:29.488151+07', '9ba179ed-d26d-4828-a0f6-8836c2063992', '9ba179ed-d26d-4828-a0f6-8836c2063992', 4),
    ('d215b5f8-0249-4dc5-89a3-51fd148cfb17', '9ba179ed-d26d-4828-a0f6-8836c2063992', 'Advanced Python', '<div class="markdown prose w-full break-words dark:prose-invert light"><p><strong>Course Title: Advanced Python</strong></p><p><strong>Course Description:</strong></p><p>Elevate your Python programming expertise with our <strong>Advanced Python</strong> course. This course is tailored for experienced Python developers who are ready to tackle sophisticated programming challenges and explore the full capabilities of the language.</p><p><strong>Key Features:</strong></p><ul><li><strong>Advanced Object-Oriented Programming:</strong> Dive deep into OOP principles, including inheritance, polymorphism, and metaclasses, to create more flexible and powerful code.</li><li><strong>Concurrency and Parallelism:</strong> Learn to write concurrent and parallel programs using threading, multiprocessing, and asynchronous programming.</li><li><strong>Decorators and Context Managers:</strong> Master the use of decorators and context managers to enhance code readability and functionality.</li><li><strong>Advanced Data Handling:</strong> Explore advanced techniques for data manipulation, including working with large datasets using libraries like Pandas and NumPy.</li><li><strong>Network Programming:</strong> Understand the principles of network programming to build applications that communicate over the internet using sockets and web APIs.</li><li><strong>Testing and Debugging:</strong> Gain expertise in advanced testing and debugging techniques to ensure your code is reliable and bug-free.</li><li><strong>Performance Optimization:</strong> Learn strategies for optimizing the performance of your Python applications, including profiling and efficient algorithm design.</li><li><strong>Metaprogramming:</strong> Explore the concepts of metaprogramming to write code that can manipulate itself.</li></ul><p>By the end of this course, you will be equipped with the advanced skills required to develop complex, high-performance Python applications. Whether you''re looking to solve intricate problems, contribute to cutting-edge projects, or simply refine your programming acumen, this Advanced Python course will help you achieve your goals.</p><p><strong>Prerequisites:</strong></p><ul><li>Solid understanding of intermediate Python concepts</li><li>Experience with basic object-oriented programming</li></ul><p>Join us and push the boundaries of your Python programming capabilities!</p></div>', 'ADVANCED', '2024-04-15 18:09:29.488151+07', '2024-04-15 18:09:29.488151+07', '9ba179ed-d26d-4828-a0f6-8836c2063992', '9ba179ed-d26d-4828-a0f6-8836c2063992', 4),
    ('d215b5f8-0249-4dc5-89a3-51fd148cfb18', 'd215b5f8-0249-4dc5-89a3-51fd148cfb46', 'Learn Java', 'This course is designed for beginners who want to learn Java programming from scratch. It covers the basics of Java programming, including data types, control structures, functions, and more.', 'BASIC', '2024-04-15 18:09:29.488151+07', '2024-04-15 18:09:29.488151+07', '9ba179ed-d26d-4828-a0f6-8836c2063992', '9ba179ed-d26d-4828-a0f6-8836c2063992', 0),
    ('d215b5f8-0249-4dc5-89a3-51fd148cfb19', 'd215b5f8-0249-4dc5-89a3-51fd148cfb46', 'Intermediate Java', 'This course is designed for intermediate Java programmers who want to enhance their skills and knowledge. It covers advanced topics such as object-oriented programming, data structures, algorithms, and more.', 'INTERMEDIATE', '2024-04-15 18:09:29.488151+07', '2024-04-15 18:09:29.488151+07', '9ba179ed-d26d-4828-a0f6-8836c2063992', '9ba179ed-d26d-4828-a0f6-8836c2063992', 0),
    ('d215b5f8-0249-4dc5-89a3-51fd148cfb20', 'd215b5f8-0249-4dc5-89a3-51fd148cfb46', 'Advanced Java', 'This course is designed for experienced Java programmers who want to master advanced Java concepts and techniques. It covers topics such as decorators, generators, metaclasses, and more.', 'ADVANCED', '2024-04-15 18:09:29.488151+07', '2024-04-15 18:09:29.488151+07', '9ba179ed-d26d-4828-a0f6-8836c2063992', '9ba179ed-d26d-4828-a0f6-8836c2063992', 0),
    ('d215b5f8-0249-4dc5-89a3-51fd148cfb21', 'd215b5f8-0249-4dc5-89a3-51fd148cfb48', 'Stacks and Queues', 'This course is designed for beginners who want to learn about stacks and queues. It covers the basics of stacks and queues, including their implementation, operations, and applications.', 'BASIC', '2024-04-15 18:09:29.488151+07', '2024-04-15 18:09:29.488151+07', '9ba179ed-d26d-4828-a0f6-8836c2063992', '9ba179ed-d26d-4828-a0f6-8836c2063992', 0),
    ('d215b5f8-0249-4dc5-89a3-51fd148cfb22', 'd215b5f8-0249-4dc5-89a3-51fd148cfb48', 'Linked Lists', 'This course is designed for intermediate programmers who want to learn about linked lists. It covers the basics of linked lists, including their implementation, operations, and applications.', 'INTERMEDIATE', '2024-04-15 18:09:29.488151+07', '2024-04-15 18:09:29.488151+07', '9ba179ed-d26d-4828-a0f6-8836c2063992', '9ba179ed-d26d-4828-a0f6-8836c2063992', 0),
    ('d215b5f8-0249-4dc5-89a3-51fd148cfb23', 'd215b5f8-0249-4dc5-89a3-51fd148cfb48', 'Binary Trees', 'This course is designed for experienced programmers who want to learn about binary trees. It covers the basics of binary trees, including their implementation, operations, and applications.', 'ADVANCED', '2024-04-15 18:09:29.488151+07', '2024-04-15 18:09:29.488151+07', '9ba179ed-d26d-4828-a0f6-8836c2063992', '9ba179ed-d26d-4828-a0f6-8836c2063992', 0);

INSERT INTO public.certificate_course_user(certificate_course_id, user_id)
VALUES
    ('d215b5f8-0249-4dc5-89a3-51fd148cfb15', '9ba179ed-d26d-4828-a0f6-8836c2063992'),
    ('d215b5f8-0249-4dc5-89a3-51fd148cfb16', 'b029f559-52a8-4699-b595-71161498ed8c'),
    ('d215b5f8-0249-4dc5-89a3-51fd148cfb17', '8c98e9e1-a9e7-49ee-b9fd-0cb5bd7814f7'),
    ('d215b5f8-0249-4dc5-89a3-51fd148cfb18', '9ba179ed-d26d-4828-a0f6-8836c2063992'),
    ('d215b5f8-0249-4dc5-89a3-51fd148cfb19', 'b029f559-52a8-4699-b595-71161498ed8c'),
    ('d215b5f8-0249-4dc5-89a3-51fd148cfb20', '8c98e9e1-a9e7-49ee-b9fd-0cb5bd7814f7'),
    ('d215b5f8-0249-4dc5-89a3-51fd148cfb21', '9ba179ed-d26d-4828-a0f6-8836c2063992'),
    ('d215b5f8-0249-4dc5-89a3-51fd148cfb22', 'b029f559-52a8-4699-b595-71161498ed8c'),
    ('d215b5f8-0249-4dc5-89a3-51fd148cfb23', '8c98e9e1-a9e7-49ee-b9fd-0cb5bd7814f7');

INSERT INTO public.review(id, certificate_course_id, rating, content, created_by, updated_by)
VALUES
    ('d215b5f8-0249-4dc5-89a3-51fd148cfb15', 'd215b5f8-0249-4dc5-89a3-51fd148cfb15', 5, 'Great course! I learned a lot from it.', '9ba179ed-d26d-4828-a0f6-8836c2063992', '9ba179ed-d26d-4828-a0f6-8836c2063992'),
    ('d215b5f8-0249-4dc5-89a3-51fd148cfb16', 'd215b5f8-0249-4dc5-89a3-51fd148cfb15', 4, 'Good course! I enjoyed it.', 'b029f559-52a8-4699-b595-71161498ed8c', 'b029f559-52a8-4699-b595-71161498ed8c'),
    ('d215b5f8-0249-4dc5-89a3-51fd148cfb17', 'd215b5f8-0249-4dc5-89a3-51fd148cfb15', 3, 'Okay course. Could be better.', '8c98e9e1-a9e7-49ee-b9fd-0cb5bd7814f7', '8c98e9e1-a9e7-49ee-b9fd-0cb5bd7814f7'),
    ('d215b5f8-0249-4dc5-89a3-51fd148cfb18', 'd215b5f8-0249-4dc5-89a3-51fd148cfb16', 5, 'Great course! I learned a lot from it.', '9ba179ed-d26d-4828-a0f6-8836c2063992', '9ba179ed-d26d-4828-a0f6-8836c2063992'),
    ('d215b5f8-0249-4dc5-89a3-51fd148cfb19', 'd215b5f8-0249-4dc5-89a3-51fd148cfb16', 4, 'Good course! I enjoyed it.', 'b029f559-52a8-4699-b595-71161498ed8c', 'b029f559-52a8-4699-b595-71161498ed8c'),
    ('d215b5f8-0249-4dc5-89a3-51fd148cfb20', 'd215b5f8-0249-4dc5-89a3-51fd148cfb16', 3, 'Okay course. Could be better.', '8c98e9e1-a9e7-49ee-b9fd-0cb5bd7814f7', '8c98e9e1-a9e7-49ee-b9fd-0cb5bd7814f7'),
    ('d215b5f8-0249-4dc5-89a3-51fd148cfb21', 'd215b5f8-0249-4dc5-89a3-51fd148cfb17', 5, 'Great course! I learned a lot from it.', '9ba179ed-d26d-4828-a0f6-8836c2063992', '9ba179ed-d26d-4828-a0f6-8836c2063992'),
    ('d215b5f8-0249-4dc5-89a3-51fd148cfb22', 'd215b5f8-0249-4dc5-89a3-51fd148cfb17', 4, 'Good course! I enjoyed it.', 'b029f559-52a8-4699-b595-71161498ed8c', 'b029f559-52a8-4699-b595-71161498ed8c'),
    ('d215b5f8-0249-4dc5-89a3-51fd148cfb23', 'd215b5f8-0249-4dc5-89a3-51fd148cfb17', 3, 'Okay course. Could be better.', '8c98e9e1-a9e7-49ee-b9fd-0cb5bd7814f7', '8c98e9e1-a9e7-49ee-b9fd-0cb5bd7814f7');

INSERT INTO public.chapter(id, certificate_course_id, no, title, description, created_by, updated_by)
VALUES
    ('d215b5f8-0249-4dc5-89a3-51fd148cfb15', 'd215b5f8-0249-4dc5-89a3-51fd148cfb15', 1, 'Introduction to Python', 'This chapter introduces Python programming and covers basic concepts such as data types, control structures, and functions.', '9ba179ed-d26d-4828-a0f6-8836c2063992', '9ba179ed-d26d-4828-a0f6-8836c2063992'),
    ('d215b5f8-0249-4dc5-89a3-51fd148cfb16', 'd215b5f8-0249-4dc5-89a3-51fd148cfb15', 2, 'Advanced Python Programming', 'This chapter covers advanced Python programming topics such as object-oriented programming, data structures, and algorithms.', 'b029f559-52a8-4699-b595-71161498ed8c', 'b029f559-52a8-4699-b595-71161498ed8c'),
    ('d215b5f8-0249-4dc5-89a3-51fd148cfb17', 'd215b5f8-0249-4dc5-89a3-51fd148cfb15', 3, 'Python Projects', 'This chapter focuses on building real-world Python projects to apply the knowledge and skills learned in the previous chapters.', '8c98e9e1-a9e7-49ee-b9fd-0cb5bd7814f7', '8c98e9e1-a9e7-49ee-b9fd-0cb5bd7814f7'),
    ('d215b5f8-0249-4dc5-89a3-51fd148cfb18', 'd215b5f8-0249-4dc5-89a3-51fd148cfb16', 1, 'Introduction to Java', 'This chapter introduces Java programming and covers basic concepts such as data types, control structures, and functions.', '9ba179ed-d26d-4828-a0f6-8836c2063992', '9ba179ed-d26d-4828-a0f6-8836c2063992'),
    ('d215b5f8-0249-4dc5-89a3-51fd148cfb19', 'd215b5f8-0249-4dc5-89a3-51fd148cfb16', 2, 'Advanced Java Programming', 'This chapter covers advanced Java programming topics such as object-oriented programming, data structures, and algorithms.', 'b029f559-52a8-4699-b595-71161498ed8c', 'b029f559-52a8-4699-b595-71161498ed8c'),
    ('d215b5f8-0249-4dc5-89a3-51fd148cfb20', 'd215b5f8-0249-4dc5-89a3-51fd148cfb16', 3, 'Java Projects', 'This chapter focuses on building real-world Java projects to apply the knowledge and skills learned in the previous chapters.', '8c98e9e1-a9e7-49ee-b9fd-0cb5bd7814f7', '8c98e9e1-a9e7-49ee-b9fd-0cb5bd7814f7'),
    ('d215b5f8-0249-4dc5-89a3-51fd148cfb21', 'd215b5f8-0249-4dc5-89a3-51fd148cfb17', 1, 'Introduction to Stacks and Queues', 'This chapter introduces stacks and queues and covers basic concepts such as implementation, operations, and applications.', '9ba179ed-d26d-4828-a0f6-8836c2063992', '9ba179ed-d26d-4828-a0f6-8836c2063992'),
    ('d215b5f8-0249-4dc5-89a3-51fd148cfb22', 'd215b5f8-0249-4dc5-89a3-51fd148cfb17', 2, 'Linked Lists', 'This chapter covers linked lists and their implementation, operations, and applications.', 'b029f559-52a8-4699-b595-71161498ed8c', 'b029f559-52a8-4699-b595-71161498ed8c'),
    ('d215b5f8-0249-4dc5-89a3-51fd148cfb23', 'd215b5f8-0249-4dc5-89a3-51fd148cfb17', 3, 'Binary Trees', 'This chapter covers binary trees and their implementation, operations, and applications.', '8c98e9e1-a9e7-49ee-b9fd-0cb5bd7814f7', '8c98e9e1-a9e7-49ee-b9fd-0cb5bd7814f7'),
    ('d215b5f8-0249-4dc5-89a3-51fd148cfb24', 'd215b5f8-0249-4dc5-89a3-51fd148cfb18', 1, 'Introduction to Stacks and Queues', 'This chapter introduces stacks and queues and covers basic concepts such as implementation, operations, and applications.', '9ba179ed-d26d-4828-a0f6-8836c2063992', '9ba179ed-d26d-4828-a0f6-8836c2063992'),
    ('d215b5f8-0249-4dc5-89a3-51fd148cfb25', 'd215b5f8-0249-4dc5-89a3-51fd148cfb18', 2, 'Linked Lists', 'This chapter covers linked lists and their implementation, operations, and applications.', 'b029f559-52a8-4699-b595-71161498ed8c', 'b029f559-52a8-4699-b595-71161498ed8c'),
    ('d215b5f8-0249-4dc5-89a3-51fd148cfb26', 'd215b5f8-0249-4dc5-89a3-51fd148cfb18', 3, 'Binary Trees', 'This chapter covers binary trees and their implementation, operations, and applications.', '8c98e9e1-a9e7-49ee-b9fd-0cb5bd7814f7', '8c98e9e1-a9e7-49ee-b9fd-0cb5bd7814f7'),
    ('d215b5f8-0249-4dc5-89a3-51fd148cfb27', 'd215b5f8-0249-4dc5-89a3-51fd148cfb19', 1, 'Introduction to Stacks and Queues', 'This chapter introduces stacks and queues and covers basic concepts such as implementation, operations, and applications.', '9ba179ed-d26d-4828-a0f6-8836c2063992', '9ba179ed-d26d-4828-a0f6-8836c2063992'),
    ('d215b5f8-0249-4dc5-89a3-51fd148cfb28', 'd215b5f8-0249-4dc5-89a3-51fd148cfb19', 2, 'Linked Lists', 'This chapter covers linked lists and their implementation, operations, and applications.', 'b029f559-52a8-4699-b595-71161498ed8c', 'b029f559-52a8-4699-b595-71161498ed8c'),
    ('d215b5f8-0249-4dc5-89a3-51fd148cfb29', 'd215b5f8-0249-4dc5-89a3-51fd148cfb19', 3, 'Binary Trees', 'This chapter covers binary trees and their implementation, operations, and applications.', '8c98e9e1-a9e7-49ee-b9fd-0cb5bd7814f7', '8c98e9e1-a9e7-49ee-b9fd-0cb5bd7814f7'),
    ('d215b5f8-0249-4dc5-89a3-51fd148cfb30', 'd215b5f8-0249-4dc5-89a3-51fd148cfb20', 1, 'Introduction to Stacks and Queues', 'This chapter introduces stacks and queues and covers basic concepts such as implementation, operations, and applications.', '9ba179ed-d26d-4828-a0f6-8836c2063992', '9ba179ed-d26d-4828-a0f6-8836c2063992'),
    ('d215b5f8-0249-4dc5-89a3-51fd148cfb31', 'd215b5f8-0249-4dc5-89a3-51fd148cfb20', 2, 'Linked Lists', 'This chapter covers linked lists and their implementation, operations, and applications.', 'b029f559-52a8-4699-b595-71161498ed8c', 'b029f559-52a8-4699-b595-71161498ed8c'),
    ('d215b5f8-0249-4dc5-89a3-51fd148cfb32', 'd215b5f8-0249-4dc5-89a3-51fd148cfb20', 3, 'Binary Trees', 'This chapter covers binary trees and their implementation, operations, and applications.', '8c98e9e1-a9e7-49ee-b9fd-0cb5bd7814f7', '8c98e9e1-a9e7-49ee-b9fd-0cb5bd7814f7'),
    ('d215b5f8-0249-4dc5-89a3-51fd148cfb33', 'd215b5f8-0249-4dc5-89a3-51fd148cfb21', 1, 'Introduction to Stacks and Queues', 'This chapter introduces stacks and queues and covers basic concepts such as implementation, operations, and applications.', '9ba179ed-d26d-4828-a0f6-8836c2063992', '9ba179ed-d26d-4828-a0f6-8836c2063992'),
    ('d215b5f8-0249-4dc5-89a3-51fd148cfb34', 'd215b5f8-0249-4dc5-89a3-51fd148cfb21', 2, 'Linked Lists', 'This chapter covers linked lists and their implementation, operations, and applications.', 'b029f559-52a8-4699-b595-71161498ed8c', 'b029f559-52a8-4699-b595-71161498ed8c'),
    ('d215b5f8-0249-4dc5-89a3-51fd148cfb35', 'd215b5f8-0249-4dc5-89a3-51fd148cfb21', 3, 'Binary Trees', 'This chapter covers binary trees and their implementation, operations, and applications.', '8c98e9e1-a9e7-49ee-b9fd-0cb5bd7814f7', '8c98e9e1-a9e7-49ee-b9fd-0cb5bd7814f7'),
    ('d215b5f8-0249-4dc5-89a3-51fd148cfb36', 'd215b5f8-0249-4dc5-89a3-51fd148cfb22', 1, 'Introduction to Stacks and Queues', 'This chapter introduces stacks and queues and covers basic concepts such as implementation, operations, and applications.', '9ba179ed-d26d-4828-a0f6-8836c2063992', '9ba179ed-d26d-4828-a0f6-8836c2063992'),
    ('d215b5f8-0249-4dc5-89a3-51fd148cfb37', 'd215b5f8-0249-4dc5-89a3-51fd148cfb22', 2, 'Linked Lists', 'This chapter covers linked lists and their implementation, operations, and applications.', 'b029f559-52a8-4699-b595-71161498ed8c', 'b029f559-52a8-4699-b595-71161498ed8c'),
    ('d215b5f8-0249-4dc5-89a3-51fd148cfb38', 'd215b5f8-0249-4dc5-89a3-51fd148cfb22', 3, 'Binary Trees', 'This chapter covers binary trees and their implementation, operations, and applications.', '8c98e9e1-a9e7-49ee-b9fd-0cb5bd7814f7', '8c98e9e1-a9e7-49ee-b9fd-0cb5bd7814f7'),
    ('d215b5f8-0249-4dc5-89a3-51fd148cfb39', 'd215b5f8-0249-4dc5-89a3-51fd148cfb23', 1, 'Introduction to Stacks and Queues', 'This chapter introduces stacks and queues and covers basic concepts such as implementation, operations, and applications.', '9ba179ed-d26d-4828-a0f6-8836c2063992', '9ba179ed-d26d-4828-a0f6-8836c2063992'),
    ('d215b5f8-0249-4dc5-89a3-51fd148cfb40', 'd215b5f8-0249-4dc5-89a3-51fd148cfb23', 2, 'Linked Lists', 'This chapter covers linked lists and their implementation, operations, and applications.', 'b029f559-52a8-4699-b595-71161498ed8c', 'b029f559-52a8-4699-b595-71161498ed8c'),
    ('d215b5f8-0249-4dc5-89a3-51fd148cfb41', 'd215b5f8-0249-4dc5-89a3-51fd148cfb23', 3, 'Binary Trees', 'This chapter covers binary trees and their implementation, operations, and applications.', '8c98e9e1-a9e7-49ee-b9fd-0cb5bd7814f7', '8c98e9e1-a9e7-49ee-b9fd-0cb5bd7814f7');


-- resource_type: 'CODE', 'LESSON', 'VIDEO'
-- Generate me 5 resources for each chapter with mixed resource types
INSERT INTO public.chapter_resource(id, no, chapter_id, resource_type, title, question_id, lesson_html, youtube_video_url)
VALUES
    ('d215b5f8-0249-4dc5-89a3-51fd148cfb15', 1, 'd215b5f8-0249-4dc5-89a3-51fd148cfb15', 'CODE', 'Question 1', 'b6484e21-6937-489c-b031-b71767994221', NULL, NULL),
    ('d215b5f8-0249-4dc5-89a3-51fd148cfb16', 2, 'd215b5f8-0249-4dc5-89a3-51fd148cfb15', 'LESSON', 'This is a lesson on Python programming.', NULL, '<p>This is a lesson on Python programming.</p>', NULL),
    ('d215b5f8-0249-4dc5-89a3-51fd148cfb17', 3, 'd215b5f8-0249-4dc5-89a3-51fd148cfb15', 'VIDEO', 'Video on Python programming', NULL, NULL, 'https://youtu.be/rfscVS0vtbw?si=nAn_wxmKoIdCMwGy'),
    ('d215b5f8-0249-4dc5-89a3-51fd148cfb18', 4, 'd215b5f8-0249-4dc5-89a3-51fd148cfb15', 'CODE', 'Question 2', 'b6484e21-6937-489c-b031-b71767994737', NULL, NULL),
    ('d215b5f8-0249-4dc5-89a3-51fd148cfb19', 5, 'd215b5f8-0249-4dc5-89a3-51fd148cfb15', 'LESSON', 'This is a lesson on Python programming.', NULL, '<p>This is a lesson on Python programming.</p>', NULL),
    ('d215b5f8-0249-4dc5-89a3-51fd148cfb20', 6, 'd215b5f8-0249-4dc5-89a3-51fd148cfb15', 'VIDEO', 'Video on Python programming', NULL, NULL, 'https://youtu.be/rfscVS0vtbw?si=nAn_wxmKoIdCMwGy'),
    ('d215b5f8-0249-4dc5-89a3-51fd148cfb21', 1, 'd215b5f8-0249-4dc5-89a3-51fd148cfb16', 'CODE', 'Question 1', 'b6484e21-6937-489c-b031-b71767994738', NULL, NULL),
    ('d215b5f8-0249-4dc5-89a3-51fd148cfb22', 2, 'd215b5f8-0249-4dc5-89a3-51fd148cfb16', 'LESSON', 'This is a lesson on Python programming.', NULL, '<p>This is a lesson on Python programming.</p>', NULL),
    ('d215b5f8-0249-4dc5-89a3-51fd148cfb23', 3, 'd215b5f8-0249-4dc5-89a3-51fd148cfb16', 'VIDEO', 'Video on Python programming', NULL, NULL, 'https://youtu.be/rfscVS0vtbw?si=nAn_wxmKoIdCMwGy'),
    ('d215b5f8-0249-4dc5-89a3-51fd148cfb24', 4, 'd215b5f8-0249-4dc5-89a3-51fd148cfb16', 'CODE', 'Question 2', 'b6484e21-6937-489c-b031-b71767994739', NULL, NULL),
    ('d215b5f8-0249-4dc5-89a3-51fd148cfb25', 5, 'd215b5f8-0249-4dc5-89a3-51fd148cfb16', 'LESSON', 'This is a lesson on Python programming.', NULL, '<p>This is a lesson on Python programming.</p>', NULL),
    ('d215b5f8-0249-4dc5-89a3-51fd148cfb26', 6, 'd215b5f8-0249-4dc5-89a3-51fd148cfb16', 'VIDEO', 'Video on Python programming', NULL, NULL, 'https://youtu.be/rfscVS0vtbw?si=nAn_wxmKoIdCMwGy'),
    ('d215b5f8-0249-4dc5-89a3-51fd148cfb27', 1, 'd215b5f8-0249-4dc5-89a3-51fd148cfb17', 'CODE', 'Question 1', 'b6484e21-6937-489c-b031-b71767994740', NULL, NULL),
    ('d215b5f8-0249-4dc5-89a3-51fd148cfb28', 2, 'd215b5f8-0249-4dc5-89a3-51fd148cfb17', 'LESSON', 'This is a lesson on Python programming.', NULL, '<p>This is a lesson on Python programming.</p>', NULL),
    ('d215b5f8-0249-4dc5-89a3-51fd148cfb29', 3, 'd215b5f8-0249-4dc5-89a3-51fd148cfb17', 'VIDEO', 'Video on Python programming', NULL, NULL, 'https://youtu.be/rfscVS0vtbw?si=nAn_wxmKoIdCMwGy'),
    ('d215b5f8-0249-4dc5-89a3-51fd148cfb30', 4, 'd215b5f8-0249-4dc5-89a3-51fd148cfb17', 'CODE', 'Question 2', 'b6484e21-6937-489c-b031-b71767994741', NULL, NULL),
    ('d215b5f8-0249-4dc5-89a3-51fd148cfb31', 5, 'd215b5f8-0249-4dc5-89a3-51fd148cfb17', 'LESSON', 'This is a lesson on Python programming.', NULL, '<p>This is a lesson on Python programming.</p>', NULL),
    ('d215b5f8-0249-4dc5-89a3-51fd148cfb32', 6, 'd215b5f8-0249-4dc5-89a3-51fd148cfb17', 'VIDEO', 'Video on Python programming', NULL, NULL, 'https://youtu.be/rfscVS0vtbw?si=nAn_wxmKoIdCMwGy'),
    ('d215b5f8-0249-4dc5-89a3-51fd148cfb33', 1, 'd215b5f8-0249-4dc5-89a3-51fd148cfb18', 'CODE', 'Question 1', 'b6484e21-6937-489c-b031-b71767994221', NULL, NULL),
    ('d215b5f8-0249-4dc5-89a3-51fd148cfb34', 2, 'd215b5f8-0249-4dc5-89a3-51fd148cfb18', 'LESSON', 'This is a lesson on Python programming.', NULL, '<p>This is a lesson on Python programming.</p>', NULL),
    ('d215b5f8-0249-4dc5-89a3-51fd148cfb35', 3, 'd215b5f8-0249-4dc5-89a3-51fd148cfb18', 'VIDEO', 'Video on Python programming', NULL, NULL, 'https://youtu.be/rfscVS0vtbw?si=nAn_wxmKoIdCMwGy'),
    ('d215b5f8-0249-4dc5-89a3-51fd148cfb36', 4, 'd215b5f8-0249-4dc5-89a3-51fd148cfb18', 'LESSON', 'This is a lesson on Python programming.', NULL, '<p>This is a lesson on Python programming.</p>', NULL),
    ('d215b5f8-0249-4dc5-89a3-51fd148cfb37', 5, 'd215b5f8-0249-4dc5-89a3-51fd148cfb18', 'VIDEO', 'Video on Python programming', NULL, NULL, 'https://youtu.be/rfscVS0vtbw?si=nAn_wxmKoIdCMwGy'),
    ('d215b5f8-0249-4dc5-89a3-51fd148cfb38', 1, 'd215b5f8-0249-4dc5-89a3-51fd148cfb19', 'LESSON', 'This is a lesson on Python programming.', NULL, '<p>This is a lesson on Python programming.</p>', NULL),
    ('d215b5f8-0249-4dc5-89a3-51fd148cfb39', 2, 'd215b5f8-0249-4dc5-89a3-51fd148cfb19', 'VIDEO', 'Video on Python programming', NULL, NULL, 'https://youtu.be/rfscVS0vtbw?si=nAn_wxmKoIdCMwGy'),
    ('d215b5f8-0249-4dc5-89a3-51fd148cfb40', 1, 'd215b5f8-0249-4dc5-89a3-51fd148cfb20', 'LESSON', 'This is a lesson on Python programming.', NULL, '<p>This is a lesson on Python programming.</p>', NULL),
    ('d215b5f8-0249-4dc5-89a3-51fd148cfb41', 2, 'd215b5f8-0249-4dc5-89a3-51fd148cfb20', 'VIDEO', 'Video on Python programming', NULL, NULL, 'https://youtu.be/rfscVS0vtbw?si=nAn_wxmKoIdCMwGy');



INSERT INTO public.contest(id, name, description, prizes, rules, scoring, thumbnail_url, start_time, end_time, created_by, updated_by, is_public, org_id, is_disabled_forum)
VALUES
    ('d215b5f8-0249-4dc5-89a3-51fd148cfb15', 'Weekly Contest 01',
     '<h3>Welcome to the 1st CodeDynamite Weekly Contest</h3><p><br></p><p>We are thrilled to present the inaugural CodeDynamite Weekly Contest, a premier event designed to challenge your coding skills and ignite your passion for programming. Whether you''re a seasoned developer or a coding enthusiast, this contest offers a unique opportunity to showcase your talents, compete with like-minded individuals, and win exciting prizes.</p><p><br></p><p><strong>About the contest:</strong></p><ul><li><strong>Sponsored by:</strong> CodeDynamite, your go-to platform for cutting-edge coding resources and community support.</li><li><strong>When:</strong> Every week, with fresh and exciting challenges that cater to various skill levels.</li><li><strong>Who Can Participate:</strong> Open to all coding enthusiasts, regardless of experience level.</li></ul><p><br></p><p><strong>Why Join?</strong></p><ul><li><strong>Challenge Yourself:</strong> Tackle a variety of coding problems that will test your creativity and problem-solving abilities.</li><li><strong>Learn and Grow:</strong> Gain new insights and improve your coding skills through hands-on practice and real-time competition.</li><li><strong>Win Prizes:</strong> Stand a chance to win amazing rewards and earn recognition within the coding community.</li></ul><p><br></p><p><strong>How to Register:</strong></p><ul><li>Simply click the registration link below and fill out the required details to secure your spot in the contest.</li><li>Registration is quick, easy, and free!</li></ul><p><br></p><p><strong>Don’t miss out on this fantastic opportunity to connect, compete, and code with the best!</strong></p><p><br></p><p><strong>Register for the contest now and let your coding journey begin!</strong></p><p><a href="https://codedynamite.site/#/contests/d215b5f8-0249-4dc5-89a3-51fd148cfb15/information" rel="noopener noreferrer" target="_blank">Link to register</a></p><p><br></p><p><br></p>',
     '<p><strong>🎉 Juicy Prizes Await You! 🎉</strong></p><p><br></p><p>Get ready to win some amazing rewards in the 1st CodeDynamite Weekly Contest! Here are the fantastic prizes up for grabs:</p><p><br></p><p><strong>1st Place:</strong></p><ul><li><strong>$500 Cash Prize</strong></li><li><strong>Exclusive CodeDynamite T-Shirt</strong></li><li><strong>Personalized Winner''s Certificate</strong></li></ul><p><br></p><p><strong>2nd Place:</strong></p><ul><li><strong>$250 Cash Prize</strong></li><li><strong>Exclusive CodeDynamite Hoodie</strong></li><li><strong>Personalized Runner-Up Certificate</strong></li></ul><p><br></p><p><strong>3rd Place:</strong></p><ul><li><strong>$100 Cash Prize</strong></li><li><strong>Exclusive CodeDynamite Mug</strong></li><li><strong>Personalized Certificate of Achievement</strong></li></ul><p><br></p><p>Don''t miss your chance to win these incredible prizes and gain recognition in the coding community. <a href="https://codedynamite.site/#/contests/d215b5f8-0249-4dc5-89a3-51fd148cfb16/information" rel="noopener noreferrer" target="_blank"><strong>Register now</strong></a> and let the competition begin!</p>',
     '<ol><li>Participants must submit their solutions before the end time.</li><li>Participants must follow the contest rules and guidelines.</li><li>Participants must not cheat or plagiarize.</li></ol>',
     '<p><strong>Pre-determined Challenge Scores:</strong></p><p>Each challenge you conquer has a pre-set score waiting to be claimed. The more complex the challenge, the higher the score you can rack up!</p><p><br></p><p><strong>Test Cases: Your Gateway to Glory:</strong></p><p>Each challenge comes with a battery of test cases designed to put your code through its paces. Every test case you conquer translates into points towards your final score. The more test cases you dominate, the closer you get to scoring supremacy!</p><p><br></p><p><strong>Multiple Submissions? No Problem!</strong></p><p>Feeling creative and tinkering with different solutions? No sweat! We take your highest scoring submission for each challenge into account, so fire away with your best attempts.</p><p><br></p><p><strong>The Leaderboard Beckons: It''s All About the Rank</strong></p><p>Participants are ranked on the glorious leaderboard based on their total score. But what happens when coders achieve the same score? Buckle up, because things get exciting!</p><p><br></p><p><strong>Tie-Breaker Time: Speed Demons Unite!</strong></p><p>In the thrilling case of a tie, the tie-breaker comes down to <strong>speed</strong>. The participant who submitted their highest-scoring solution in the <strong>shortest amount of time</strong> reigns supreme! So, channel your inner coding ninja and blaze through those challenges for ultimate glory.</p>',
     'https://leetcode.com/_next/static/images/weekly-default-553ede7bcc8e1b4a44c28a9e4a32068c.png',
     '2024-07-01 09:30:00.000000+07',
     '2024-07-01 10:30:00.000000+07',
     'b029f559-52a8-4699-b595-71161498ed8c',
     'b029f559-52a8-4699-b595-71161498ed8c',
     true,
     null,
     true
    ),
    ('d215b5f8-0249-4dc5-89a3-51fd148cfb16', 'Weekly Contest 02',
     '<h3>Welcome to the 2nd CodeDynamite Weekly Contest</h3><p><br></p><p>We are thrilled to present the inaugural CodeDynamite Weekly Contest, a premier event designed to challenge your coding skills and ignite your passion for programming. Whether you''re a seasoned developer or a coding enthusiast, this contest offers a unique opportunity to showcase your talents, compete with like-minded individuals, and win exciting prizes.</p><p><br></p><p><strong>About the contest:</strong></p><ul><li><strong>Sponsored by:</strong> CodeDynamite, your go-to platform for cutting-edge coding resources and community support.</li><li><strong>When:</strong> Every week, with fresh and exciting challenges that cater to various skill levels.</li><li><strong>Who Can Participate:</strong> Open to all coding enthusiasts, regardless of experience level.</li></ul><p><br></p><p><strong>Why Join?</strong></p><ul><li><strong>Challenge Yourself:</strong> Tackle a variety of coding problems that will test your creativity and problem-solving abilities.</li><li><strong>Learn and Grow:</strong> Gain new insights and improve your coding skills through hands-on practice and real-time competition.</li><li><strong>Win Prizes:</strong> Stand a chance to win amazing rewards and earn recognition within the coding community.</li></ul><p><br></p><p><strong>How to Register:</strong></p><ul><li>Simply click the registration link below and fill out the required details to secure your spot in the contest.</li><li>Registration is quick, easy, and free!</li></ul><p><br></p><p><strong>Don’t miss out on this fantastic opportunity to connect, compete, and code with the best!</strong></p><p><br></p><p><strong>Register for the contest now and let your coding journey begin!</strong></p><p><a href="https://codedynamite.site/#/contests/d215b5f8-0249-4dc5-89a3-51fd148cfb16/information" rel="noopener noreferrer" target="_blank">Link to register</a></p><p><br></p><p><br></p>',
     '<p><strong>🎉 Juicy Prizes Await You! 🎉</strong></p><p><br></p><p>Get ready to win some amazing rewards in the 1st CodeDynamite Weekly Contest! Here are the fantastic prizes up for grabs:</p><p><br></p><p><strong>1st Place:</strong></p><ul><li><strong>$500 Cash Prize</strong></li><li><strong>Exclusive CodeDynamite T-Shirt</strong></li><li><strong>Personalized Winner''s Certificate</strong></li></ul><p><br></p><p><strong>2nd Place:</strong></p><ul><li><strong>$250 Cash Prize</strong></li><li><strong>Exclusive CodeDynamite Hoodie</strong></li><li><strong>Personalized Runner-Up Certificate</strong></li></ul><p><br></p><p><strong>3rd Place:</strong></p><ul><li><strong>$100 Cash Prize</strong></li><li><strong>Exclusive CodeDynamite Mug</strong></li><li><strong>Personalized Certificate of Achievement</strong></li></ul><p><br></p><p>Don''t miss your chance to win these incredible prizes and gain recognition in the coding community. <a href="https://codedynamite.site/#/contests/d215b5f8-0249-4dc5-89a3-51fd148cfb16/information" rel="noopener noreferrer" target="_blank"><strong>Register now</strong></a> and let the competition begin!</p>',
     '<ol><li>Participants must submit their solutions before the end time.</li><li>Participants must follow the contest rules and guidelines.</li><li>Participants must not cheat or plagiarize.</li></ol>',
     '<p><strong>Pre-determined Challenge Scores:</strong></p><p>Each challenge you conquer has a pre-set score waiting to be claimed. The more complex the challenge, the higher the score you can rack up!</p><p><br></p><p><strong>Test Cases: Your Gateway to Glory:</strong></p><p>Each challenge comes with a battery of test cases designed to put your code through its paces. Every test case you conquer translates into points towards your final score. The more test cases you dominate, the closer you get to scoring supremacy!</p><p><br></p><p><strong>Multiple Submissions? No Problem!</strong></p><p>Feeling creative and tinkering with different solutions? No sweat! We take your highest scoring submission for each challenge into account, so fire away with your best attempts.</p><p><br></p><p><strong>The Leaderboard Beckons: It''s All About the Rank</strong></p><p>Participants are ranked on the glorious leaderboard based on their total score. But what happens when coders achieve the same score? Buckle up, because things get exciting!</p><p><br></p><p><strong>Tie-Breaker Time: Speed Demons Unite!</strong></p><p>In the thrilling case of a tie, the tie-breaker comes down to <strong>speed</strong>. The participant who submitted their highest-scoring solution in the <strong>shortest amount of time</strong> reigns supreme! So, channel your inner coding ninja and blaze through those challenges for ultimate glory.</p>',
     'https://leetcode.com/_next/static/images/biweekly-default-f5a8fc3be85b6c9175207fd8fd855d47.png',
     '2024-07-08 09:30:00.000000+07',
     '2024-07-08 10:30:00.000000+07',
     'b029f559-52a8-4699-b595-71161498ed8c',
     'b029f559-52a8-4699-b595-71161498ed8c',
     true,
     null,
     true
    ),
    ('d215b5f8-0249-4dc5-89a3-51fd148cfb17', 'Weekly Contest 03',
     '<h3>Welcome to the 3rd CodeDynamite Weekly Contest</h3><p><br></p><p>We are thrilled to present the inaugural CodeDynamite Weekly Contest, a premier event designed to challenge your coding skills and ignite your passion for programming. Whether you''re a seasoned developer or a coding enthusiast, this contest offers a unique opportunity to showcase your talents, compete with like-minded individuals, and win exciting prizes.</p><p><br></p><p><strong>About the contest:</strong></p><ul><li><strong>Sponsored by:</strong> CodeDynamite, your go-to platform for cutting-edge coding resources and community support.</li><li><strong>When:</strong> Every week, with fresh and exciting challenges that cater to various skill levels.</li><li><strong>Who Can Participate:</strong> Open to all coding enthusiasts, regardless of experience level.</li></ul><p><br></p><p><strong>Why Join?</strong></p><ul><li><strong>Challenge Yourself:</strong> Tackle a variety of coding problems that will test your creativity and problem-solving abilities.</li><li><strong>Learn and Grow:</strong> Gain new insights and improve your coding skills through hands-on practice and real-time competition.</li><li><strong>Win Prizes:</strong> Stand a chance to win amazing rewards and earn recognition within the coding community.</li></ul><p><br></p><p><strong>How to Register:</strong></p><ul><li>Simply click the registration link below and fill out the required details to secure your spot in the contest.</li><li>Registration is quick, easy, and free!</li></ul><p><br></p><p><strong>Don’t miss out on this fantastic opportunity to connect, compete, and code with the best!</strong></p><p><br></p><p><strong>Register for the contest now and let your coding journey begin!</strong></p><p><a href="https://codedynamite.site/#/contests/d215b5f8-0249-4dc5-89a3-51fd148cfb17/information" rel="noopener noreferrer" target="_blank">Link to register</a></p><p><br></p><p><br></p>',
     '<p><strong>🎉 Juicy Prizes Await You! 🎉</strong></p><p><br></p><p>Get ready to win some amazing rewards in the 1st CodeDynamite Weekly Contest! Here are the fantastic prizes up for grabs:</p><p><br></p><p><strong>1st Place:</strong></p><ul><li><strong>$500 Cash Prize</strong></li><li><strong>Exclusive CodeDynamite T-Shirt</strong></li><li><strong>Personalized Winner''s Certificate</strong></li></ul><p><br></p><p><strong>2nd Place:</strong></p><ul><li><strong>$250 Cash Prize</strong></li><li><strong>Exclusive CodeDynamite Hoodie</strong></li><li><strong>Personalized Runner-Up Certificate</strong></li></ul><p><br></p><p><strong>3rd Place:</strong></p><ul><li><strong>$100 Cash Prize</strong></li><li><strong>Exclusive CodeDynamite Mug</strong></li><li><strong>Personalized Certificate of Achievement</strong></li></ul><p><br></p><p>Don''t miss your chance to win these incredible prizes and gain recognition in the coding community. <a href="https://codedynamite.site/#/contests/d215b5f8-0249-4dc5-89a3-51fd148cfb16/information" rel="noopener noreferrer" target="_blank"><strong>Register now</strong></a> and let the competition begin!</p>',
     '<ol><li>Participants must submit their solutions before the end time.</li><li>Participants must follow the contest rules and guidelines.</li><li>Participants must not cheat or plagiarize.</li></ol>',
     '<p><strong>Pre-determined Challenge Scores:</strong></p><p>Each challenge you conquer has a pre-set score waiting to be claimed. The more complex the challenge, the higher the score you can rack up!</p><p><br></p><p><strong>Test Cases: Your Gateway to Glory:</strong></p><p>Each challenge comes with a battery of test cases designed to put your code through its paces. Every test case you conquer translates into points towards your final score. The more test cases you dominate, the closer you get to scoring supremacy!</p><p><br></p><p><strong>Multiple Submissions? No Problem!</strong></p><p>Feeling creative and tinkering with different solutions? No sweat! We take your highest scoring submission for each challenge into account, so fire away with your best attempts.</p><p><br></p><p><strong>The Leaderboard Beckons: It''s All About the Rank</strong></p><p>Participants are ranked on the glorious leaderboard based on their total score. But what happens when coders achieve the same score? Buckle up, because things get exciting!</p><p><br></p><p><strong>Tie-Breaker Time: Speed Demons Unite!</strong></p><p>In the thrilling case of a tie, the tie-breaker comes down to <strong>speed</strong>. The participant who submitted their highest-scoring solution in the <strong>shortest amount of time</strong> reigns supreme! So, channel your inner coding ninja and blaze through those challenges for ultimate glory.</p>',
     'https://assets.leetcode.com/contest/weekly-contest-291/card_img_1654267951.png',
     '2024-07-15 09:30:00.000000+07',
     '2024-07-15 10:30:00.000000+07',
     'b029f559-52a8-4699-b595-71161498ed8c',
     'b029f559-52a8-4699-b595-71161498ed8c',
     true,
     null,
     true
    ),
    ('d215b5f8-0249-4dc5-89a3-51fd148cfb18', 'Weekly Contest 04',
     '<h3>Welcome to the 4th CodeDynamite Weekly Contest</h3><p><br></p><p>We are thrilled to present the inaugural CodeDynamite Weekly Contest, a premier event designed to challenge your coding skills and ignite your passion for programming. Whether you''re a seasoned developer or a coding enthusiast, this contest offers a unique opportunity to showcase your talents, compete with like-minded individuals, and win exciting prizes.</p><p><br></p><p><strong>About the contest:</strong></p><ul><li><strong>Sponsored by:</strong> CodeDynamite, your go-to platform for cutting-edge coding resources and community support.</li><li><strong>When:</strong> Every week, with fresh and exciting challenges that cater to various skill levels.</li><li><strong>Who Can Participate:</strong> Open to all coding enthusiasts, regardless of experience level.</li></ul><p><br></p><p><strong>Why Join?</strong></p><ul><li><strong>Challenge Yourself:</strong> Tackle a variety of coding problems that will test your creativity and problem-solving abilities.</li><li><strong>Learn and Grow:</strong> Gain new insights and improve your coding skills through hands-on practice and real-time competition.</li><li><strong>Win Prizes:</strong> Stand a chance to win amazing rewards and earn recognition within the coding community.</li></ul><p><br></p><p><strong>How to Register:</strong></p><ul><li>Simply click the registration link below and fill out the required details to secure your spot in the contest.</li><li>Registration is quick, easy, and free!</li></ul><p><br></p><p><strong>Don’t miss out on this fantastic opportunity to connect, compete, and code with the best!</strong></p><p><br></p><p><strong>Register for the contest now and let your coding journey begin!</strong></p><p><a href="https://codedynamite.site/#/contests/d215b5f8-0249-4dc5-89a3-51fd148cfb18/information" rel="noopener noreferrer" target="_blank">Link to register</a></p><p><br></p><p><br></p>',
     '<p><strong>🎉 Juicy Prizes Await You! 🎉</strong></p><p><br></p><p>Get ready to win some amazing rewards in the 1st CodeDynamite Weekly Contest! Here are the fantastic prizes up for grabs:</p><p><br></p><p><strong>1st Place:</strong></p><ul><li><strong>$500 Cash Prize</strong></li><li><strong>Exclusive CodeDynamite T-Shirt</strong></li><li><strong>Personalized Winner''s Certificate</strong></li></ul><p><br></p><p><strong>2nd Place:</strong></p><ul><li><strong>$250 Cash Prize</strong></li><li><strong>Exclusive CodeDynamite Hoodie</strong></li><li><strong>Personalized Runner-Up Certificate</strong></li></ul><p><br></p><p><strong>3rd Place:</strong></p><ul><li><strong>$100 Cash Prize</strong></li><li><strong>Exclusive CodeDynamite Mug</strong></li><li><strong>Personalized Certificate of Achievement</strong></li></ul><p><br></p><p>Don''t miss your chance to win these incredible prizes and gain recognition in the coding community. <a href="https://codedynamite.site/#/contests/d215b5f8-0249-4dc5-89a3-51fd148cfb16/information" rel="noopener noreferrer" target="_blank"><strong>Register now</strong></a> and let the competition begin!</p>',
     '<ol><li>Participants must submit their solutions before the end time.</li><li>Participants must follow the contest rules and guidelines.</li><li>Participants must not cheat or plagiarize.</li></ol>',
     '<p><strong>Pre-determined Challenge Scores:</strong></p><p>Each challenge you conquer has a pre-set score waiting to be claimed. The more complex the challenge, the higher the score you can rack up!</p><p><br></p><p><strong>Test Cases: Your Gateway to Glory:</strong></p><p>Each challenge comes with a battery of test cases designed to put your code through its paces. Every test case you conquer translates into points towards your final score. The more test cases you dominate, the closer you get to scoring supremacy!</p><p><br></p><p><strong>Multiple Submissions? No Problem!</strong></p><p>Feeling creative and tinkering with different solutions? No sweat! We take your highest scoring submission for each challenge into account, so fire away with your best attempts.</p><p><br></p><p><strong>The Leaderboard Beckons: It''s All About the Rank</strong></p><p>Participants are ranked on the glorious leaderboard based on their total score. But what happens when coders achieve the same score? Buckle up, because things get exciting!</p><p><br></p><p><strong>Tie-Breaker Time: Speed Demons Unite!</strong></p><p>In the thrilling case of a tie, the tie-breaker comes down to <strong>speed</strong>. The participant who submitted their highest-scoring solution in the <strong>shortest amount of time</strong> reigns supreme! So, channel your inner coding ninja and blaze through those challenges for ultimate glory.</p>',
     'https://assets.leetcode.com/contest/weekly-contest-291/card_img_1654267951.png',
     '2024-07-22 09:30:00.000000+07',
     '2024-07-22 10:30:00.000000+07',
     'b029f559-52a8-4699-b595-71161498ed8c',
     'b029f559-52a8-4699-b595-71161498ed8c',
     true,
     null,
     true
    ),
    ('d215b5f8-0249-4dc5-89a3-51fd148cfb19', 'Weekly Contest 05',
     '<h3>Welcome to the 5th CodeDynamite Weekly Contest</h3><p><br></p><p>We are thrilled to present the inaugural CodeDynamite Weekly Contest, a premier event designed to challenge your coding skills and ignite your passion for programming. Whether you''re a seasoned developer or a coding enthusiast, this contest offers a unique opportunity to showcase your talents, compete with like-minded individuals, and win exciting prizes.</p><p><br></p><p><strong>About the contest:</strong></p><ul><li><strong>Sponsored by:</strong> CodeDynamite, your go-to platform for cutting-edge coding resources and community support.</li><li><strong>When:</strong> Every week, with fresh and exciting challenges that cater to various skill levels.</li><li><strong>Who Can Participate:</strong> Open to all coding enthusiasts, regardless of experience level.</li></ul><p><br></p><p><strong>Why Join?</strong></p><ul><li><strong>Challenge Yourself:</strong> Tackle a variety of coding problems that will test your creativity and problem-solving abilities.</li><li><strong>Learn and Grow:</strong> Gain new insights and improve your coding skills through hands-on practice and real-time competition.</li><li><strong>Win Prizes:</strong> Stand a chance to win amazing rewards and earn recognition within the coding community.</li></ul><p><br></p><p><strong>How to Register:</strong></p><ul><li>Simply click the registration link below and fill out the required details to secure your spot in the contest.</li><li>Registration is quick, easy, and free!</li></ul><p><br></p><p><strong>Don’t miss out on this fantastic opportunity to connect, compete, and code with the best!</strong></p><p><br></p><p><strong>Register for the contest now and let your coding journey begin!</strong></p><p><a href="https://codedynamite.site/#/contests/d215b5f8-0249-4dc5-89a3-51fd148cfb19/information" rel="noopener noreferrer" target="_blank">Link to register</a></p><p><br></p><p><br></p>',
     '<p><strong>🎉 Juicy Prizes Await You! 🎉</strong></p><p><br></p><p>Get ready to win some amazing rewards in the 1st CodeDynamite Weekly Contest! Here are the fantastic prizes up for grabs:</p><p><br></p><p><strong>1st Place:</strong></p><ul><li><strong>$500 Cash Prize</strong></li><li><strong>Exclusive CodeDynamite T-Shirt</strong></li><li><strong>Personalized Winner''s Certificate</strong></li></ul><p><br></p><p><strong>2nd Place:</strong></p><ul><li><strong>$250 Cash Prize</strong></li><li><strong>Exclusive CodeDynamite Hoodie</strong></li><li><strong>Personalized Runner-Up Certificate</strong></li></ul><p><br></p><p><strong>3rd Place:</strong></p><ul><li><strong>$100 Cash Prize</strong></li><li><strong>Exclusive CodeDynamite Mug</strong></li><li><strong>Personalized Certificate of Achievement</strong></li></ul><p><br></p><p>Don''t miss your chance to win these incredible prizes and gain recognition in the coding community. <a href="https://codedynamite.site/#/contests/d215b5f8-0249-4dc5-89a3-51fd148cfb16/information" rel="noopener noreferrer" target="_blank"><strong>Register now</strong></a> and let the competition begin!</p>',
     '<ol><li>Participants must submit their solutions before the end time.</li><li>Participants must follow the contest rules and guidelines.</li><li>Participants must not cheat or plagiarize.</li></ol>',
     '<p><strong>Pre-determined Challenge Scores:</strong></p><p>Each challenge you conquer has a pre-set score waiting to be claimed. The more complex the challenge, the higher the score you can rack up!</p><p><br></p><p><strong>Test Cases: Your Gateway to Glory:</strong></p><p>Each challenge comes with a battery of test cases designed to put your code through its paces. Every test case you conquer translates into points towards your final score. The more test cases you dominate, the closer you get to scoring supremacy!</p><p><br></p><p><strong>Multiple Submissions? No Problem!</strong></p><p>Feeling creative and tinkering with different solutions? No sweat! We take your highest scoring submission for each challenge into account, so fire away with your best attempts.</p><p><br></p><p><strong>The Leaderboard Beckons: It''s All About the Rank</strong></p><p>Participants are ranked on the glorious leaderboard based on their total score. But what happens when coders achieve the same score? Buckle up, because things get exciting!</p><p><br></p><p><strong>Tie-Breaker Time: Speed Demons Unite!</strong></p><p>In the thrilling case of a tie, the tie-breaker comes down to <strong>speed</strong>. The participant who submitted their highest-scoring solution in the <strong>shortest amount of time</strong> reigns supreme! So, channel your inner coding ninja and blaze through those challenges for ultimate glory.</p>',
     'https://leetcode.com/_next/static/images/weekly-default-553ede7bcc8e1b4a44c28a9e4a32068c.png',
     '2024-07-29 09:30:00.000000+07',
     '2024-07-29 10:30:00.000000+07',
     'b029f559-52a8-4699-b595-71161498ed8c',
     'b029f559-52a8-4699-b595-71161498ed8c',
     true,
     null,
     true
    ),
    ('d215b5f8-0249-4dc5-89a3-51fd148cfb20',  'Weekly Contest 06',
     '<h3>Welcome to the 6th CodeDynamite Weekly Contest</h3><p><br></p><p>We are thrilled to present the inaugural CodeDynamite Weekly Contest, a premier event designed to challenge your coding skills and ignite your passion for programming. Whether you''re a seasoned developer or a coding enthusiast, this contest offers a unique opportunity to showcase your talents, compete with like-minded individuals, and win exciting prizes.</p><p><br></p><p><strong>About the contest:</strong></p><ul><li><strong>Sponsored by:</strong> CodeDynamite, your go-to platform for cutting-edge coding resources and community support.</li><li><strong>When:</strong> Every week, with fresh and exciting challenges that cater to various skill levels.</li><li><strong>Who Can Participate:</strong> Open to all coding enthusiasts, regardless of experience level.</li></ul><p><br></p><p><strong>Why Join?</strong></p><ul><li><strong>Challenge Yourself:</strong> Tackle a variety of coding problems that will test your creativity and problem-solving abilities.</li><li><strong>Learn and Grow:</strong> Gain new insights and improve your coding skills through hands-on practice and real-time competition.</li><li><strong>Win Prizes:</strong> Stand a chance to win amazing rewards and earn recognition within the coding community.</li></ul><p><br></p><p><strong>How to Register:</strong></p><ul><li>Simply click the registration link below and fill out the required details to secure your spot in the contest.</li><li>Registration is quick, easy, and free!</li></ul><p><br></p><p><strong>Don’t miss out on this fantastic opportunity to connect, compete, and code with the best!</strong></p><p><br></p><p><strong>Register for the contest now and let your coding journey begin!</strong></p><p><a href="https://codedynamite.site/#/contests/d215b5f8-0249-4dc5-89a3-51fd148cfb20/information" rel="noopener noreferrer" target="_blank">Link to register</a></p><p><br></p><p><br></p>',
     '<p><strong>🎉 Juicy Prizes Await You! 🎉</strong></p><p><br></p><p>Get ready to win some amazing rewards in the 1st CodeDynamite Weekly Contest! Here are the fantastic prizes up for grabs:</p><p><br></p><p><strong>1st Place:</strong></p><ul><li><strong>$500 Cash Prize</strong></li><li><strong>Exclusive CodeDynamite T-Shirt</strong></li><li><strong>Personalized Winner''s Certificate</strong></li></ul><p><br></p><p><strong>2nd Place:</strong></p><ul><li><strong>$250 Cash Prize</strong></li><li><strong>Exclusive CodeDynamite Hoodie</strong></li><li><strong>Personalized Runner-Up Certificate</strong></li></ul><p><br></p><p><strong>3rd Place:</strong></p><ul><li><strong>$100 Cash Prize</strong></li><li><strong>Exclusive CodeDynamite Mug</strong></li><li><strong>Personalized Certificate of Achievement</strong></li></ul><p><br></p><p>Don''t miss your chance to win these incredible prizes and gain recognition in the coding community. <a href="https://codedynamite.site/#/contests/d215b5f8-0249-4dc5-89a3-51fd148cfb16/information" rel="noopener noreferrer" target="_blank"><strong>Register now</strong></a> and let the competition begin!</p>',
     '<ol><li>Participants must submit their solutions before the end time.</li><li>Participants must follow the contest rules and guidelines.</li><li>Participants must not cheat or plagiarize.</li></ol>',
     '<p><strong>Pre-determined Challenge Scores:</strong></p><p>Each challenge you conquer has a pre-set score waiting to be claimed. The more complex the challenge, the higher the score you can rack up!</p><p><br></p><p><strong>Test Cases: Your Gateway to Glory:</strong></p><p>Each challenge comes with a battery of test cases designed to put your code through its paces. Every test case you conquer translates into points towards your final score. The more test cases you dominate, the closer you get to scoring supremacy!</p><p><br></p><p><strong>Multiple Submissions? No Problem!</strong></p><p>Feeling creative and tinkering with different solutions? No sweat! We take your highest scoring submission for each challenge into account, so fire away with your best attempts.</p><p><br></p><p><strong>The Leaderboard Beckons: It''s All About the Rank</strong></p><p>Participants are ranked on the glorious leaderboard based on their total score. But what happens when coders achieve the same score? Buckle up, because things get exciting!</p><p><br></p><p><strong>Tie-Breaker Time: Speed Demons Unite!</strong></p><p>In the thrilling case of a tie, the tie-breaker comes down to <strong>speed</strong>. The participant who submitted their highest-scoring solution in the <strong>shortest amount of time</strong> reigns supreme! So, channel your inner coding ninja and blaze through those challenges for ultimate glory.</p>',
     'https://leetcode.com/_next/static/images/biweekly-default-f5a8fc3be85b6c9175207fd8fd855d47.png',
     '2024-08-05 09:30:00.000000+07',
     '2024-08-05 10:30:00.000000+07',
     'b029f559-52a8-4699-b595-71161498ed8c',
     'b029f559-52a8-4699-b595-71161498ed8c',
     true,
     null,
     true
     ),
    ('d215b5f8-0249-4dc5-89a3-51fd148cfb21', 'Weekly Contest 07',
     '<h3>Welcome to the 7th CodeDynamite Weekly Contest</h3><p><br></p><p>We are thrilled to present the inaugural CodeDynamite Weekly Contest, a premier event designed to challenge your coding skills and ignite your passion for programming. Whether you''re a seasoned developer or a coding enthusiast, this contest offers a unique opportunity to showcase your talents, compete with like-minded individuals, and win exciting prizes.</p><p><br></p><p><strong>About the contest:</strong></p><ul><li><strong>Sponsored by:</strong> CodeDynamite, your go-to platform for cutting-edge coding resources and community support.</li><li><strong>When:</strong> Every week, with fresh and exciting challenges that cater to various skill levels.</li><li><strong>Who Can Participate:</strong> Open to all coding enthusiasts, regardless of experience level.</li></ul><p><br></p><p><strong>Why Join?</strong></p><ul><li><strong>Challenge Yourself:</strong> Tackle a variety of coding problems that will test your creativity and problem-solving abilities.</li><li><strong>Learn and Grow:</strong> Gain new insights and improve your coding skills through hands-on practice and real-time competition.</li><li><strong>Win Prizes:</strong> Stand a chance to win amazing rewards and earn recognition within the coding community.</li></ul><p><br></p><p><strong>How to Register:</strong></p><ul><li>Simply click the registration link below and fill out the required details to secure your spot in the contest.</li><li>Registration is quick, easy, and free!</li></ul><p><br></p><p><strong>Don’t miss out on this fantastic opportunity to connect, compete, and code with the best!</strong></p><p><br></p><p><strong>Register for the contest now and let your coding journey begin!</strong></p><p><a href="https://codedynamite.site/#/contests/d215b5f8-0249-4dc5-89a3-51fd148cfb21/information" rel="noopener noreferrer" target="_blank">Link to register</a></p><p><br></p><p><br></p>',
     '<p><strong>🎉 Juicy Prizes Await You! 🎉</strong></p><p><br></p><p>Get ready to win some amazing rewards in the 1st CodeDynamite Weekly Contest! Here are the fantastic prizes up for grabs:</p><p><br></p><p><strong>1st Place:</strong></p><ul><li><strong>$500 Cash Prize</strong></li><li><strong>Exclusive CodeDynamite T-Shirt</strong></li><li><strong>Personalized Winner''s Certificate</strong></li></ul><p><br></p><p><strong>2nd Place:</strong></p><ul><li><strong>$250 Cash Prize</strong></li><li><strong>Exclusive CodeDynamite Hoodie</strong></li><li><strong>Personalized Runner-Up Certificate</strong></li></ul><p><br></p><p><strong>3rd Place:</strong></p><ul><li><strong>$100 Cash Prize</strong></li><li><strong>Exclusive CodeDynamite Mug</strong></li><li><strong>Personalized Certificate of Achievement</strong></li></ul><p><br></p><p>Don''t miss your chance to win these incredible prizes and gain recognition in the coding community. <a href="https://codedynamite.site/#/contests/d215b5f8-0249-4dc5-89a3-51fd148cfb16/information" rel="noopener noreferrer" target="_blank"><strong>Register now</strong></a> and let the competition begin!</p>',
     '<ol><li>Participants must submit their solutions before the end time.</li><li>Participants must follow the contest rules and guidelines.</li><li>Participants must not cheat or plagiarize.</li></ol>',
     '<p><strong>Pre-determined Challenge Scores:</strong></p><p>Each challenge you conquer has a pre-set score waiting to be claimed. The more complex the challenge, the higher the score you can rack up!</p><p><br></p><p><strong>Test Cases: Your Gateway to Glory:</strong></p><p>Each challenge comes with a battery of test cases designed to put your code through its paces. Every test case you conquer translates into points towards your final score. The more test cases you dominate, the closer you get to scoring supremacy!</p><p><br></p><p><strong>Multiple Submissions? No Problem!</strong></p><p>Feeling creative and tinkering with different solutions? No sweat! We take your highest scoring submission for each challenge into account, so fire away with your best attempts.</p><p><br></p><p><strong>The Leaderboard Beckons: It''s All About the Rank</strong></p><p>Participants are ranked on the glorious leaderboard based on their total score. But what happens when coders achieve the same score? Buckle up, because things get exciting!</p><p><br></p><p><strong>Tie-Breaker Time: Speed Demons Unite!</strong></p><p>In the thrilling case of a tie, the tie-breaker comes down to <strong>speed</strong>. The participant who submitted their highest-scoring solution in the <strong>shortest amount of time</strong> reigns supreme! So, channel your inner coding ninja and blaze through those challenges for ultimate glory.</p>',
     'https://assets.leetcode.com/contest/weekly-contest-291/card_img_1654267951.png',
     '2024-08-12 09:30:00.000000+07',
     '2024-08-12 10:30:00.000000+07',
     'b029f559-52a8-4699-b595-71161498ed8c',
     'b029f559-52a8-4699-b595-71161498ed8c',
     true,
     null,
     true
    ),
    ('d215b5f8-0249-4dc5-89a3-51fd148cfb22', 'Weekly Contest 08',
     '<h3>Welcome to the 8th CodeDynamite Weekly Contest</h3><p><br></p><p>We are thrilled to present the inaugural CodeDynamite Weekly Contest, a premier event designed to challenge your coding skills and ignite your passion for programming. Whether you''re a seasoned developer or a coding enthusiast, this contest offers a unique opportunity to showcase your talents, compete with like-minded individuals, and win exciting prizes.</p><p><br></p><p><strong>About the contest:</strong></p><ul><li><strong>Sponsored by:</strong> CodeDynamite, your go-to platform for cutting-edge coding resources and community support.</li><li><strong>When:</strong> Every week, with fresh and exciting challenges that cater to various skill levels.</li><li><strong>Who Can Participate:</strong> Open to all coding enthusiasts, regardless of experience level.</li></ul><p><br></p><p><strong>Why Join?</strong></p><ul><li><strong>Challenge Yourself:</strong> Tackle a variety of coding problems that will test your creativity and problem-solving abilities.</li><li><strong>Learn and Grow:</strong> Gain new insights and improve your coding skills through hands-on practice and real-time competition.</li><li><strong>Win Prizes:</strong> Stand a chance to win amazing rewards and earn recognition within the coding community.</li></ul><p><br></p><p><strong>How to Register:</strong></p><ul><li>Simply click the registration link below and fill out the required details to secure your spot in the contest.</li><li>Registration is quick, easy, and free!</li></ul><p><br></p><p><strong>Don’t miss out on this fantastic opportunity to connect, compete, and code with the best!</strong></p><p><br></p><p><strong>Register for the contest now and let your coding journey begin!</strong></p><p><a href="https://codedynamite.site/#/contests/d215b5f8-0249-4dc5-89a3-51fd148cfb22/information" rel="noopener noreferrer" target="_blank">Link to register</a></p><p><br></p><p><br></p>',
     '<p><strong>🎉 Juicy Prizes Await You! 🎉</strong></p><p><br></p><p>Get ready to win some amazing rewards in the 1st CodeDynamite Weekly Contest! Here are the fantastic prizes up for grabs:</p><p><br></p><p><strong>1st Place:</strong></p><ul><li><strong>$500 Cash Prize</strong></li><li><strong>Exclusive CodeDynamite T-Shirt</strong></li><li><strong>Personalized Winner''s Certificate</strong></li></ul><p><br></p><p><strong>2nd Place:</strong></p><ul><li><strong>$250 Cash Prize</strong></li><li><strong>Exclusive CodeDynamite Hoodie</strong></li><li><strong>Personalized Runner-Up Certificate</strong></li></ul><p><br></p><p><strong>3rd Place:</strong></p><ul><li><strong>$100 Cash Prize</strong></li><li><strong>Exclusive CodeDynamite Mug</strong></li><li><strong>Personalized Certificate of Achievement</strong></li></ul><p><br></p><p>Don''t miss your chance to win these incredible prizes and gain recognition in the coding community. <a href="https://codedynamite.site/#/contests/d215b5f8-0249-4dc5-89a3-51fd148cfb16/information" rel="noopener noreferrer" target="_blank"><strong>Register now</strong></a> and let the competition begin!</p>',
     '<ol><li>Participants must submit their solutions before the end time.</li><li>Participants must follow the contest rules and guidelines.</li><li>Participants must not cheat or plagiarize.</li></ol>',
     '<p><strong>Pre-determined Challenge Scores:</strong></p><p>Each challenge you conquer has a pre-set score waiting to be claimed. The more complex the challenge, the higher the score you can rack up!</p><p><br></p><p><strong>Test Cases: Your Gateway to Glory:</strong></p><p>Each challenge comes with a battery of test cases designed to put your code through its paces. Every test case you conquer translates into points towards your final score. The more test cases you dominate, the closer you get to scoring supremacy!</p><p><br></p><p><strong>Multiple Submissions? No Problem!</strong></p><p>Feeling creative and tinkering with different solutions? No sweat! We take your highest scoring submission for each challenge into account, so fire away with your best attempts.</p><p><br></p><p><strong>The Leaderboard Beckons: It''s All About the Rank</strong></p><p>Participants are ranked on the glorious leaderboard based on their total score. But what happens when coders achieve the same score? Buckle up, because things get exciting!</p><p><br></p><p><strong>Tie-Breaker Time: Speed Demons Unite!</strong></p><p>In the thrilling case of a tie, the tie-breaker comes down to <strong>speed</strong>. The participant who submitted their highest-scoring solution in the <strong>shortest amount of time</strong> reigns supreme! So, channel your inner coding ninja and blaze through those challenges for ultimate glory.</p>',
     'https://assets.leetcode.com/contest/weekly-contest-291/card_img_1654267951.png',
     '2024-08-19 09:30:00.000000+07',
     '2024-08-19 10:30:00.000000+07',
     'b029f559-52a8-4699-b595-71161498ed8c',
     'b029f559-52a8-4699-b595-71161498ed8c',
     false,
     null,
     true
    ),
    ('d215b5f8-0249-4dc5-89a3-51fd148cfb23', 'Weekly Contest 09',
     '<h3>Welcome to the 9th CodeDynamite Weekly Contest</h3><p><br></p><p>We are thrilled to present the inaugural CodeDynamite Weekly Contest, a premier event designed to challenge your coding skills and ignite your passion for programming. Whether you''re a seasoned developer or a coding enthusiast, this contest offers a unique opportunity to showcase your talents, compete with like-minded individuals, and win exciting prizes.</p><p><br></p><p><strong>About the contest:</strong></p><ul><li><strong>Sponsored by:</strong> CodeDynamite, your go-to platform for cutting-edge coding resources and community support.</li><li><strong>When:</strong> Every week, with fresh and exciting challenges that cater to various skill levels.</li><li><strong>Who Can Participate:</strong> Open to all coding enthusiasts, regardless of experience level.</li></ul><p><br></p><p><strong>Why Join?</strong></p><ul><li><strong>Challenge Yourself:</strong> Tackle a variety of coding problems that will test your creativity and problem-solving abilities.</li><li><strong>Learn and Grow:</strong> Gain new insights and improve your coding skills through hands-on practice and real-time competition.</li><li><strong>Win Prizes:</strong> Stand a chance to win amazing rewards and earn recognition within the coding community.</li></ul><p><br></p><p><strong>How to Register:</strong></p><ul><li>Simply click the registration link below and fill out the required details to secure your spot in the contest.</li><li>Registration is quick, easy, and free!</li></ul><p><br></p><p><strong>Don’t miss out on this fantastic opportunity to connect, compete, and code with the best!</strong></p><p><br></p><p><strong>Register for the contest now and let your coding journey begin!</strong></p><p><a href="https://codedynamite.site/#/contests/d215b5f8-0249-4dc5-89a3-51fd148cfb23/information" rel="noopener noreferrer" target="_blank">Link to register</a></p><p><br></p><p><br></p>',
     '<p><strong>🎉 Juicy Prizes Await You! 🎉</strong></p><p><br></p><p>Get ready to win some amazing rewards in the 1st CodeDynamite Weekly Contest! Here are the fantastic prizes up for grabs:</p><p><br></p><p><strong>1st Place:</strong></p><ul><li><strong>$500 Cash Prize</strong></li><li><strong>Exclusive CodeDynamite T-Shirt</strong></li><li><strong>Personalized Winner''s Certificate</strong></li></ul><p><br></p><p><strong>2nd Place:</strong></p><ul><li><strong>$250 Cash Prize</strong></li><li><strong>Exclusive CodeDynamite Hoodie</strong></li><li><strong>Personalized Runner-Up Certificate</strong></li></ul><p><br></p><p><strong>3rd Place:</strong></p><ul><li><strong>$100 Cash Prize</strong></li><li><strong>Exclusive CodeDynamite Mug</strong></li><li><strong>Personalized Certificate of Achievement</strong></li></ul><p><br></p><p>Don''t miss your chance to win these incredible prizes and gain recognition in the coding community. <a href="https://codedynamite.site/#/contests/d215b5f8-0249-4dc5-89a3-51fd148cfb16/information" rel="noopener noreferrer" target="_blank"><strong>Register now</strong></a> and let the competition begin!</p>',
     '<ol><li>Participants must submit their solutions before the end time.</li><li>Participants must follow the contest rules and guidelines.</li><li>Participants must not cheat or plagiarize.</li></ol>',
     '<p><strong>Pre-determined Challenge Scores:</strong></p><p>Each challenge you conquer has a pre-set score waiting to be claimed. The more complex the challenge, the higher the score you can rack up!</p><p><br></p><p><strong>Test Cases: Your Gateway to Glory:</strong></p><p>Each challenge comes with a battery of test cases designed to put your code through its paces. Every test case you conquer translates into points towards your final score. The more test cases you dominate, the closer you get to scoring supremacy!</p><p><br></p><p><strong>Multiple Submissions? No Problem!</strong></p><p>Feeling creative and tinkering with different solutions? No sweat! We take your highest scoring submission for each challenge into account, so fire away with your best attempts.</p><p><br></p><p><strong>The Leaderboard Beckons: It''s All About the Rank</strong></p><p>Participants are ranked on the glorious leaderboard based on their total score. But what happens when coders achieve the same score? Buckle up, because things get exciting!</p><p><br></p><p><strong>Tie-Breaker Time: Speed Demons Unite!</strong></p><p>In the thrilling case of a tie, the tie-breaker comes down to <strong>speed</strong>. The participant who submitted their highest-scoring solution in the <strong>shortest amount of time</strong> reigns supreme! So, channel your inner coding ninja and blaze through those challenges for ultimate glory.</p>',
     'https://leetcode.com/_next/static/images/weekly-default-553ede7bcc8e1b4a44c28a9e4a32068c.png',
     '2024-08-26 09:30:00.000000+07',
     '2024-08-26 10:30:00.000000+07',
     'b029f559-52a8-4699-b595-71161498ed8c',
     'b029f559-52a8-4699-b595-71161498ed8c',
     false,
     null,
     true
    ),
    ('d215b5f8-0249-4dc5-89a3-51fd148cfb24', 'Weekly Contest 10',
     '<h3>Welcome to the 10th CodeDynamite Weekly Contest</h3><p><br></p><p>We are thrilled to present the inaugural CodeDynamite Weekly Contest, a premier event designed to challenge your coding skills and ignite your passion for programming. Whether you''re a seasoned developer or a coding enthusiast, this contest offers a unique opportunity to showcase your talents, compete with like-minded individuals, and win exciting prizes.</p><p><br></p><p><strong>About the contest:</strong></p><ul><li><strong>Sponsored by:</strong> CodeDynamite, your go-to platform for cutting-edge coding resources and community support.</li><li><strong>When:</strong> Every week, with fresh and exciting challenges that cater to various skill levels.</li><li><strong>Who Can Participate:</strong> Open to all coding enthusiasts, regardless of experience level.</li></ul><p><br></p><p><strong>Why Join?</strong></p><ul><li><strong>Challenge Yourself:</strong> Tackle a variety of coding problems that will test your creativity and problem-solving abilities.</li><li><strong>Learn and Grow:</strong> Gain new insights and improve your coding skills through hands-on practice and real-time competition.</li><li><strong>Win Prizes:</strong> Stand a chance to win amazing rewards and earn recognition within the coding community.</li></ul><p><br></p><p><strong>How to Register:</strong></p><ul><li>Simply click the registration link below and fill out the required details to secure your spot in the contest.</li><li>Registration is quick, easy, and free!</li></ul><p><br></p><p><strong>Don’t miss out on this fantastic opportunity to connect, compete, and code with the best!</strong></p><p><br></p><p><strong>Register for the contest now and let your coding journey begin!</strong></p><p><a href="https://codedynamite.site/#/contests/d215b5f8-0249-4dc5-89a3-51fd148cfb24/information" rel="noopener noreferrer" target="_blank">Link to register</a></p><p><br></p><p><br></p>',
     '<p><strong>🎉 Juicy Prizes Await You! 🎉</strong></p><p><br></p><p>Get ready to win some amazing rewards in the 1st CodeDynamite Weekly Contest! Here are the fantastic prizes up for grabs:</p><p><br></p><p><strong>1st Place:</strong></p><ul><li><strong>$500 Cash Prize</strong></li><li><strong>Exclusive CodeDynamite T-Shirt</strong></li><li><strong>Personalized Winner''s Certificate</strong></li></ul><p><br></p><p><strong>2nd Place:</strong></p><ul><li><strong>$250 Cash Prize</strong></li><li><strong>Exclusive CodeDynamite Hoodie</strong></li><li><strong>Personalized Runner-Up Certificate</strong></li></ul><p><br></p><p><strong>3rd Place:</strong></p><ul><li><strong>$100 Cash Prize</strong></li><li><strong>Exclusive CodeDynamite Mug</strong></li><li><strong>Personalized Certificate of Achievement</strong></li></ul><p><br></p><p>Don''t miss your chance to win these incredible prizes and gain recognition in the coding community. <a href="https://codedynamite.site/#/contests/d215b5f8-0249-4dc5-89a3-51fd148cfb16/information" rel="noopener noreferrer" target="_blank"><strong>Register now</strong></a> and let the competition begin!</p>',
     '<ol><li>Participants must submit their solutions before the end time.</li><li>Participants must follow the contest rules and guidelines.</li><li>Participants must not cheat or plagiarize.</li></ol>',
     '<p><strong>Pre-determined Challenge Scores:</strong></p><p>Each challenge you conquer has a pre-set score waiting to be claimed. The more complex the challenge, the higher the score you can rack up!</p><p><br></p><p><strong>Test Cases: Your Gateway to Glory:</strong></p><p>Each challenge comes with a battery of test cases designed to put your code through its paces. Every test case you conquer translates into points towards your final score. The more test cases you dominate, the closer you get to scoring supremacy!</p><p><br></p><p><strong>Multiple Submissions? No Problem!</strong></p><p>Feeling creative and tinkering with different solutions? No sweat! We take your highest scoring submission for each challenge into account, so fire away with your best attempts.</p><p><br></p><p><strong>The Leaderboard Beckons: It''s All About the Rank</strong></p><p>Participants are ranked on the glorious leaderboard based on their total score. But what happens when coders achieve the same score? Buckle up, because things get exciting!</p><p><br></p><p><strong>Tie-Breaker Time: Speed Demons Unite!</strong></p><p>In the thrilling case of a tie, the tie-breaker comes down to <strong>speed</strong>. The participant who submitted their highest-scoring solution in the <strong>shortest amount of time</strong> reigns supreme! So, channel your inner coding ninja and blaze through those challenges for ultimate glory.</p>',
     'https://leetcode.com/_next/static/images/biweekly-default-f5a8fc3be85b6c9175207fd8fd855d47.png',
     '2024-09-02 09:30:00.000000+07',
     '2024-09-02 10:30:00.000000+07',
     'b029f559-52a8-4699-b595-71161498ed8c',
     'b029f559-52a8-4699-b595-71161498ed8c',
     false,
     null,
     true
    ),
    ('d215b5f8-0249-4dc5-89a3-51fd148cfb25', 'Weekly Contest 11',
     '<h3>Welcome to the 11th CodeDynamite Weekly Contest</h3><p><br></p><p>We are thrilled to present the inaugural CodeDynamite Weekly Contest, a premier event designed to challenge your coding skills and ignite your passion for programming. Whether you''re a seasoned developer or a coding enthusiast, this contest offers a unique opportunity to showcase your talents, compete with like-minded individuals, and win exciting prizes.</p><p><br></p><p><strong>About the contest:</strong></p><ul><li><strong>Sponsored by:</strong> CodeDynamite, your go-to platform for cutting-edge coding resources and community support.</li><li><strong>When:</strong> Every week, with fresh and exciting challenges that cater to various skill levels.</li><li><strong>Who Can Participate:</strong> Open to all coding enthusiasts, regardless of experience level.</li></ul><p><br></p><p><strong>Why Join?</strong></p><ul><li><strong>Challenge Yourself:</strong> Tackle a variety of coding problems that will test your creativity and problem-solving abilities.</li><li><strong>Learn and Grow:</strong> Gain new insights and improve your coding skills through hands-on practice and real-time competition.</li><li><strong>Win Prizes:</strong> Stand a chance to win amazing rewards and earn recognition within the coding community.</li></ul><p><br></p><p><strong>How to Register:</strong></p><ul><li>Simply click the registration link below and fill out the required details to secure your spot in the contest.</li><li>Registration is quick, easy, and free!</li></ul><p><br></p><p><strong>Don’t miss out on this fantastic opportunity to connect, compete, and code with the best!</strong></p><p><br></p><p><strong>Register for the contest now and let your coding journey begin!</strong></p><p><a href="https://codedynamite.site/#/contests/d215b5f8-0249-4dc5-89a3-51fd148cfb25/information" rel="noopener noreferrer" target="_blank">Link to register</a></p><p><br></p><p><br></p>',
     '<p><strong>🎉 Juicy Prizes Await You! 🎉</strong></p><p><br></p><p>Get ready to win some amazing rewards in the 1st CodeDynamite Weekly Contest! Here are the fantastic prizes up for grabs:</p><p><br></p><p><strong>1st Place:</strong></p><ul><li><strong>$500 Cash Prize</strong></li><li><strong>Exclusive CodeDynamite T-Shirt</strong></li><li><strong>Personalized Winner''s Certificate</strong></li></ul><p><br></p><p><strong>2nd Place:</strong></p><ul><li><strong>$250 Cash Prize</strong></li><li><strong>Exclusive CodeDynamite Hoodie</strong></li><li><strong>Personalized Runner-Up Certificate</strong></li></ul><p><br></p><p><strong>3rd Place:</strong></p><ul><li><strong>$100 Cash Prize</strong></li><li><strong>Exclusive CodeDynamite Mug</strong></li><li><strong>Personalized Certificate of Achievement</strong></li></ul><p><br></p><p>Don''t miss your chance to win these incredible prizes and gain recognition in the coding community. <a href="https://codedynamite.site/#/contests/d215b5f8-0249-4dc5-89a3-51fd148cfb16/information" rel="noopener noreferrer" target="_blank"><strong>Register now</strong></a> and let the competition begin!</p>',
     '<ol><li>Participants must submit their solutions before the end time.</li><li>Participants must follow the contest rules and guidelines.</li><li>Participants must not cheat or plagiarize.</li></ol>',
     '<p><strong>Pre-determined Challenge Scores:</strong></p><p>Each challenge you conquer has a pre-set score waiting to be claimed. The more complex the challenge, the higher the score you can rack up!</p><p><br></p><p><strong>Test Cases: Your Gateway to Glory:</strong></p><p>Each challenge comes with a battery of test cases designed to put your code through its paces. Every test case you conquer translates into points towards your final score. The more test cases you dominate, the closer you get to scoring supremacy!</p><p><br></p><p><strong>Multiple Submissions? No Problem!</strong></p><p>Feeling creative and tinkering with different solutions? No sweat! We take your highest scoring submission for each challenge into account, so fire away with your best attempts.</p><p><br></p><p><strong>The Leaderboard Beckons: It''s All About the Rank</strong></p><p>Participants are ranked on the glorious leaderboard based on their total score. But what happens when coders achieve the same score? Buckle up, because things get exciting!</p><p><br></p><p><strong>Tie-Breaker Time: Speed Demons Unite!</strong></p><p>In the thrilling case of a tie, the tie-breaker comes down to <strong>speed</strong>. The participant who submitted their highest-scoring solution in the <strong>shortest amount of time</strong> reigns supreme! So, channel your inner coding ninja and blaze through those challenges for ultimate glory.</p>',
     'https://assets.leetcode.com/contest/weekly-contest-291/card_img_1654267951.png',
     '2024-09-09 09:30:00.000000+07',
     '2024-09-09 10:30:00.000000+07',
     'b029f559-52a8-4699-b595-71161498ed8c',
     'b029f559-52a8-4699-b595-71161498ed8c',
     false,
     null,
     true
    ),
    ('d215b5f8-0249-4dc5-89a3-51fd148cfb26', 'Weekly Contest 12',
     '<h3>Welcome to the 12th CodeDynamite Weekly Contest</h3><p><br></p><p>We are thrilled to present the inaugural CodeDynamite Weekly Contest, a premier event designed to challenge your coding skills and ignite your passion for programming. Whether you''re a seasoned developer or a coding enthusiast, this contest offers a unique opportunity to showcase your talents, compete with like-minded individuals, and win exciting prizes.</p><p><br></p><p><strong>About the contest:</strong></p><ul><li><strong>Sponsored by:</strong> CodeDynamite, your go-to platform for cutting-edge coding resources and community support.</li><li><strong>When:</strong> Every week, with fresh and exciting challenges that cater to various skill levels.</li><li><strong>Who Can Participate:</strong> Open to all coding enthusiasts, regardless of experience level.</li></ul><p><br></p><p><strong>Why Join?</strong></p><ul><li><strong>Challenge Yourself:</strong> Tackle a variety of coding problems that will test your creativity and problem-solving abilities.</li><li><strong>Learn and Grow:</strong> Gain new insights and improve your coding skills through hands-on practice and real-time competition.</li><li><strong>Win Prizes:</strong> Stand a chance to win amazing rewards and earn recognition within the coding community.</li></ul><p><br></p><p><strong>How to Register:</strong></p><ul><li>Simply click the registration link below and fill out the required details to secure your spot in the contest.</li><li>Registration is quick, easy, and free!</li></ul><p><br></p><p><strong>Don’t miss out on this fantastic opportunity to connect, compete, and code with the best!</strong></p><p><br></p><p><strong>Register for the contest now and let your coding journey begin!</strong></p><p><a href="https://codedynamite.site/#/contests/d215b5f8-0249-4dc5-89a3-51fd148cfb26/information" rel="noopener noreferrer" target="_blank">Link to register</a></p><p><br></p><p><br></p>',
     '<p><strong>🎉 Juicy Prizes Await You! 🎉</strong></p><p><br></p><p>Get ready to win some amazing rewards in the 1st CodeDynamite Weekly Contest! Here are the fantastic prizes up for grabs:</p><p><br></p><p><strong>1st Place:</strong></p><ul><li><strong>$500 Cash Prize</strong></li><li><strong>Exclusive CodeDynamite T-Shirt</strong></li><li><strong>Personalized Winner''s Certificate</strong></li></ul><p><br></p><p><strong>2nd Place:</strong></p><ul><li><strong>$250 Cash Prize</strong></li><li><strong>Exclusive CodeDynamite Hoodie</strong></li><li><strong>Personalized Runner-Up Certificate</strong></li></ul><p><br></p><p><strong>3rd Place:</strong></p><ul><li><strong>$100 Cash Prize</strong></li><li><strong>Exclusive CodeDynamite Mug</strong></li><li><strong>Personalized Certificate of Achievement</strong></li></ul><p><br></p><p>Don''t miss your chance to win these incredible prizes and gain recognition in the coding community. <a href="https://codedynamite.site/#/contests/d215b5f8-0249-4dc5-89a3-51fd148cfb16/information" rel="noopener noreferrer" target="_blank"><strong>Register now</strong></a> and let the competition begin!</p>',
     '<ol><li>Participants must submit their solutions before the end time.</li><li>Participants must follow the contest rules and guidelines.</li><li>Participants must not cheat or plagiarize.</li></ol>',
     '<p><strong>Pre-determined Challenge Scores:</strong></p><p>Each challenge you conquer has a pre-set score waiting to be claimed. The more complex the challenge, the higher the score you can rack up!</p><p><br></p><p><strong>Test Cases: Your Gateway to Glory:</strong></p><p>Each challenge comes with a battery of test cases designed to put your code through its paces. Every test case you conquer translates into points towards your final score. The more test cases you dominate, the closer you get to scoring supremacy!</p><p><br></p><p><strong>Multiple Submissions? No Problem!</strong></p><p>Feeling creative and tinkering with different solutions? No sweat! We take your highest scoring submission for each challenge into account, so fire away with your best attempts.</p><p><br></p><p><strong>The Leaderboard Beckons: It''s All About the Rank</strong></p><p>Participants are ranked on the glorious leaderboard based on their total score. But what happens when coders achieve the same score? Buckle up, because things get exciting!</p><p><br></p><p><strong>Tie-Breaker Time: Speed Demons Unite!</strong></p><p>In the thrilling case of a tie, the tie-breaker comes down to <strong>speed</strong>. The participant who submitted their highest-scoring solution in the <strong>shortest amount of time</strong> reigns supreme! So, channel your inner coding ninja and blaze through those challenges for ultimate glory.</p>',
     'https://assets.leetcode.com/contest/weekly-contest-291/card_img_1654267951.png',
     '2024-09-16 09:30:00.000000+07',
     '2024-09-16 10:30:00.000000+07',
     'b029f559-52a8-4699-b595-71161498ed8c',
     'b029f559-52a8-4699-b595-71161498ed8c',
     false,
     null,
     true
    ),
    ('d215b5f8-0249-4dc5-89a3-51fd148cfb27', 'Weekly Contest 13',
     '<h3>Welcome to the 13th CodeDynamite Weekly Contest</h3><p><br></p><p>We are thrilled to present the inaugural CodeDynamite Weekly Contest, a premier event designed to challenge your coding skills and ignite your passion for programming. Whether you''re a seasoned developer or a coding enthusiast, this contest offers a unique opportunity to showcase your talents, compete with like-minded individuals, and win exciting prizes.</p><p><br></p><p><strong>About the contest:</strong></p><ul><li><strong>Sponsored by:</strong> CodeDynamite, your go-to platform for cutting-edge coding resources and community support.</li><li><strong>When:</strong> Every week, with fresh and exciting challenges that cater to various skill levels.</li><li><strong>Who Can Participate:</strong> Open to all coding enthusiasts, regardless of experience level.</li></ul><p><br></p><p><strong>Why Join?</strong></p><ul><li><strong>Challenge Yourself:</strong> Tackle a variety of coding problems that will test your creativity and problem-solving abilities.</li><li><strong>Learn and Grow:</strong> Gain new insights and improve your coding skills through hands-on practice and real-time competition.</li><li><strong>Win Prizes:</strong> Stand a chance to win amazing rewards and earn recognition within the coding community.</li></ul><p><br></p><p><strong>How to Register:</strong></p><ul><li>Simply click the registration link below and fill out the required details to secure your spot in the contest.</li><li>Registration is quick, easy, and free!</li></ul><p><br></p><p><strong>Don’t miss out on this fantastic opportunity to connect, compete, and code with the best!</strong></p><p><br></p><p><strong>Register for the contest now and let your coding journey begin!</strong></p><p><a href="https://codedynamite.site/#/contests/d215b5f8-0249-4dc5-89a3-51fd148cfb27/information" rel="noopener noreferrer" target="_blank">Link to register</a></p><p><br></p><p><br></p>',
     '<p><strong>🎉 Juicy Prizes Await You! 🎉</strong></p><p><br></p><p>Get ready to win some amazing rewards in the 1st CodeDynamite Weekly Contest! Here are the fantastic prizes up for grabs:</p><p><br></p><p><strong>1st Place:</strong></p><ul><li><strong>$500 Cash Prize</strong></li><li><strong>Exclusive CodeDynamite T-Shirt</strong></li><li><strong>Personalized Winner''s Certificate</strong></li></ul><p><br></p><p><strong>2nd Place:</strong></p><ul><li><strong>$250 Cash Prize</strong></li><li><strong>Exclusive CodeDynamite Hoodie</strong></li><li><strong>Personalized Runner-Up Certificate</strong></li></ul><p><br></p><p><strong>3rd Place:</strong></p><ul><li><strong>$100 Cash Prize</strong></li><li><strong>Exclusive CodeDynamite Mug</strong></li><li><strong>Personalized Certificate of Achievement</strong></li></ul><p><br></p><p>Don''t miss your chance to win these incredible prizes and gain recognition in the coding community. <a href="https://codedynamite.site/#/contests/d215b5f8-0249-4dc5-89a3-51fd148cfb16/information" rel="noopener noreferrer" target="_blank"><strong>Register now</strong></a> and let the competition begin!</p>',
     '<ol><li>Participants must submit their solutions before the end time.</li><li>Participants must follow the contest rules and guidelines.</li><li>Participants must not cheat or plagiarize.</li></ol>',
     '<p><strong>Pre-determined Challenge Scores:</strong></p><p>Each challenge you conquer has a pre-set score waiting to be claimed. The more complex the challenge, the higher the score you can rack up!</p><p><br></p><p><strong>Test Cases: Your Gateway to Glory:</strong></p><p>Each challenge comes with a battery of test cases designed to put your code through its paces. Every test case you conquer translates into points towards your final score. The more test cases you dominate, the closer you get to scoring supremacy!</p><p><br></p><p><strong>Multiple Submissions? No Problem!</strong></p><p>Feeling creative and tinkering with different solutions? No sweat! We take your highest scoring submission for each challenge into account, so fire away with your best attempts.</p><p><br></p><p><strong>The Leaderboard Beckons: It''s All About the Rank</strong></p><p>Participants are ranked on the glorious leaderboard based on their total score. But what happens when coders achieve the same score? Buckle up, because things get exciting!</p><p><br></p><p><strong>Tie-Breaker Time: Speed Demons Unite!</strong></p><p>In the thrilling case of a tie, the tie-breaker comes down to <strong>speed</strong>. The participant who submitted their highest-scoring solution in the <strong>shortest amount of time</strong> reigns supreme! So, channel your inner coding ninja and blaze through those challenges for ultimate glory.</p>',
     'https://leetcode.com/_next/static/images/weekly-default-553ede7bcc8e1b4a44c28a9e4a32068c.png',
     '2024-09-23 09:30:00.000000+07',
     '2024-09-23 10:30:00.000000+07',
     'b029f559-52a8-4699-b595-71161498ed8c',
     'b029f559-52a8-4699-b595-71161498ed8c',
     false,
     null,
     true
    ),
    ('d215b5f8-0249-4dc5-89a3-51fd148cfb28',  'Weekly Contest 14',
     '<h3>Welcome to the 14th CodeDynamite Weekly Contest</h3><p><br></p><p>We are thrilled to present the inaugural CodeDynamite Weekly Contest, a premier event designed to challenge your coding skills and ignite your passion for programming. Whether you''re a seasoned developer or a coding enthusiast, this contest offers a unique opportunity to showcase your talents, compete with like-minded individuals, and win exciting prizes.</p><p><br></p><p><strong>About the contest:</strong></p><ul><li><strong>Sponsored by:</strong> CodeDynamite, your go-to platform for cutting-edge coding resources and community support.</li><li><strong>When:</strong> Every week, with fresh and exciting challenges that cater to various skill levels.</li><li><strong>Who Can Participate:</strong> Open to all coding enthusiasts, regardless of experience level.</li></ul><p><br></p><p><strong>Why Join?</strong></p><ul><li><strong>Challenge Yourself:</strong> Tackle a variety of coding problems that will test your creativity and problem-solving abilities.</li><li><strong>Learn and Grow:</strong> Gain new insights and improve your coding skills through hands-on practice and real-time competition.</li><li><strong>Win Prizes:</strong> Stand a chance to win amazing rewards and earn recognition within the coding community.</li></ul><p><br></p><p><strong>How to Register:</strong></p><ul><li>Simply click the registration link below and fill out the required details to secure your spot in the contest.</li><li>Registration is quick, easy, and free!</li></ul><p><br></p><p><strong>Don’t miss out on this fantastic opportunity to connect, compete, and code with the best!</strong></p><p><br></p><p><strong>Register for the contest now and let your coding journey begin!</strong></p><p><a href="https://codedynamite.site/#/contests/d215b5f8-0249-4dc5-89a3-51fd148cfb28/information" rel="noopener noreferrer" target="_blank">Link to register</a></p><p><br></p><p><br></p>',
     '<p><strong>🎉 Juicy Prizes Await You! 🎉</strong></p><p><br></p><p>Get ready to win some amazing rewards in the 1st CodeDynamite Weekly Contest! Here are the fantastic prizes up for grabs:</p><p><br></p><p><strong>1st Place:</strong></p><ul><li><strong>$500 Cash Prize</strong></li><li><strong>Exclusive CodeDynamite T-Shirt</strong></li><li><strong>Personalized Winner''s Certificate</strong></li></ul><p><br></p><p><strong>2nd Place:</strong></p><ul><li><strong>$250 Cash Prize</strong></li><li><strong>Exclusive CodeDynamite Hoodie</strong></li><li><strong>Personalized Runner-Up Certificate</strong></li></ul><p><br></p><p><strong>3rd Place:</strong></p><ul><li><strong>$100 Cash Prize</strong></li><li><strong>Exclusive CodeDynamite Mug</strong></li><li><strong>Personalized Certificate of Achievement</strong></li></ul><p><br></p><p>Don''t miss your chance to win these incredible prizes and gain recognition in the coding community. <a href="https://codedynamite.site/#/contests/d215b5f8-0249-4dc5-89a3-51fd148cfb16/information" rel="noopener noreferrer" target="_blank"><strong>Register now</strong></a> and let the competition begin!</p>',
     '<ol><li>Participants must submit their solutions before the end time.</li><li>Participants must follow the contest rules and guidelines.</li><li>Participants must not cheat or plagiarize.</li></ol>',
     '<p><strong>Pre-determined Challenge Scores:</strong></p><p>Each challenge you conquer has a pre-set score waiting to be claimed. The more complex the challenge, the higher the score you can rack up!</p><p><br></p><p><strong>Test Cases: Your Gateway to Glory:</strong></p><p>Each challenge comes with a battery of test cases designed to put your code through its paces. Every test case you conquer translates into points towards your final score. The more test cases you dominate, the closer you get to scoring supremacy!</p><p><br></p><p><strong>Multiple Submissions? No Problem!</strong></p><p>Feeling creative and tinkering with different solutions? No sweat! We take your highest scoring submission for each challenge into account, so fire away with your best attempts.</p><p><br></p><p><strong>The Leaderboard Beckons: It''s All About the Rank</strong></p><p>Participants are ranked on the glorious leaderboard based on their total score. But what happens when coders achieve the same score? Buckle up, because things get exciting!</p><p><br></p><p><strong>Tie-Breaker Time: Speed Demons Unite!</strong></p><p>In the thrilling case of a tie, the tie-breaker comes down to <strong>speed</strong>. The participant who submitted their highest-scoring solution in the <strong>shortest amount of time</strong> reigns supreme! So, channel your inner coding ninja and blaze through those challenges for ultimate glory.</p>',
     'https://leetcode.com/_next/static/images/biweekly-default-f5a8fc3be85b6c9175207fd8fd855d47.png',
     '2024-09-30 09:30:00.000000+07',
     '2024-09-30 10:30:00.000000+07',
     'b029f559-52a8-4699-b595-71161498ed8c',
     'b029f559-52a8-4699-b595-71161498ed8c',
     false,
     null,
     true
    ),
    ('d215b5f8-0249-4dc5-89a3-51fd148cfb29',  'Weekly Contest 15',
     '<h3>Welcome to the 15th CodeDynamite Weekly Contest</h3><p><br></p><p>We are thrilled to present the inaugural CodeDynamite Weekly Contest, a premier event designed to challenge your coding skills and ignite your passion for programming. Whether you''re a seasoned developer or a coding enthusiast, this contest offers a unique opportunity to showcase your talents, compete with like-minded individuals, and win exciting prizes.</p><p><br></p><p><strong>About the contest:</strong></p><ul><li><strong>Sponsored by:</strong> CodeDynamite, your go-to platform for cutting-edge coding resources and community support.</li><li><strong>When:</strong> Every week, with fresh and exciting challenges that cater to various skill levels.</li><li><strong>Who Can Participate:</strong> Open to all coding enthusiasts, regardless of experience level.</li></ul><p><br></p><p><strong>Why Join?</strong></p><ul><li><strong>Challenge Yourself:</strong> Tackle a variety of coding problems that will test your creativity and problem-solving abilities.</li><li><strong>Learn and Grow:</strong> Gain new insights and improve your coding skills through hands-on practice and real-time competition.</li><li><strong>Win Prizes:</strong> Stand a chance to win amazing rewards and earn recognition within the coding community.</li></ul><p><br></p><p><strong>How to Register:</strong></p><ul><li>Simply click the registration link below and fill out the required details to secure your spot in the contest.</li><li>Registration is quick, easy, and free!</li></ul><p><br></p><p><strong>Don’t miss out on this fantastic opportunity to connect, compete, and code with the best!</strong></p><p><br></p><p><strong>Register for the contest now and let your coding journey begin!</strong></p><p><a href="https://codedynamite.site/#/contests/d215b5f8-0249-4dc5-89a3-51fd148cfb29/information" rel="noopener noreferrer" target="_blank">Link to register</a></p><p><br></p><p><br></p>',
     '<p><strong>🎉 Juicy Prizes Await You! 🎉</strong></p><p><br></p><p>Get ready to win some amazing rewards in the 1st CodeDynamite Weekly Contest! Here are the fantastic prizes up for grabs:</p><p><br></p><p><strong>1st Place:</strong></p><ul><li><strong>$500 Cash Prize</strong></li><li><strong>Exclusive CodeDynamite T-Shirt</strong></li><li><strong>Personalized Winner''s Certificate</strong></li></ul><p><br></p><p><strong>2nd Place:</strong></p><ul><li><strong>$250 Cash Prize</strong></li><li><strong>Exclusive CodeDynamite Hoodie</strong></li><li><strong>Personalized Runner-Up Certificate</strong></li></ul><p><br></p><p><strong>3rd Place:</strong></p><ul><li><strong>$100 Cash Prize</strong></li><li><strong>Exclusive CodeDynamite Mug</strong></li><li><strong>Personalized Certificate of Achievement</strong></li></ul><p><br></p><p>Don''t miss your chance to win these incredible prizes and gain recognition in the coding community. <a href="https://codedynamite.site/#/contests/d215b5f8-0249-4dc5-89a3-51fd148cfb16/information" rel="noopener noreferrer" target="_blank"><strong>Register now</strong></a> and let the competition begin!</p>',
     '<ol><li>Participants must submit their solutions before the end time.</li><li>Participants must follow the contest rules and guidelines.</li><li>Participants must not cheat or plagiarize.</li></ol>',
     '<p><strong>Pre-determined Challenge Scores:</strong></p><p>Each challenge you conquer has a pre-set score waiting to be claimed. The more complex the challenge, the higher the score you can rack up!</p><p><br></p><p><strong>Test Cases: Your Gateway to Glory:</strong></p><p>Each challenge comes with a battery of test cases designed to put your code through its paces. Every test case you conquer translates into points towards your final score. The more test cases you dominate, the closer you get to scoring supremacy!</p><p><br></p><p><strong>Multiple Submissions? No Problem!</strong></p><p>Feeling creative and tinkering with different solutions? No sweat! We take your highest scoring submission for each challenge into account, so fire away with your best attempts.</p><p><br></p><p><strong>The Leaderboard Beckons: It''s All About the Rank</strong></p><p>Participants are ranked on the glorious leaderboard based on their total score. But what happens when coders achieve the same score? Buckle up, because things get exciting!</p><p><br></p><p><strong>Tie-Breaker Time: Speed Demons Unite!</strong></p><p>In the thrilling case of a tie, the tie-breaker comes down to <strong>speed</strong>. The participant who submitted their highest-scoring solution in the <strong>shortest amount of time</strong> reigns supreme! So, channel your inner coding ninja and blaze through those challenges for ultimate glory.</p>',
     'https://leetcode.com/_next/static/images/biweekly-default-f5a8fc3be85b6c9175207fd8fd855d47.png',
     '2024-10-07 09:30:00.000000+07',
     '2024-10-07 10:30:00.000000+07',
     'b029f559-52a8-4699-b595-71161498ed8c',
     'b029f559-52a8-4699-b595-71161498ed8c',
     false,
     null,
     true
    ),
    ('d215b5f8-0249-4dc5-89a3-51fd148cfb30',  'HCMUS Hackathon Contest',
     '<h3>Welcome to the HCMUS Hackathon Contest</h3><p><br></p><p>We are thrilled to present the inaugural CodeDynamite Weekly Contest, a premier event designed to challenge your coding skills and ignite your passion for programming. Whether you''re a seasoned developer or a coding enthusiast, this contest offers a unique opportunity to showcase your talents, compete with like-minded individuals, and win exciting prizes.</p><p><br></p><p><strong>About the contest:</strong></p><ul><li><strong>Sponsored by:</strong> CodeDynamite, your go-to platform for cutting-edge coding resources and community support.</li><li><strong>When:</strong> Every week, with fresh and exciting challenges that cater to various skill levels.</li><li><strong>Who Can Participate:</strong> Open to all coding enthusiasts, regardless of experience level.</li></ul><p><br></p><p><strong>Why Join?</strong></p><ul><li><strong>Challenge Yourself:</strong> Tackle a variety of coding problems that will test your creativity and problem-solving abilities.</li><li><strong>Learn and Grow:</strong> Gain new insights and improve your coding skills through hands-on practice and real-time competition.</li><li><strong>Win Prizes:</strong> Stand a chance to win amazing rewards and earn recognition within the coding community.</li></ul><p><br></p><p><strong>How to Register:</strong></p><ul><li>Simply click the registration link below and fill out the required details to secure your spot in the contest.</li><li>Registration is quick, easy, and free!</li></ul><p><br></p><p><strong>Don’t miss out on this fantastic opportunity to connect, compete, and code with the best!</strong></p><p><br></p><p><strong>Register for the contest now and let your coding journey begin!</strong></p><p><a href="https://codedynamite.site/#/contests/d215b5f8-0249-4dc5-89a3-51fd148cfb30/information" rel="noopener noreferrer" target="_blank">Link to register</a></p><p><br></p><p><br></p>',
     '<p><strong>🎉 Juicy Prizes Await You! 🎉</strong></p><p><br></p><p>Get ready to win some amazing rewards in the 1st CodeDynamite Weekly Contest! Here are the fantastic prizes up for grabs:</p><p><br></p><p><strong>1st Place:</strong></p><ul><li><strong>$500 Cash Prize</strong></li><li><strong>Exclusive CodeDynamite T-Shirt</strong></li><li><strong>Personalized Winner''s Certificate</strong></li></ul><p><br></p><p><strong>2nd Place:</strong></p><ul><li><strong>$250 Cash Prize</strong></li><li><strong>Exclusive CodeDynamite Hoodie</strong></li><li><strong>Personalized Runner-Up Certificate</strong></li></ul><p><br></p><p><strong>3rd Place:</strong></p><ul><li><strong>$100 Cash Prize</strong></li><li><strong>Exclusive CodeDynamite Mug</strong></li><li><strong>Personalized Certificate of Achievement</strong></li></ul><p><br></p><p>Don''t miss your chance to win these incredible prizes and gain recognition in the coding community. <a href="https://codedynamite.site/#/contests/d215b5f8-0249-4dc5-89a3-51fd148cfb16/information" rel="noopener noreferrer" target="_blank"><strong>Register now</strong></a> and let the competition begin!</p>',
     '<ol><li>Participants must submit their solutions before the end time.</li><li>Participants must follow the contest rules and guidelines.</li><li>Participants must not cheat or plagiarize.</li></ol>',
     '<p><strong>Pre-determined Challenge Scores:</strong></p><p>Each challenge you conquer has a pre-set score waiting to be claimed. The more complex the challenge, the higher the score you can rack up!</p><p><br></p><p><strong>Test Cases: Your Gateway to Glory:</strong></p><p>Each challenge comes with a battery of test cases designed to put your code through its paces. Every test case you conquer translates into points towards your final score. The more test cases you dominate, the closer you get to scoring supremacy!</p><p><br></p><p><strong>Multiple Submissions? No Problem!</strong></p><p>Feeling creative and tinkering with different solutions? No sweat! We take your highest scoring submission for each challenge into account, so fire away with your best attempts.</p><p><br></p><p><strong>The Leaderboard Beckons: It''s All About the Rank</strong></p><p>Participants are ranked on the glorious leaderboard based on their total score. But what happens when coders achieve the same score? Buckle up, because things get exciting!</p><p><br></p><p><strong>Tie-Breaker Time: Speed Demons Unite!</strong></p><p>In the thrilling case of a tie, the tie-breaker comes down to <strong>speed</strong>. The participant who submitted their highest-scoring solution in the <strong>shortest amount of time</strong> reigns supreme! So, channel your inner coding ninja and blaze through those challenges for ultimate glory.</p>',
     'https://leetcode.com/_next/static/images/biweekly-default-f5a8fc3be85b6c9175207fd8fd855d47.png',
     CURRENT_TIMESTAMP + INTERVAL '5 minutes',
     CURRENT_TIMESTAMP + INTERVAL '1 hour 5 minutes',
     'b029f559-52a8-4699-b595-71161498ed8c',
     'b029f559-52a8-4699-b595-71161498ed8c',
     true,
     '08b65a39-394f-4977-a5fa-3fe145b620f8',
     true
    ),
    ('d215b5f8-0249-4dc5-89a3-51fd148cfb31',  'HCMUS Algorithm Contest',
     '<h3>Welcome to the HCMUS Algorithm Contest</h3><p><br></p><p>We are thrilled to present the inaugural CodeDynamite Weekly Contest, a premier event designed to challenge your coding skills and ignite your passion for programming. Whether you''re a seasoned developer or a coding enthusiast, this contest offers a unique opportunity to showcase your talents, compete with like-minded individuals, and win exciting prizes.</p><p><br></p><p><strong>About the contest:</strong></p><ul><li><strong>Sponsored by:</strong> CodeDynamite, your go-to platform for cutting-edge coding resources and community support.</li><li><strong>When:</strong> Every week, with fresh and exciting challenges that cater to various skill levels.</li><li><strong>Who Can Participate:</strong> Open to all coding enthusiasts, regardless of experience level.</li></ul><p><br></p><p><strong>Why Join?</strong></p><ul><li><strong>Challenge Yourself:</strong> Tackle a variety of coding problems that will test your creativity and problem-solving abilities.</li><li><strong>Learn and Grow:</strong> Gain new insights and improve your coding skills through hands-on practice and real-time competition.</li><li><strong>Win Prizes:</strong> Stand a chance to win amazing rewards and earn recognition within the coding community.</li></ul><p><br></p><p><strong>How to Register:</strong></p><ul><li>Simply click the registration link below and fill out the required details to secure your spot in the contest.</li><li>Registration is quick, easy, and free!</li></ul><p><br></p><p><strong>Don’t miss out on this fantastic opportunity to connect, compete, and code with the best!</strong></p><p><br></p><p><strong>Register for the contest now and let your coding journey begin!</strong></p><p><a href="https://codedynamite.site/#/contests/d215b5f8-0249-4dc5-89a3-51fd148cfb31/information" rel="noopener noreferrer" target="_blank">Link to register</a></p><p><br></p><p><br></p>',
     '<p><strong>🎉 Juicy Prizes Await You! 🎉</strong></p><p><br></p><p>Get ready to win some amazing rewards in the 1st CodeDynamite Weekly Contest! Here are the fantastic prizes up for grabs:</p><p><br></p><p><strong>1st Place:</strong></p><ul><li><strong>$500 Cash Prize</strong></li><li><strong>Exclusive CodeDynamite T-Shirt</strong></li><li><strong>Personalized Winner''s Certificate</strong></li></ul><p><br></p><p><strong>2nd Place:</strong></p><ul><li><strong>$250 Cash Prize</strong></li><li><strong>Exclusive CodeDynamite Hoodie</strong></li><li><strong>Personalized Runner-Up Certificate</strong></li></ul><p><br></p><p><strong>3rd Place:</strong></p><ul><li><strong>$100 Cash Prize</strong></li><li><strong>Exclusive CodeDynamite Mug</strong></li><li><strong>Personalized Certificate of Achievement</strong></li></ul><p><br></p><p>Don''t miss your chance to win these incredible prizes and gain recognition in the coding community. <a href="https://codedynamite.site/#/contests/d215b5f8-0249-4dc5-89a3-51fd148cfb16/information" rel="noopener noreferrer" target="_blank"><strong>Register now</strong></a> and let the competition begin!</p>',
     '<ol><li>Participants must submit their solutions before the end time.</li><li>Participants must follow the contest rules and guidelines.</li><li>Participants must not cheat or plagiarize.</li></ol>',
     '<p><strong>Pre-determined Challenge Scores:</strong></p><p>Each challenge you conquer has a pre-set score waiting to be claimed. The more complex the challenge, the higher the score you can rack up!</p><p><br></p><p><strong>Test Cases: Your Gateway to Glory:</strong></p><p>Each challenge comes with a battery of test cases designed to put your code through its paces. Every test case you conquer translates into points towards your final score. The more test cases you dominate, the closer you get to scoring supremacy!</p><p><br></p><p><strong>Multiple Submissions? No Problem!</strong></p><p>Feeling creative and tinkering with different solutions? No sweat! We take your highest scoring submission for each challenge into account, so fire away with your best attempts.</p><p><br></p><p><strong>The Leaderboard Beckons: It''s All About the Rank</strong></p><p>Participants are ranked on the glorious leaderboard based on their total score. But what happens when coders achieve the same score? Buckle up, because things get exciting!</p><p><br></p><p><strong>Tie-Breaker Time: Speed Demons Unite!</strong></p><p>In the thrilling case of a tie, the tie-breaker comes down to <strong>speed</strong>. The participant who submitted their highest-scoring solution in the <strong>shortest amount of time</strong> reigns supreme! So, channel your inner coding ninja and blaze through those challenges for ultimate glory.</p>',
     'https://leetcode.com/_next/static/images/biweekly-default-f5a8fc3be85b6c9175207fd8fd855d47.png',
     CURRENT_TIMESTAMP + INTERVAL '10 minutes',
     CURRENT_TIMESTAMP + INTERVAL '1 hour 10 minutes',
     'b029f559-52a8-4699-b595-71161498ed8c',
     'b029f559-52a8-4699-b595-71161498ed8c',
     true,
     '08b65a39-394f-4977-a5fa-3fe145b620f8',
     true
    ),
    ('d215b5f8-0249-4dc5-89a3-51fd148cfb32',  'HCMUS Code-A-Thon Contest',
     '<h3>Welcome to the HCMUS Code-A-Thon Contest</h3><p><br></p><p>We are thrilled to present the inaugural CodeDynamite Weekly Contest, a premier event designed to challenge your coding skills and ignite your passion for programming. Whether you''re a seasoned developer or a coding enthusiast, this contest offers a unique opportunity to showcase your talents, compete with like-minded individuals, and win exciting prizes.</p><p><br></p><p><strong>About the contest:</strong></p><ul><li><strong>Sponsored by:</strong> CodeDynamite, your go-to platform for cutting-edge coding resources and community support.</li><li><strong>When:</strong> Every week, with fresh and exciting challenges that cater to various skill levels.</li><li><strong>Who Can Participate:</strong> Open to all coding enthusiasts, regardless of experience level.</li></ul><p><br></p><p><strong>Why Join?</strong></p><ul><li><strong>Challenge Yourself:</strong> Tackle a variety of coding problems that will test your creativity and problem-solving abilities.</li><li><strong>Learn and Grow:</strong> Gain new insights and improve your coding skills through hands-on practice and real-time competition.</li><li><strong>Win Prizes:</strong> Stand a chance to win amazing rewards and earn recognition within the coding community.</li></ul><p><br></p><p><strong>How to Register:</strong></p><ul><li>Simply click the registration link below and fill out the required details to secure your spot in the contest.</li><li>Registration is quick, easy, and free!</li></ul><p><br></p><p><strong>Don’t miss out on this fantastic opportunity to connect, compete, and code with the best!</strong></p><p><br></p><p><strong>Register for the contest now and let your coding journey begin!</strong></p><p><a href="https://codedynamite.site/#/contests/d215b5f8-0249-4dc5-89a3-51fd148cfb32/information" rel="noopener noreferrer" target="_blank">Link to register</a></p><p><br></p><p><br></p>',
     '<p><strong>🎉 Juicy Prizes Await You! 🎉</strong></p><p><br></p><p>Get ready to win some amazing rewards in the 1st CodeDynamite Weekly Contest! Here are the fantastic prizes up for grabs:</p><p><br></p><p><strong>1st Place:</strong></p><ul><li><strong>$500 Cash Prize</strong></li><li><strong>Exclusive CodeDynamite T-Shirt</strong></li><li><strong>Personalized Winner''s Certificate</strong></li></ul><p><br></p><p><strong>2nd Place:</strong></p><ul><li><strong>$250 Cash Prize</strong></li><li><strong>Exclusive CodeDynamite Hoodie</strong></li><li><strong>Personalized Runner-Up Certificate</strong></li></ul><p><br></p><p><strong>3rd Place:</strong></p><ul><li><strong>$100 Cash Prize</strong></li><li><strong>Exclusive CodeDynamite Mug</strong></li><li><strong>Personalized Certificate of Achievement</strong></li></ul><p><br></p><p>Don''t miss your chance to win these incredible prizes and gain recognition in the coding community. <a href="https://codedynamite.site/#/contests/d215b5f8-0249-4dc5-89a3-51fd148cfb16/information" rel="noopener noreferrer" target="_blank"><strong>Register now</strong></a> and let the competition begin!</p>',
     '<ol><li>Participants must submit their solutions before the end time.</li><li>Participants must follow the contest rules and guidelines.</li><li>Participants must not cheat or plagiarize.</li></ol>',
     '<p><strong>Pre-determined Challenge Scores:</strong></p><p>Each challenge you conquer has a pre-set score waiting to be claimed. The more complex the challenge, the higher the score you can rack up!</p><p><br></p><p><strong>Test Cases: Your Gateway to Glory:</strong></p><p>Each challenge comes with a battery of test cases designed to put your code through its paces. Every test case you conquer translates into points towards your final score. The more test cases you dominate, the closer you get to scoring supremacy!</p><p><br></p><p><strong>Multiple Submissions? No Problem!</strong></p><p>Feeling creative and tinkering with different solutions? No sweat! We take your highest scoring submission for each challenge into account, so fire away with your best attempts.</p><p><br></p><p><strong>The Leaderboard Beckons: It''s All About the Rank</strong></p><p>Participants are ranked on the glorious leaderboard based on their total score. But what happens when coders achieve the same score? Buckle up, because things get exciting!</p><p><br></p><p><strong>Tie-Breaker Time: Speed Demons Unite!</strong></p><p>In the thrilling case of a tie, the tie-breaker comes down to <strong>speed</strong>. The participant who submitted their highest-scoring solution in the <strong>shortest amount of time</strong> reigns supreme! So, channel your inner coding ninja and blaze through those challenges for ultimate glory.</p>',
     'https://leetcode.com/_next/static/images/biweekly-default-f5a8fc3be85b6c9175207fd8fd855d47.png',
     CURRENT_TIMESTAMP + INTERVAL '1 hours',
     CURRENT_TIMESTAMP + INTERVAL '2 hours',
     'b029f559-52a8-4699-b595-71161498ed8c',
     'b029f559-52a8-4699-b595-71161498ed8c',
     true,
     '08b65a39-394f-4977-a5fa-3fe145b620f8',
     true
    ),
    ('d215b5f8-0249-4dc5-89a3-51fd148cfb33',  'HCMUS Coding Contest',
     '<h3>Welcome to the HCMUS Coding Contest</h3><p><br></p><p>We are thrilled to present the inaugural CodeDynamite Weekly Contest, a premier event designed to challenge your coding skills and ignite your passion for programming. Whether you''re a seasoned developer or a coding enthusiast, this contest offers a unique opportunity to showcase your talents, compete with like-minded individuals, and win exciting prizes.</p><p><br></p><p><strong>About the contest:</strong></p><ul><li><strong>Sponsored by:</strong> CodeDynamite, your go-to platform for cutting-edge coding resources and community support.</li><li><strong>When:</strong> Every week, with fresh and exciting challenges that cater to various skill levels.</li><li><strong>Who Can Participate:</strong> Open to all coding enthusiasts, regardless of experience level.</li></ul><p><br></p><p><strong>Why Join?</strong></p><ul><li><strong>Challenge Yourself:</strong> Tackle a variety of coding problems that will test your creativity and problem-solving abilities.</li><li><strong>Learn and Grow:</strong> Gain new insights and improve your coding skills through hands-on practice and real-time competition.</li><li><strong>Win Prizes:</strong> Stand a chance to win amazing rewards and earn recognition within the coding community.</li></ul><p><br></p><p><strong>How to Register:</strong></p><ul><li>Simply click the registration link below and fill out the required details to secure your spot in the contest.</li><li>Registration is quick, easy, and free!</li></ul><p><br></p><p><strong>Don’t miss out on this fantastic opportunity to connect, compete, and code with the best!</strong></p><p><br></p><p><strong>Register for the contest now and let your coding journey begin!</strong></p><p><a href="https://codedynamite.site/#/contests/d215b5f8-0249-4dc5-89a3-51fd148cfb33/information" rel="noopener noreferrer" target="_blank">Link to register</a></p><p><br></p><p><br></p>',
     '<p><strong>🎉 Juicy Prizes Await You! 🎉</strong></p><p><br></p><p>Get ready to win some amazing rewards in the 1st CodeDynamite Weekly Contest! Here are the fantastic prizes up for grabs:</p><p><br></p><p><strong>1st Place:</strong></p><ul><li><strong>$500 Cash Prize</strong></li><li><strong>Exclusive CodeDynamite T-Shirt</strong></li><li><strong>Personalized Winner''s Certificate</strong></li></ul><p><br></p><p><strong>2nd Place:</strong></p><ul><li><strong>$250 Cash Prize</strong></li><li><strong>Exclusive CodeDynamite Hoodie</strong></li><li><strong>Personalized Runner-Up Certificate</strong></li></ul><p><br></p><p><strong>3rd Place:</strong></p><ul><li><strong>$100 Cash Prize</strong></li><li><strong>Exclusive CodeDynamite Mug</strong></li><li><strong>Personalized Certificate of Achievement</strong></li></ul><p><br></p><p>Don''t miss your chance to win these incredible prizes and gain recognition in the coding community. <a href="https://codedynamite.site/#/contests/d215b5f8-0249-4dc5-89a3-51fd148cfb16/information" rel="noopener noreferrer" target="_blank"><strong>Register now</strong></a> and let the competition begin!</p>',
     '<ol><li>Participants must submit their solutions before the end time.</li><li>Participants must follow the contest rules and guidelines.</li><li>Participants must not cheat or plagiarize.</li></ol>',
     '<p><strong>Pre-determined Challenge Scores:</strong></p><p>Each challenge you conquer has a pre-set score waiting to be claimed. The more complex the challenge, the higher the score you can rack up!</p><p><br></p><p><strong>Test Cases: Your Gateway to Glory:</strong></p><p>Each challenge comes with a battery of test cases designed to put your code through its paces. Every test case you conquer translates into points towards your final score. The more test cases you dominate, the closer you get to scoring supremacy!</p><p><br></p><p><strong>Multiple Submissions? No Problem!</strong></p><p>Feeling creative and tinkering with different solutions? No sweat! We take your highest scoring submission for each challenge into account, so fire away with your best attempts.</p><p><br></p><p><strong>The Leaderboard Beckons: It''s All About the Rank</strong></p><p>Participants are ranked on the glorious leaderboard based on their total score. But what happens when coders achieve the same score? Buckle up, because things get exciting!</p><p><br></p><p><strong>Tie-Breaker Time: Speed Demons Unite!</strong></p><p>In the thrilling case of a tie, the tie-breaker comes down to <strong>speed</strong>. The participant who submitted their highest-scoring solution in the <strong>shortest amount of time</strong> reigns supreme! So, channel your inner coding ninja and blaze through those challenges for ultimate glory.</p>',
     'https://leetcode.com/_next/static/images/biweekly-default-f5a8fc3be85b6c9175207fd8fd855d47.png',
     CURRENT_TIMESTAMP + INTERVAL '1 days',
     CURRENT_TIMESTAMP + INTERVAL '1 days 1 hours',
     'b029f559-52a8-4699-b595-71161498ed8c',
     'b029f559-52a8-4699-b595-71161498ed8c',
     true,
     '08b65a39-394f-4977-a5fa-3fe145b620f8',
     true
    ),
    ('d215b5f8-0249-4dc5-89a3-51fd148cfb34',  'HCMUT Hackathon Contest',
     '<h3>Welcome to the HCMUT Hackathon Contest</h3><p><br></p><p>We are thrilled to present the inaugural CodeDynamite Weekly Contest, a premier event designed to challenge your coding skills and ignite your passion for programming. Whether you''re a seasoned developer or a coding enthusiast, this contest offers a unique opportunity to showcase your talents, compete with like-minded individuals, and win exciting prizes.</p><p><br></p><p><strong>About the contest:</strong></p><ul><li><strong>Sponsored by:</strong> CodeDynamite, your go-to platform for cutting-edge coding resources and community support.</li><li><strong>When:</strong> Every week, with fresh and exciting challenges that cater to various skill levels.</li><li><strong>Who Can Participate:</strong> Open to all coding enthusiasts, regardless of experience level.</li></ul><p><br></p><p><strong>Why Join?</strong></p><ul><li><strong>Challenge Yourself:</strong> Tackle a variety of coding problems that will test your creativity and problem-solving abilities.</li><li><strong>Learn and Grow:</strong> Gain new insights and improve your coding skills through hands-on practice and real-time competition.</li><li><strong>Win Prizes:</strong> Stand a chance to win amazing rewards and earn recognition within the coding community.</li></ul><p><br></p><p><strong>How to Register:</strong></p><ul><li>Simply click the registration link below and fill out the required details to secure your spot in the contest.</li><li>Registration is quick, easy, and free!</li></ul><p><br></p><p><strong>Don’t miss out on this fantastic opportunity to connect, compete, and code with the best!</strong></p><p><br></p><p><strong>Register for the contest now and let your coding journey begin!</strong></p><p><a href="https://codedynamite.site/#/contests/d215b5f8-0249-4dc5-89a3-51fd148cfb34/information" rel="noopener noreferrer" target="_blank">Link to register</a></p><p><br></p><p><br></p>',
     '<p><strong>🎉 Juicy Prizes Await You! 🎉</strong></p><p><br></p><p>Get ready to win some amazing rewards in the 1st CodeDynamite Weekly Contest! Here are the fantastic prizes up for grabs:</p><p><br></p><p><strong>1st Place:</strong></p><ul><li><strong>$500 Cash Prize</strong></li><li><strong>Exclusive CodeDynamite T-Shirt</strong></li><li><strong>Personalized Winner''s Certificate</strong></li></ul><p><br></p><p><strong>2nd Place:</strong></p><ul><li><strong>$250 Cash Prize</strong></li><li><strong>Exclusive CodeDynamite Hoodie</strong></li><li><strong>Personalized Runner-Up Certificate</strong></li></ul><p><br></p><p><strong>3rd Place:</strong></p><ul><li><strong>$100 Cash Prize</strong></li><li><strong>Exclusive CodeDynamite Mug</strong></li><li><strong>Personalized Certificate of Achievement</strong></li></ul><p><br></p><p>Don''t miss your chance to win these incredible prizes and gain recognition in the coding community. <a href="https://codedynamite.site/#/contests/d215b5f8-0249-4dc5-89a3-51fd148cfb16/information" rel="noopener noreferrer" target="_blank"><strong>Register now</strong></a> and let the competition begin!</p>',
     '<ol><li>Participants must submit their solutions before the end time.</li><li>Participants must follow the contest rules and guidelines.</li><li>Participants must not cheat or plagiarize.</li></ol>',
     '<p><strong>Pre-determined Challenge Scores:</strong></p><p>Each challenge you conquer has a pre-set score waiting to be claimed. The more complex the challenge, the higher the score you can rack up!</p><p><br></p><p><strong>Test Cases: Your Gateway to Glory:</strong></p><p>Each challenge comes with a battery of test cases designed to put your code through its paces. Every test case you conquer translates into points towards your final score. The more test cases you dominate, the closer you get to scoring supremacy!</p><p><br></p><p><strong>Multiple Submissions? No Problem!</strong></p><p>Feeling creative and tinkering with different solutions? No sweat! We take your highest scoring submission for each challenge into account, so fire away with your best attempts.</p><p><br></p><p><strong>The Leaderboard Beckons: It''s All About the Rank</strong></p><p>Participants are ranked on the glorious leaderboard based on their total score. But what happens when coders achieve the same score? Buckle up, because things get exciting!</p><p><br></p><p><strong>Tie-Breaker Time: Speed Demons Unite!</strong></p><p>In the thrilling case of a tie, the tie-breaker comes down to <strong>speed</strong>. The participant who submitted their highest-scoring solution in the <strong>shortest amount of time</strong> reigns supreme! So, channel your inner coding ninja and blaze through those challenges for ultimate glory.</p>',
     'https://leetcode.com/_next/static/images/biweekly-default-f5a8fc3be85b6c9175207fd8fd855d47.png',
     CURRENT_TIMESTAMP + INTERVAL '30 minutes',
     CURRENT_TIMESTAMP + INTERVAL '1 hour 30 minutes',
     'b029f559-52a8-4699-b595-71161498ed8c',
     'b029f559-52a8-4699-b595-71161498ed8c',
     true,
     'cb69c0bf-c454-4f15-be10-791f6749dac7',
     true
    ),
    ('d215b5f8-0249-4dc5-89a3-51fd148cfb35',  'HCMUT Algorithm Contest',
     '<h3>Welcome to the HCMUT Algorithm Contest</h3><p><br></p><p>We are thrilled to present the inaugural CodeDynamite Weekly Contest, a premier event designed to challenge your coding skills and ignite your passion for programming. Whether you''re a seasoned developer or a coding enthusiast, this contest offers a unique opportunity to showcase your talents, compete with like-minded individuals, and win exciting prizes.</p><p><br></p><p><strong>About the contest:</strong></p><ul><li><strong>Sponsored by:</strong> CodeDynamite, your go-to platform for cutting-edge coding resources and community support.</li><li><strong>When:</strong> Every week, with fresh and exciting challenges that cater to various skill levels.</li><li><strong>Who Can Participate:</strong> Open to all coding enthusiasts, regardless of experience level.</li></ul><p><br></p><p><strong>Why Join?</strong></p><ul><li><strong>Challenge Yourself:</strong> Tackle a variety of coding problems that will test your creativity and problem-solving abilities.</li><li><strong>Learn and Grow:</strong> Gain new insights and improve your coding skills through hands-on practice and real-time competition.</li><li><strong>Win Prizes:</strong> Stand a chance to win amazing rewards and earn recognition within the coding community.</li></ul><p><br></p><p><strong>How to Register:</strong></p><ul><li>Simply click the registration link below and fill out the required details to secure your spot in the contest.</li><li>Registration is quick, easy, and free!</li></ul><p><br></p><p><strong>Don’t miss out on this fantastic opportunity to connect, compete, and code with the best!</strong></p><p><br></p><p><strong>Register for the contest now and let your coding journey begin!</strong></p><p><a href="https://codedynamite.site/#/contests/d215b5f8-0249-4dc5-89a3-51fd148cfb35/information" rel="noopener noreferrer" target="_blank">Link to register</a></p><p><br></p><p><br></p>',
     '<p><strong>🎉 Juicy Prizes Await You! 🎉</strong></p><p><br></p><p>Get ready to win some amazing rewards in the 1st CodeDynamite Weekly Contest! Here are the fantastic prizes up for grabs:</p><p><br></p><p><strong>1st Place:</strong></p><ul><li><strong>$500 Cash Prize</strong></li><li><strong>Exclusive CodeDynamite T-Shirt</strong></li><li><strong>Personalized Winner''s Certificate</strong></li></ul><p><br></p><p><strong>2nd Place:</strong></p><ul><li><strong>$250 Cash Prize</strong></li><li><strong>Exclusive CodeDynamite Hoodie</strong></li><li><strong>Personalized Runner-Up Certificate</strong></li></ul><p><br></p><p><strong>3rd Place:</strong></p><ul><li><strong>$100 Cash Prize</strong></li><li><strong>Exclusive CodeDynamite Mug</strong></li><li><strong>Personalized Certificate of Achievement</strong></li></ul><p><br></p><p>Don''t miss your chance to win these incredible prizes and gain recognition in the coding community. <a href="https://codedynamite.site/#/contests/d215b5f8-0249-4dc5-89a3-51fd148cfb16/information" rel="noopener noreferrer" target="_blank"><strong>Register now</strong></a> and let the competition begin!</p>',
     '<ol><li>Participants must submit their solutions before the end time.</li><li>Participants must follow the contest rules and guidelines.</li><li>Participants must not cheat or plagiarize.</li></ol>',
     '<p><strong>Pre-determined Challenge Scores:</strong></p><p>Each challenge you conquer has a pre-set score waiting to be claimed. The more complex the challenge, the higher the score you can rack up!</p><p><br></p><p><strong>Test Cases: Your Gateway to Glory:</strong></p><p>Each challenge comes with a battery of test cases designed to put your code through its paces. Every test case you conquer translates into points towards your final score. The more test cases you dominate, the closer you get to scoring supremacy!</p><p><br></p><p><strong>Multiple Submissions? No Problem!</strong></p><p>Feeling creative and tinkering with different solutions? No sweat! We take your highest scoring submission for each challenge into account, so fire away with your best attempts.</p><p><br></p><p><strong>The Leaderboard Beckons: It''s All About the Rank</strong></p><p>Participants are ranked on the glorious leaderboard based on their total score. But what happens when coders achieve the same score? Buckle up, because things get exciting!</p><p><br></p><p><strong>Tie-Breaker Time: Speed Demons Unite!</strong></p><p>In the thrilling case of a tie, the tie-breaker comes down to <strong>speed</strong>. The participant who submitted their highest-scoring solution in the <strong>shortest amount of time</strong> reigns supreme! So, channel your inner coding ninja and blaze through those challenges for ultimate glory.</p>',
     'https://leetcode.com/_next/static/images/biweekly-default-f5a8fc3be85b6c9175207fd8fd855d47.png',
     CURRENT_TIMESTAMP + INTERVAL '1 hours',
     CURRENT_TIMESTAMP + INTERVAL '2 hours',
     'b029f559-52a8-4699-b595-71161498ed8c',
     'b029f559-52a8-4699-b595-71161498ed8c',
     true,
     'cb69c0bf-c454-4f15-be10-791f6749dac7',
     true
    ),
    ('d215b5f8-0249-4dc5-89a3-51fd148cfb36',  'Coding Hackathon Contest',
     '<h3>Welcome to the Coding Hackathon Contest</h3><p><br></p><p>We are thrilled to present the inaugural CodeDynamite Weekly Contest, a premier event designed to challenge your coding skills and ignite your passion for programming. Whether you''re a seasoned developer or a coding enthusiast, this contest offers a unique opportunity to showcase your talents, compete with like-minded individuals, and win exciting prizes.</p><p><br></p><p><strong>About the contest:</strong></p><ul><li><strong>Sponsored by:</strong> CodeDynamite, your go-to platform for cutting-edge coding resources and community support.</li><li><strong>When:</strong> Every week, with fresh and exciting challenges that cater to various skill levels.</li><li><strong>Who Can Participate:</strong> Open to all coding enthusiasts, regardless of experience level.</li></ul><p><br></p><p><strong>Why Join?</strong></p><ul><li><strong>Challenge Yourself:</strong> Tackle a variety of coding problems that will test your creativity and problem-solving abilities.</li><li><strong>Learn and Grow:</strong> Gain new insights and improve your coding skills through hands-on practice and real-time competition.</li><li><strong>Win Prizes:</strong> Stand a chance to win amazing rewards and earn recognition within the coding community.</li></ul><p><br></p><p><strong>How to Register:</strong></p><ul><li>Simply click the registration link below and fill out the required details to secure your spot in the contest.</li><li>Registration is quick, easy, and free!</li></ul><p><br></p><p><strong>Don’t miss out on this fantastic opportunity to connect, compete, and code with the best!</strong></p><p><br></p><p><strong>Register for the contest now and let your coding journey begin!</strong></p><p><a href="https://codedynamite.site/#/contests/d215b5f8-0249-4dc5-89a3-51fd148cfb36/information" rel="noopener noreferrer" target="_blank">Link to register</a></p><p><br></p><p><br></p>',
     '<p><strong>🎉 Juicy Prizes Await You! 🎉</strong></p><p><br></p><p>Get ready to win some amazing rewards in the 1st CodeDynamite Weekly Contest! Here are the fantastic prizes up for grabs:</p><p><br></p><p><strong>1st Place:</strong></p><ul><li><strong>$500 Cash Prize</strong></li><li><strong>Exclusive CodeDynamite T-Shirt</strong></li><li><strong>Personalized Winner''s Certificate</strong></li></ul><p><br></p><p><strong>2nd Place:</strong></p><ul><li><strong>$250 Cash Prize</strong></li><li><strong>Exclusive CodeDynamite Hoodie</strong></li><li><strong>Personalized Runner-Up Certificate</strong></li></ul><p><br></p><p><strong>3rd Place:</strong></p><ul><li><strong>$100 Cash Prize</strong></li><li><strong>Exclusive CodeDynamite Mug</strong></li><li><strong>Personalized Certificate of Achievement</strong></li></ul><p><br></p><p>Don''t miss your chance to win these incredible prizes and gain recognition in the coding community. <a href="https://codedynamite.site/#/contests/d215b5f8-0249-4dc5-89a3-51fd148cfb16/information" rel="noopener noreferrer" target="_blank"><strong>Register now</strong></a> and let the competition begin!</p>',
     '<ol><li>Participants must submit their solutions before the end time.</li><li>Participants must follow the contest rules and guidelines.</li><li>Participants must not cheat or plagiarize.</li></ol>',
     '<p><strong>Pre-determined Challenge Scores:</strong></p><p>Each challenge you conquer has a pre-set score waiting to be claimed. The more complex the challenge, the higher the score you can rack up!</p><p><br></p><p><strong>Test Cases: Your Gateway to Glory:</strong></p><p>Each challenge comes with a battery of test cases designed to put your code through its paces. Every test case you conquer translates into points towards your final score. The more test cases you dominate, the closer you get to scoring supremacy!</p><p><br></p><p><strong>Multiple Submissions? No Problem!</strong></p><p>Feeling creative and tinkering with different solutions? No sweat! We take your highest scoring submission for each challenge into account, so fire away with your best attempts.</p><p><br></p><p><strong>The Leaderboard Beckons: It''s All About the Rank</strong></p><p>Participants are ranked on the glorious leaderboard based on their total score. But what happens when coders achieve the same score? Buckle up, because things get exciting!</p><p><br></p><p><strong>Tie-Breaker Time: Speed Demons Unite!</strong></p><p>In the thrilling case of a tie, the tie-breaker comes down to <strong>speed</strong>. The participant who submitted their highest-scoring solution in the <strong>shortest amount of time</strong> reigns supreme! So, channel your inner coding ninja and blaze through those challenges for ultimate glory.</p>',
     'https://leetcode.com/_next/static/images/biweekly-default-f5a8fc3be85b6c9175207fd8fd855d47.png',
     CURRENT_TIMESTAMP + INTERVAL '1 days',
     CURRENT_TIMESTAMP + INTERVAL '1 days 1 hours',
     'b029f559-52a8-4699-b595-71161498ed8c',
     'b029f559-52a8-4699-b595-71161498ed8c',
     true,
     null,
     true
    ),
    ('d215b5f8-0249-4dc5-89a3-51fd148cfb37',  'Fresher Coding Contest',
     '<h3>Welcome to the Fresher Coding Contest</h3><p><br></p><p>We are thrilled to present the inaugural CodeDynamite Weekly Contest, a premier event designed to challenge your coding skills and ignite your passion for programming. Whether you''re a seasoned developer or a coding enthusiast, this contest offers a unique opportunity to showcase your talents, compete with like-minded individuals, and win exciting prizes.</p><p><br></p><p><strong>About the contest:</strong></p><ul><li><strong>Sponsored by:</strong> CodeDynamite, your go-to platform for cutting-edge coding resources and community support.</li><li><strong>When:</strong> Every week, with fresh and exciting challenges that cater to various skill levels.</li><li><strong>Who Can Participate:</strong> Open to all coding enthusiasts, regardless of experience level.</li></ul><p><br></p><p><strong>Why Join?</strong></p><ul><li><strong>Challenge Yourself:</strong> Tackle a variety of coding problems that will test your creativity and problem-solving abilities.</li><li><strong>Learn and Grow:</strong> Gain new insights and improve your coding skills through hands-on practice and real-time competition.</li><li><strong>Win Prizes:</strong> Stand a chance to win amazing rewards and earn recognition within the coding community.</li></ul><p><br></p><p><strong>How to Register:</strong></p><ul><li>Simply click the registration link below and fill out the required details to secure your spot in the contest.</li><li>Registration is quick, easy, and free!</li></ul><p><br></p><p><strong>Don’t miss out on this fantastic opportunity to connect, compete, and code with the best!</strong></p><p><br></p><p><strong>Register for the contest now and let your coding journey begin!</strong></p><p><a href="https://codedynamite.site/#/contests/d215b5f8-0249-4dc5-89a3-51fd148cfb37/information" rel="noopener noreferrer" target="_blank">Link to register</a></p><p><br></p><p><br></p>',
     '<p><strong>🎉 Juicy Prizes Await You! 🎉</strong></p><p><br></p><p>Get ready to win some amazing rewards in the 1st CodeDynamite Weekly Contest! Here are the fantastic prizes up for grabs:</p><p><br></p><p><strong>1st Place:</strong></p><ul><li><strong>$500 Cash Prize</strong></li><li><strong>Exclusive CodeDynamite T-Shirt</strong></li><li><strong>Personalized Winner''s Certificate</strong></li></ul><p><br></p><p><strong>2nd Place:</strong></p><ul><li><strong>$250 Cash Prize</strong></li><li><strong>Exclusive CodeDynamite Hoodie</strong></li><li><strong>Personalized Runner-Up Certificate</strong></li></ul><p><br></p><p><strong>3rd Place:</strong></p><ul><li><strong>$100 Cash Prize</strong></li><li><strong>Exclusive CodeDynamite Mug</strong></li><li><strong>Personalized Certificate of Achievement</strong></li></ul><p><br></p><p>Don''t miss your chance to win these incredible prizes and gain recognition in the coding community. <a href="https://codedynamite.site/#/contests/d215b5f8-0249-4dc5-89a3-51fd148cfb16/information" rel="noopener noreferrer" target="_blank"><strong>Register now</strong></a> and let the competition begin!</p>',
     '<ol><li>Participants must submit their solutions before the end time.</li><li>Participants must follow the contest rules and guidelines.</li><li>Participants must not cheat or plagiarize.</li></ol>',
     '<p><strong>Pre-determined Challenge Scores:</strong></p><p>Each challenge you conquer has a pre-set score waiting to be claimed. The more complex the challenge, the higher the score you can rack up!</p><p><br></p><p><strong>Test Cases: Your Gateway to Glory:</strong></p><p>Each challenge comes with a battery of test cases designed to put your code through its paces. Every test case you conquer translates into points towards your final score. The more test cases you dominate, the closer you get to scoring supremacy!</p><p><br></p><p><strong>Multiple Submissions? No Problem!</strong></p><p>Feeling creative and tinkering with different solutions? No sweat! We take your highest scoring submission for each challenge into account, so fire away with your best attempts.</p><p><br></p><p><strong>The Leaderboard Beckons: It''s All About the Rank</strong></p><p>Participants are ranked on the glorious leaderboard based on their total score. But what happens when coders achieve the same score? Buckle up, because things get exciting!</p><p><br></p><p><strong>Tie-Breaker Time: Speed Demons Unite!</strong></p><p>In the thrilling case of a tie, the tie-breaker comes down to <strong>speed</strong>. The participant who submitted their highest-scoring solution in the <strong>shortest amount of time</strong> reigns supreme! So, channel your inner coding ninja and blaze through those challenges for ultimate glory.</p>',
     'https://leetcode.com/_next/static/images/biweekly-default-f5a8fc3be85b6c9175207fd8fd855d47.png',
     CURRENT_TIMESTAMP + INTERVAL '2 days',
     CURRENT_TIMESTAMP + INTERVAL '2 days 1 hours',
     'b029f559-52a8-4699-b595-71161498ed8c',
     'b029f559-52a8-4699-b595-71161498ed8c',
     true,
     null,
     true
    ),
    ('d215b5f8-0249-4dc5-89a3-51fd148cfb38',  'Junior Coding Contest',
     '<h3>Welcome to the Junior Coding Contest</h3><p><br></p><p>We are thrilled to present the inaugural CodeDynamite Weekly Contest, a premier event designed to challenge your coding skills and ignite your passion for programming. Whether you''re a seasoned developer or a coding enthusiast, this contest offers a unique opportunity to showcase your talents, compete with like-minded individuals, and win exciting prizes.</p><p><br></p><p><strong>About the contest:</strong></p><ul><li><strong>Sponsored by:</strong> CodeDynamite, your go-to platform for cutting-edge coding resources and community support.</li><li><strong>When:</strong> Every week, with fresh and exciting challenges that cater to various skill levels.</li><li><strong>Who Can Participate:</strong> Open to all coding enthusiasts, regardless of experience level.</li></ul><p><br></p><p><strong>Why Join?</strong></p><ul><li><strong>Challenge Yourself:</strong> Tackle a variety of coding problems that will test your creativity and problem-solving abilities.</li><li><strong>Learn and Grow:</strong> Gain new insights and improve your coding skills through hands-on practice and real-time competition.</li><li><strong>Win Prizes:</strong> Stand a chance to win amazing rewards and earn recognition within the coding community.</li></ul><p><br></p><p><strong>How to Register:</strong></p><ul><li>Simply click the registration link below and fill out the required details to secure your spot in the contest.</li><li>Registration is quick, easy, and free!</li></ul><p><br></p><p><strong>Don’t miss out on this fantastic opportunity to connect, compete, and code with the best!</strong></p><p><br></p><p><strong>Register for the contest now and let your coding journey begin!</strong></p><p><a href="https://codedynamite.site/#/contests/d215b5f8-0249-4dc5-89a3-51fd148cfb38/information" rel="noopener noreferrer" target="_blank">Link to register</a></p><p><br></p><p><br></p>',
     '<p><strong>🎉 Juicy Prizes Await You! 🎉</strong></p><p><br></p><p>Get ready to win some amazing rewards in the 1st CodeDynamite Weekly Contest! Here are the fantastic prizes up for grabs:</p><p><br></p><p><strong>1st Place:</strong></p><ul><li><strong>$500 Cash Prize</strong></li><li><strong>Exclusive CodeDynamite T-Shirt</strong></li><li><strong>Personalized Winner''s Certificate</strong></li></ul><p><br></p><p><strong>2nd Place:</strong></p><ul><li><strong>$250 Cash Prize</strong></li><li><strong>Exclusive CodeDynamite Hoodie</strong></li><li><strong>Personalized Runner-Up Certificate</strong></li></ul><p><br></p><p><strong>3rd Place:</strong></p><ul><li><strong>$100 Cash Prize</strong></li><li><strong>Exclusive CodeDynamite Mug</strong></li><li><strong>Personalized Certificate of Achievement</strong></li></ul><p><br></p><p>Don''t miss your chance to win these incredible prizes and gain recognition in the coding community. <a href="https://codedynamite.site/#/contests/d215b5f8-0249-4dc5-89a3-51fd148cfb16/information" rel="noopener noreferrer" target="_blank"><strong>Register now</strong></a> and let the competition begin!</p>',
     '<ol><li>Participants must submit their solutions before the end time.</li><li>Participants must follow the contest rules and guidelines.</li><li>Participants must not cheat or plagiarize.</li></ol>',
     '<p><strong>Pre-determined Challenge Scores:</strong></p><p>Each challenge you conquer has a pre-set score waiting to be claimed. The more complex the challenge, the higher the score you can rack up!</p><p><br></p><p><strong>Test Cases: Your Gateway to Glory:</strong></p><p>Each challenge comes with a battery of test cases designed to put your code through its paces. Every test case you conquer translates into points towards your final score. The more test cases you dominate, the closer you get to scoring supremacy!</p><p><br></p><p><strong>Multiple Submissions? No Problem!</strong></p><p>Feeling creative and tinkering with different solutions? No sweat! We take your highest scoring submission for each challenge into account, so fire away with your best attempts.</p><p><br></p><p><strong>The Leaderboard Beckons: It''s All About the Rank</strong></p><p>Participants are ranked on the glorious leaderboard based on their total score. But what happens when coders achieve the same score? Buckle up, because things get exciting!</p><p><br></p><p><strong>Tie-Breaker Time: Speed Demons Unite!</strong></p><p>In the thrilling case of a tie, the tie-breaker comes down to <strong>speed</strong>. The participant who submitted their highest-scoring solution in the <strong>shortest amount of time</strong> reigns supreme! So, channel your inner coding ninja and blaze through those challenges for ultimate glory.</p>',
     'https://leetcode.com/_next/static/images/biweekly-default-f5a8fc3be85b6c9175207fd8fd855d47.png',
     CURRENT_TIMESTAMP + INTERVAL '3 days',
     CURRENT_TIMESTAMP + INTERVAL '3 days 1 hours',
     'b029f559-52a8-4699-b595-71161498ed8c',
     'b029f559-52a8-4699-b595-71161498ed8c',
     true,
     null,
     true
    ),
    ('d215b5f8-0249-4dc5-89a3-51fd148cfb39',  'Senior Coding Contest',
     '<h3>Welcome to the Senior Coding Contest</h3><p><br></p><p>We are thrilled to present the inaugural CodeDynamite Weekly Contest, a premier event designed to challenge your coding skills and ignite your passion for programming. Whether you''re a seasoned developer or a coding enthusiast, this contest offers a unique opportunity to showcase your talents, compete with like-minded individuals, and win exciting prizes.</p><p><br></p><p><strong>About the contest:</strong></p><ul><li><strong>Sponsored by:</strong> CodeDynamite, your go-to platform for cutting-edge coding resources and community support.</li><li><strong>When:</strong> Every week, with fresh and exciting challenges that cater to various skill levels.</li><li><strong>Who Can Participate:</strong> Open to all coding enthusiasts, regardless of experience level.</li></ul><p><br></p><p><strong>Why Join?</strong></p><ul><li><strong>Challenge Yourself:</strong> Tackle a variety of coding problems that will test your creativity and problem-solving abilities.</li><li><strong>Learn and Grow:</strong> Gain new insights and improve your coding skills through hands-on practice and real-time competition.</li><li><strong>Win Prizes:</strong> Stand a chance to win amazing rewards and earn recognition within the coding community.</li></ul><p><br></p><p><strong>How to Register:</strong></p><ul><li>Simply click the registration link below and fill out the required details to secure your spot in the contest.</li><li>Registration is quick, easy, and free!</li></ul><p><br></p><p><strong>Don’t miss out on this fantastic opportunity to connect, compete, and code with the best!</strong></p><p><br></p><p><strong>Register for the contest now and let your coding journey begin!</strong></p><p><a href="https://codedynamite.site/#/contests/d215b5f8-0249-4dc5-89a3-51fd148cfb39/information" rel="noopener noreferrer" target="_blank">Link to register</a></p><p><br></p><p><br></p>',
     '<p><strong>🎉 Juicy Prizes Await You! 🎉</strong></p><p><br></p><p>Get ready to win some amazing rewards in the 1st CodeDynamite Weekly Contest! Here are the fantastic prizes up for grabs:</p><p><br></p><p><strong>1st Place:</strong></p><ul><li><strong>$500 Cash Prize</strong></li><li><strong>Exclusive CodeDynamite T-Shirt</strong></li><li><strong>Personalized Winner''s Certificate</strong></li></ul><p><br></p><p><strong>2nd Place:</strong></p><ul><li><strong>$250 Cash Prize</strong></li><li><strong>Exclusive CodeDynamite Hoodie</strong></li><li><strong>Personalized Runner-Up Certificate</strong></li></ul><p><br></p><p><strong>3rd Place:</strong></p><ul><li><strong>$100 Cash Prize</strong></li><li><strong>Exclusive CodeDynamite Mug</strong></li><li><strong>Personalized Certificate of Achievement</strong></li></ul><p><br></p><p>Don''t miss your chance to win these incredible prizes and gain recognition in the coding community. <a href="https://codedynamite.site/#/contests/d215b5f8-0249-4dc5-89a3-51fd148cfb16/information" rel="noopener noreferrer" target="_blank"><strong>Register now</strong></a> and let the competition begin!</p>',
     '<ol><li>Participants must submit their solutions before the end time.</li><li>Participants must follow the contest rules and guidelines.</li><li>Participants must not cheat or plagiarize.</li></ol>',
     '<p><strong>Pre-determined Challenge Scores:</strong></p><p>Each challenge you conquer has a pre-set score waiting to be claimed. The more complex the challenge, the higher the score you can rack up!</p><p><br></p><p><strong>Test Cases: Your Gateway to Glory:</strong></p><p>Each challenge comes with a battery of test cases designed to put your code through its paces. Every test case you conquer translates into points towards your final score. The more test cases you dominate, the closer you get to scoring supremacy!</p><p><br></p><p><strong>Multiple Submissions? No Problem!</strong></p><p>Feeling creative and tinkering with different solutions? No sweat! We take your highest scoring submission for each challenge into account, so fire away with your best attempts.</p><p><br></p><p><strong>The Leaderboard Beckons: It''s All About the Rank</strong></p><p>Participants are ranked on the glorious leaderboard based on their total score. But what happens when coders achieve the same score? Buckle up, because things get exciting!</p><p><br></p><p><strong>Tie-Breaker Time: Speed Demons Unite!</strong></p><p>In the thrilling case of a tie, the tie-breaker comes down to <strong>speed</strong>. The participant who submitted their highest-scoring solution in the <strong>shortest amount of time</strong> reigns supreme! So, channel your inner coding ninja and blaze through those challenges for ultimate glory.</p>',
     'https://leetcode.com/_next/static/images/biweekly-default-f5a8fc3be85b6c9175207fd8fd855d47.png',
     CURRENT_TIMESTAMP + INTERVAL '5 days',
     CURRENT_TIMESTAMP + INTERVAL '5 days 1 hours',
     'b029f559-52a8-4699-b595-71161498ed8c',
     'b029f559-52a8-4699-b595-71161498ed8c',
     true,
     null,
     true
    ),
    ('d215b5f8-0249-4dc5-89a3-51fd148cfb40',  'Tech Coding Contest',
     '<h3>Welcome to the Tech Coding Contest</h3><p><br></p><p>We are thrilled to present the inaugural CodeDynamite Weekly Contest, a premier event designed to challenge your coding skills and ignite your passion for programming. Whether you''re a seasoned developer or a coding enthusiast, this contest offers a unique opportunity to showcase your talents, compete with like-minded individuals, and win exciting prizes.</p><p><br></p><p><strong>About the contest:</strong></p><ul><li><strong>Sponsored by:</strong> CodeDynamite, your go-to platform for cutting-edge coding resources and community support.</li><li><strong>When:</strong> Every week, with fresh and exciting challenges that cater to various skill levels.</li><li><strong>Who Can Participate:</strong> Open to all coding enthusiasts, regardless of experience level.</li></ul><p><br></p><p><strong>Why Join?</strong></p><ul><li><strong>Challenge Yourself:</strong> Tackle a variety of coding problems that will test your creativity and problem-solving abilities.</li><li><strong>Learn and Grow:</strong> Gain new insights and improve your coding skills through hands-on practice and real-time competition.</li><li><strong>Win Prizes:</strong> Stand a chance to win amazing rewards and earn recognition within the coding community.</li></ul><p><br></p><p><strong>How to Register:</strong></p><ul><li>Simply click the registration link below and fill out the required details to secure your spot in the contest.</li><li>Registration is quick, easy, and free!</li></ul><p><br></p><p><strong>Don’t miss out on this fantastic opportunity to connect, compete, and code with the best!</strong></p><p><br></p><p><strong>Register for the contest now and let your coding journey begin!</strong></p><p><a href="https://codedynamite.site/#/contests/d215b5f8-0249-4dc5-89a3-51fd148cfb40/information" rel="noopener noreferrer" target="_blank">Link to register</a></p><p><br></p><p><br></p>',
     '<p><strong>🎉 Juicy Prizes Await You! 🎉</strong></p><p><br></p><p>Get ready to win some amazing rewards in the 1st CodeDynamite Weekly Contest! Here are the fantastic prizes up for grabs:</p><p><br></p><p><strong>1st Place:</strong></p><ul><li><strong>$500 Cash Prize</strong></li><li><strong>Exclusive CodeDynamite T-Shirt</strong></li><li><strong>Personalized Winner''s Certificate</strong></li></ul><p><br></p><p><strong>2nd Place:</strong></p><ul><li><strong>$250 Cash Prize</strong></li><li><strong>Exclusive CodeDynamite Hoodie</strong></li><li><strong>Personalized Runner-Up Certificate</strong></li></ul><p><br></p><p><strong>3rd Place:</strong></p><ul><li><strong>$100 Cash Prize</strong></li><li><strong>Exclusive CodeDynamite Mug</strong></li><li><strong>Personalized Certificate of Achievement</strong></li></ul><p><br></p><p>Don''t miss your chance to win these incredible prizes and gain recognition in the coding community. <a href="https://codedynamite.site/#/contests/d215b5f8-0249-4dc5-89a3-51fd148cfb16/information" rel="noopener noreferrer" target="_blank"><strong>Register now</strong></a> and let the competition begin!</p>',
     '<ol><li>Participants must submit their solutions before the end time.</li><li>Participants must follow the contest rules and guidelines.</li><li>Participants must not cheat or plagiarize.</li></ol>',
     '<p><strong>Pre-determined Challenge Scores:</strong></p><p>Each challenge you conquer has a pre-set score waiting to be claimed. The more complex the challenge, the higher the score you can rack up!</p><p><br></p><p><strong>Test Cases: Your Gateway to Glory:</strong></p><p>Each challenge comes with a battery of test cases designed to put your code through its paces. Every test case you conquer translates into points towards your final score. The more test cases you dominate, the closer you get to scoring supremacy!</p><p><br></p><p><strong>Multiple Submissions? No Problem!</strong></p><p>Feeling creative and tinkering with different solutions? No sweat! We take your highest scoring submission for each challenge into account, so fire away with your best attempts.</p><p><br></p><p><strong>The Leaderboard Beckons: It''s All About the Rank</strong></p><p>Participants are ranked on the glorious leaderboard based on their total score. But what happens when coders achieve the same score? Buckle up, because things get exciting!</p><p><br></p><p><strong>Tie-Breaker Time: Speed Demons Unite!</strong></p><p>In the thrilling case of a tie, the tie-breaker comes down to <strong>speed</strong>. The participant who submitted their highest-scoring solution in the <strong>shortest amount of time</strong> reigns supreme! So, channel your inner coding ninja and blaze through those challenges for ultimate glory.</p>',
     'https://leetcode.com/_next/static/images/biweekly-default-f5a8fc3be85b6c9175207fd8fd855d47.png',
     CURRENT_TIMESTAMP + INTERVAL '10 days',
     CURRENT_TIMESTAMP + INTERVAL '10 days 1 hours',
     'b029f559-52a8-4699-b595-71161498ed8c',
     'b029f559-52a8-4699-b595-71161498ed8c',
     true,
     null,
     true
    );

INSERT INTO public.contest_user(contest_id, user_id)
VALUES
    ('d215b5f8-0249-4dc5-89a3-51fd148cfb15', '9ba179ed-d26d-4828-a0f6-8836c2063992'),
    ('d215b5f8-0249-4dc5-89a3-51fd148cfb15', 'b029f559-52a8-4699-b595-71161498ed8c'),
    ('d215b5f8-0249-4dc5-89a3-51fd148cfb15', '8c98e9e1-a9e7-49ee-b9fd-0cb5bd7814f7'),
    ('d215b5f8-0249-4dc5-89a3-51fd148cfb16', 'b029f559-52a8-4699-b595-71161498ed8c'),
    ('d215b5f8-0249-4dc5-89a3-51fd148cfb17', '8c98e9e1-a9e7-49ee-b9fd-0cb5bd7814f7'),
    ('d215b5f8-0249-4dc5-89a3-51fd148cfb18', '9ba179ed-d26d-4828-a0f6-8836c2063992'),
    ('d215b5f8-0249-4dc5-89a3-51fd148cfb30', '9ba179ed-d26d-4828-a0f6-8836c2063992'),
    ('d215b5f8-0249-4dc5-89a3-51fd148cfb30', 'b029f559-52a8-4699-b595-71161498ed8c'),
    ('d215b5f8-0249-4dc5-89a3-51fd148cfb30', '8c98e9e1-a9e7-49ee-b9fd-0cb5bd7814f7'),
    ('d215b5f8-0249-4dc5-89a3-51fd148cfb31', '9ba179ed-d26d-4828-a0f6-8836c2063992'),
    ('d215b5f8-0249-4dc5-89a3-51fd148cfb31', 'b029f559-52a8-4699-b595-71161498ed8c'),
    ('d215b5f8-0249-4dc5-89a3-51fd148cfb31', '8c98e9e1-a9e7-49ee-b9fd-0cb5bd7814f7'),
    ('d215b5f8-0249-4dc5-89a3-51fd148cfb35', '9ba179ed-d26d-4828-a0f6-8836c2063992'),
    ('d215b5f8-0249-4dc5-89a3-51fd148cfb35', 'b029f559-52a8-4699-b595-71161498ed8c'),
    ('d215b5f8-0249-4dc5-89a3-51fd148cfb35', '8c98e9e1-a9e7-49ee-b9fd-0cb5bd7814f7');


-- Pick Random question type code from public.question and each contest will have at least 4 questions
INSERT INTO public.contest_question(contest_id, question_id)
VALUES
    ('d215b5f8-0249-4dc5-89a3-51fd148cfb15', 'b6484e21-6937-489c-b031-b71767994221'),
    ('d215b5f8-0249-4dc5-89a3-51fd148cfb15', 'b6484e21-6937-489c-b031-b71767994736'),
    ('d215b5f8-0249-4dc5-89a3-51fd148cfb15', 'b6484e21-6937-489c-b031-b71767994737'),
    ('d215b5f8-0249-4dc5-89a3-51fd148cfb15', 'b6484e21-6937-489c-b031-b71767994738'),
    ('d215b5f8-0249-4dc5-89a3-51fd148cfb16', 'b6484e21-6937-489c-b031-b71767994739'),
    ('d215b5f8-0249-4dc5-89a3-51fd148cfb16', 'b6484e21-6937-489c-b031-b71767994740'),
    ('d215b5f8-0249-4dc5-89a3-51fd148cfb16', 'b6484e21-6937-489c-b031-b71767994741'),
    ('d215b5f8-0249-4dc5-89a3-51fd148cfb16', 'b6484e21-6937-489c-b031-b71767994742'),
    ('d215b5f8-0249-4dc5-89a3-51fd148cfb17', 'b6484e21-6937-489c-b031-b71767994743'),
    ('d215b5f8-0249-4dc5-89a3-51fd148cfb17', 'b6484e21-6937-489c-b031-b71767994744'),
    ('d215b5f8-0249-4dc5-89a3-51fd148cfb17', 'b6484e21-6937-489c-b031-b71767994745'),
    ('d215b5f8-0249-4dc5-89a3-51fd148cfb17', 'b6484e21-6937-489c-b031-b71767994746'),
    ('d215b5f8-0249-4dc5-89a3-51fd148cfb18', 'b6484e21-6937-489c-b031-b71767994747'),
    ('d215b5f8-0249-4dc5-89a3-51fd148cfb18', 'b6484e21-6937-489c-b031-b71767994748'),
    ('d215b5f8-0249-4dc5-89a3-51fd148cfb18', 'b6484e21-6937-489c-b031-b71767994749'),
    ('d215b5f8-0249-4dc5-89a3-51fd148cfb18', 'b6484e21-6937-489c-b031-b71767994750'),
    ('d215b5f8-0249-4dc5-89a3-51fd148cfb19', 'b6484e21-6937-489c-b031-b71767994751'),
    ('d215b5f8-0249-4dc5-89a3-51fd148cfb19', 'b6484e21-6937-489c-b031-b71767994752'),
    ('d215b5f8-0249-4dc5-89a3-51fd148cfb19', 'b6484e21-6937-489c-b031-b71767994753'),
    ('d215b5f8-0249-4dc5-89a3-51fd148cfb19', 'b6484e21-6937-489c-b031-b71767994754'),
    ('d215b5f8-0249-4dc5-89a3-51fd148cfb20', 'b6484e21-6937-489c-b031-b71767994755'),
    ('d215b5f8-0249-4dc5-89a3-51fd148cfb20', 'b6484e21-6937-489c-b031-b71767994756'),
    ('d215b5f8-0249-4dc5-89a3-51fd148cfb20', 'b6484e21-6937-489c-b031-b71767994757'),
    ('d215b5f8-0249-4dc5-89a3-51fd148cfb20', 'b6484e21-6937-489c-b031-b71767994758'),
    ('d215b5f8-0249-4dc5-89a3-51fd148cfb21', 'b6484e21-6937-489c-b031-b71767994759'),
    ('d215b5f8-0249-4dc5-89a3-51fd148cfb21', 'b6484e21-6937-489c-b031-b71767994760'),
    ('d215b5f8-0249-4dc5-89a3-51fd148cfb21', 'b6484e21-6937-489c-b031-b71767994761'),
    ('d215b5f8-0249-4dc5-89a3-51fd148cfb21', 'b6484e21-6937-489c-b031-b71767994762'),
    ('d215b5f8-0249-4dc5-89a3-51fd148cfb22', 'b6484e21-6937-489c-b031-b71767994763'),
    ('d215b5f8-0249-4dc5-89a3-51fd148cfb22', 'b6484e21-6937-489c-b031-b71767994221'),
    ('d215b5f8-0249-4dc5-89a3-51fd148cfb22', 'b6484e21-6937-489c-b031-b71767994736'),
    ('d215b5f8-0249-4dc5-89a3-51fd148cfb22', 'b6484e21-6937-489c-b031-b71767994737'),
    ('d215b5f8-0249-4dc5-89a3-51fd148cfb23', 'b6484e21-6937-489c-b031-b71767994738'),
    ('d215b5f8-0249-4dc5-89a3-51fd148cfb23', 'b6484e21-6937-489c-b031-b71767994739'),
    ('d215b5f8-0249-4dc5-89a3-51fd148cfb23', 'b6484e21-6937-489c-b031-b71767994740'),
    ('d215b5f8-0249-4dc5-89a3-51fd148cfb23', 'b6484e21-6937-489c-b031-b71767994741'),
    ('d215b5f8-0249-4dc5-89a3-51fd148cfb24', 'b6484e21-6937-489c-b031-b71767994742'),
    ('d215b5f8-0249-4dc5-89a3-51fd148cfb24', 'b6484e21-6937-489c-b031-b71767994743'),
    ('d215b5f8-0249-4dc5-89a3-51fd148cfb24', 'b6484e21-6937-489c-b031-b71767994744'),
    ('d215b5f8-0249-4dc5-89a3-51fd148cfb24', 'b6484e21-6937-489c-b031-b71767994745'),
    ('d215b5f8-0249-4dc5-89a3-51fd148cfb25', 'b6484e21-6937-489c-b031-b71767994746'),
    ('d215b5f8-0249-4dc5-89a3-51fd148cfb25', 'b6484e21-6937-489c-b031-b71767994747'),
    ('d215b5f8-0249-4dc5-89a3-51fd148cfb25', 'b6484e21-6937-489c-b031-b71767994748'),
    ('d215b5f8-0249-4dc5-89a3-51fd148cfb25', 'b6484e21-6937-489c-b031-b71767994749'),
    ('d215b5f8-0249-4dc5-89a3-51fd148cfb26', 'b6484e21-6937-489c-b031-b71767994750'),
    ('d215b5f8-0249-4dc5-89a3-51fd148cfb26', 'b6484e21-6937-489c-b031-b71767994751'),
    ('d215b5f8-0249-4dc5-89a3-51fd148cfb26', 'b6484e21-6937-489c-b031-b71767994752'),
    ('d215b5f8-0249-4dc5-89a3-51fd148cfb26', 'b6484e21-6937-489c-b031-b71767994753'),
    ('d215b5f8-0249-4dc5-89a3-51fd148cfb27', 'b6484e21-6937-489c-b031-b71767994754'),
    ('d215b5f8-0249-4dc5-89a3-51fd148cfb27', 'b6484e21-6937-489c-b031-b71767994755'),
    ('d215b5f8-0249-4dc5-89a3-51fd148cfb27', 'b6484e21-6937-489c-b031-b71767994756'),
    ('d215b5f8-0249-4dc5-89a3-51fd148cfb27', 'b6484e21-6937-489c-b031-b71767994757'),
    ('d215b5f8-0249-4dc5-89a3-51fd148cfb28', 'b6484e21-6937-489c-b031-b71767994758'),
    ('d215b5f8-0249-4dc5-89a3-51fd148cfb28', 'b6484e21-6937-489c-b031-b71767994759'),
    ('d215b5f8-0249-4dc5-89a3-51fd148cfb28', 'b6484e21-6937-489c-b031-b71767994760'),
    ('d215b5f8-0249-4dc5-89a3-51fd148cfb28', 'b6484e21-6937-489c-b031-b71767994761'),
    ('d215b5f8-0249-4dc5-89a3-51fd148cfb29', 'b6484e21-6937-489c-b031-b71767994762'),
    ('d215b5f8-0249-4dc5-89a3-51fd148cfb29', 'b6484e21-6937-489c-b031-b71767994763'),
    ('d215b5f8-0249-4dc5-89a3-51fd148cfb29', 'b6484e21-6937-489c-b031-b71767994221'),
    ('d215b5f8-0249-4dc5-89a3-51fd148cfb29', 'b6484e21-6937-489c-b031-b71767994736'),
    ('d215b5f8-0249-4dc5-89a3-51fd148cfb30', 'b6484e21-6937-489c-b031-b71767994221'),
    ('d215b5f8-0249-4dc5-89a3-51fd148cfb30', 'b6484e21-6937-489c-b031-b71767994736'),
    ('d215b5f8-0249-4dc5-89a3-51fd148cfb30', 'b6484e21-6937-489c-b031-b71767994737'),
    ('d215b5f8-0249-4dc5-89a3-51fd148cfb30', 'b6484e21-6937-489c-b031-b71767994738'),
    ('d215b5f8-0249-4dc5-89a3-51fd148cfb31', 'b6484e21-6937-489c-b031-b71767994739'),
    ('d215b5f8-0249-4dc5-89a3-51fd148cfb31', 'b6484e21-6937-489c-b031-b71767994740'),
    ('d215b5f8-0249-4dc5-89a3-51fd148cfb31', 'b6484e21-6937-489c-b031-b71767994741'),
    ('d215b5f8-0249-4dc5-89a3-51fd148cfb31', 'b6484e21-6937-489c-b031-b71767994742'),
    ('d215b5f8-0249-4dc5-89a3-51fd148cfb32', 'b6484e21-6937-489c-b031-b71767994743'),
    ('d215b5f8-0249-4dc5-89a3-51fd148cfb32', 'b6484e21-6937-489c-b031-b71767994744'),
    ('d215b5f8-0249-4dc5-89a3-51fd148cfb32', 'b6484e21-6937-489c-b031-b71767994745'),
    ('d215b5f8-0249-4dc5-89a3-51fd148cfb32', 'b6484e21-6937-489c-b031-b71767994746'),
    ('d215b5f8-0249-4dc5-89a3-51fd148cfb33', 'b6484e21-6937-489c-b031-b71767994747'),
    ('d215b5f8-0249-4dc5-89a3-51fd148cfb33', 'b6484e21-6937-489c-b031-b71767994748'),
    ('d215b5f8-0249-4dc5-89a3-51fd148cfb33', 'b6484e21-6937-489c-b031-b71767994749'),
    ('d215b5f8-0249-4dc5-89a3-51fd148cfb33', 'b6484e21-6937-489c-b031-b71767994750'),
    ('d215b5f8-0249-4dc5-89a3-51fd148cfb34', 'b6484e21-6937-489c-b031-b71767994751'),
    ('d215b5f8-0249-4dc5-89a3-51fd148cfb34', 'b6484e21-6937-489c-b031-b71767994752'),
    ('d215b5f8-0249-4dc5-89a3-51fd148cfb34', 'b6484e21-6937-489c-b031-b71767994753'),
    ('d215b5f8-0249-4dc5-89a3-51fd148cfb34', 'b6484e21-6937-489c-b031-b71767994754'),
    ('d215b5f8-0249-4dc5-89a3-51fd148cfb35', 'b6484e21-6937-489c-b031-b71767994755'),
    ('d215b5f8-0249-4dc5-89a3-51fd148cfb35', 'b6484e21-6937-489c-b031-b71767994756'),
    ('d215b5f8-0249-4dc5-89a3-51fd148cfb35', 'b6484e21-6937-489c-b031-b71767994757'),
    ('d215b5f8-0249-4dc5-89a3-51fd148cfb35', 'b6484e21-6937-489c-b031-b71767994758'),
    ('d215b5f8-0249-4dc5-89a3-51fd148cfb36', 'b6484e21-6937-489c-b031-b71767994759'),
    ('d215b5f8-0249-4dc5-89a3-51fd148cfb36', 'b6484e21-6937-489c-b031-b71767994760'),
    ('d215b5f8-0249-4dc5-89a3-51fd148cfb36', 'b6484e21-6937-489c-b031-b71767994761'),
    ('d215b5f8-0249-4dc5-89a3-51fd148cfb36', 'b6484e21-6937-489c-b031-b71767994762'),
    ('d215b5f8-0249-4dc5-89a3-51fd148cfb37', 'b6484e21-6937-489c-b031-b71767994763'),
    ('d215b5f8-0249-4dc5-89a3-51fd148cfb37', 'b6484e21-6937-489c-b031-b71767994221'),
    ('d215b5f8-0249-4dc5-89a3-51fd148cfb37', 'b6484e21-6937-489c-b031-b71767994736'),
    ('d215b5f8-0249-4dc5-89a3-51fd148cfb37', 'b6484e21-6937-489c-b031-b71767994737'),
    ('d215b5f8-0249-4dc5-89a3-51fd148cfb38', 'b6484e21-6937-489c-b031-b71767994738'),
    ('d215b5f8-0249-4dc5-89a3-51fd148cfb38', 'b6484e21-6937-489c-b031-b71767994739'),
    ('d215b5f8-0249-4dc5-89a3-51fd148cfb38', 'b6484e21-6937-489c-b031-b71767994740'),
    ('d215b5f8-0249-4dc5-89a3-51fd148cfb38', 'b6484e21-6937-489c-b031-b71767994741'),
    ('d215b5f8-0249-4dc5-89a3-51fd148cfb39', 'b6484e21-6937-489c-b031-b71767994742'),
    ('d215b5f8-0249-4dc5-89a3-51fd148cfb39', 'b6484e21-6937-489c-b031-b71767994743'),
    ('d215b5f8-0249-4dc5-89a3-51fd148cfb39', 'b6484e21-6937-489c-b031-b71767994744'),
    ('d215b5f8-0249-4dc5-89a3-51fd148cfb39', 'b6484e21-6937-489c-b031-b71767994745'),
    ('d215b5f8-0249-4dc5-89a3-51fd148cfb40', 'b6484e21-6937-489c-b031-b71767994746'),
    ('d215b5f8-0249-4dc5-89a3-51fd148cfb40', 'b6484e21-6937-489c-b031-b71767994747'),
    ('d215b5f8-0249-4dc5-89a3-51fd148cfb40', 'b6484e21-6937-489c-b031-b71767994748'),
    ('d215b5f8-0249-4dc5-89a3-51fd148cfb40', 'b6484e21-6937-489c-b031-b71767994749');




INSERT INTO public.question
(id, org_id, "difficulty", "name", question_text, general_feedback, default_mark, "qtype", created_by, copy_state, created_at, updated_by, updated_at, question_bank_category_id, is_org_question_bank)
VALUES('20d06a81-f597-41bc-a60c-480d5c38eb80'::uuid, '08b65a39-394f-4977-a5fa-3fe145b620f8'::uuid, 'EASY'::public."difficulty", 'Câu 1', '<p><span style="color: rgb(51, 51, 51);">Hãy cho biết ý tưởng nào sau đây nói về phương pháp sắp xếp chọn tăng dần (select sort)?</span></p>', '', 1.00, 'MULTIPLE_CHOICE'::public."qtype", '64412e27-169e-44ea-a101-74ebf8cb82d9'::uuid, 'CREATED'::public."copystate", '2024-06-20 21:22:31.589', '64412e27-169e-44ea-a101-74ebf8cb82d9'::uuid, '2024-06-20 21:22:31.589', NULL, false);
INSERT INTO public.question
(id, org_id, "difficulty", "name", question_text, general_feedback, default_mark, "qtype", created_by, copy_state, created_at, updated_by, updated_at, question_bank_category_id, is_org_question_bank)
VALUES('82a72f33-69d1-417a-bc4a-54e4a3f42a06'::uuid, '08b65a39-394f-4977-a5fa-3fe145b620f8'::uuid, 'EASY'::public."difficulty", 'Câu 2', '<h4><a href="https://khoahoc.vietjack.com/question/958165/phuong-phap-nao-sau-day-chinh-la-phuong-phap-sap-xep-nhanh-quick-sort" rel="noopener noreferrer" target="_blank" style="color: rgb(0, 0, 0); background-color: transparent;">Phương pháp nào sau đây chính là phương pháp sắp xếp nhanh (Quick sort)?</a></h4><p><br></p>', '', 1.00, 'MULTIPLE_CHOICE'::public."qtype", '64412e27-169e-44ea-a101-74ebf8cb82d9'::uuid, 'CREATED'::public."copystate", '2024-06-20 21:24:16.622', '64412e27-169e-44ea-a101-74ebf8cb82d9'::uuid, '2024-06-20 21:24:16.622', NULL, false);
INSERT INTO public.question
(id, org_id, "difficulty", "name", question_text, general_feedback, default_mark, "qtype", created_by, copy_state, created_at, updated_by, updated_at, question_bank_category_id, is_org_question_bank)
VALUES('fe65d7df-69ac-4a17-805c-f1f2b65b9972'::uuid, '08b65a39-394f-4977-a5fa-3fe145b620f8'::uuid, 'EASY'::public."difficulty", 'Câu 3', '<h4><a href="https://khoahoc.vietjack.com/question/958164/hay-cho-biet-y-tuong-nao-sau-day-noi-ve-phuong-phap-sap-xep-nhanh-quick-sort" rel="noopener noreferrer" target="_blank" style="color: rgb(0, 0, 0); background-color: transparent;">Hãy cho biết ý tưởng nào sau đây nói về phương pháp sắp xếp nhanh (Quick sort)?</a></h4><p><br></p>', '', 1.00, 'MULTIPLE_CHOICE'::public."qtype", '64412e27-169e-44ea-a101-74ebf8cb82d9'::uuid, 'CREATED'::public."copystate", '2024-06-20 21:25:55.996', '64412e27-169e-44ea-a101-74ebf8cb82d9'::uuid, '2024-06-20 21:25:55.996', NULL, false);
INSERT INTO public.question
(id, org_id, "difficulty", "name", question_text, general_feedback, default_mark, "qtype", created_by, copy_state, created_at, updated_by, updated_at, question_bank_category_id, is_org_question_bank)
VALUES('53ce35a7-9dcf-4741-a4ed-872874daf829'::uuid, '08b65a39-394f-4977-a5fa-3fe145b620f8'::uuid, 'EASY'::public."difficulty", 'Câu 4', '<p><a href="https://vietjack.online/cau-hoi/958554/giai-thuat-de-quy-la-a-trong-giai-thuat-cua-no-co-loi-goi-toi-chinh-no" rel="noopener noreferrer" target="_blank" style="color: rgb(0, 0, 0); background-color: transparent;">Giải thuật đệ quy là:</a></p>', '', 1.00, 'MULTIPLE_CHOICE'::public."qtype", '64412e27-169e-44ea-a101-74ebf8cb82d9'::uuid, 'CREATED'::public."copystate", '2024-06-20 21:28:16.197', '64412e27-169e-44ea-a101-74ebf8cb82d9'::uuid, '2024-06-20 21:28:16.197', NULL, false);
INSERT INTO public.question
(id, org_id, "difficulty", "name", question_text, general_feedback, default_mark, "qtype", created_by, copy_state, created_at, updated_by, updated_at, question_bank_category_id, is_org_question_bank)
VALUES('0fe5d2ee-6892-4f62-a6e6-83284f2430bc'::uuid, '08b65a39-394f-4977-a5fa-3fe145b620f8'::uuid, 'EASY'::public."difficulty", 'Câu 5', '<p>QUEUE hoạt động như thế nào?</p>', '', 1.00, 'SHORT_ANSWER'::public."qtype", '64412e27-169e-44ea-a101-74ebf8cb82d9'::uuid, 'CREATED'::public."copystate", '2024-06-20 21:29:18.256', '64412e27-169e-44ea-a101-74ebf8cb82d9'::uuid, '2024-06-20 21:29:18.256', NULL, false);
INSERT INTO public.question
(id, org_id, "difficulty", "name", question_text, general_feedback, default_mark, "qtype", created_by, copy_state, created_at, updated_by, updated_at, question_bank_category_id, is_org_question_bank)
VALUES('513a7e58-00d0-450b-8f0d-78af23898b81'::uuid, '08b65a39-394f-4977-a5fa-3fe145b620f8'::uuid, 'EASY'::public."difficulty", 'Câu 6', '<p>Sinh viên IT mới ra trường lương nghìn $ ?</p>', '', 1.00, 'TRUE_FALSE'::public."qtype", '64412e27-169e-44ea-a101-74ebf8cb82d9'::uuid, 'CREATED'::public."copystate", '2024-06-20 21:30:29.529', '64412e27-169e-44ea-a101-74ebf8cb82d9'::uuid, '2024-06-20 21:30:29.529', NULL, false);
INSERT INTO public.question
(id, org_id, "difficulty", "name", question_text, general_feedback, default_mark, "qtype", created_by, copy_state, created_at, updated_by, updated_at, question_bank_category_id, is_org_question_bank)
VALUES('1168fba1-8391-4294-b1cb-2c108f96af1f'::uuid, '08b65a39-394f-4977-a5fa-3fe145b620f8'::uuid, 'EASY'::public."difficulty", 'Câu 7', '<p>Trường HCMUS top 1 IT?</p>', '', 1.00, 'TRUE_FALSE'::public."qtype", '64412e27-169e-44ea-a101-74ebf8cb82d9'::uuid, 'CREATED'::public."copystate", '2024-06-20 21:31:55.692', '64412e27-169e-44ea-a101-74ebf8cb82d9'::uuid, '2024-06-20 21:31:55.692', NULL, false);
INSERT INTO public.question
(id, org_id, "difficulty", "name", question_text, general_feedback, default_mark, "qtype", created_by, copy_state, created_at, updated_by, updated_at, question_bank_category_id, is_org_question_bank)
VALUES('c4b3219f-9d83-4497-ad15-d46772141bd5'::uuid, '08b65a39-394f-4977-a5fa-3fe145b620f8'::uuid, 'EASY'::public."difficulty", 'Câu 8', '<p>STACK hoạt động như nào?</p>', '', 1.00, 'SHORT_ANSWER'::public."qtype", '64412e27-169e-44ea-a101-74ebf8cb82d9'::uuid, 'CREATED'::public."copystate", '2024-06-20 21:33:16.328', '64412e27-169e-44ea-a101-74ebf8cb82d9'::uuid, '2024-06-20 21:33:16.328', NULL, false);
INSERT INTO public.question
(id, org_id, "difficulty", "name", question_text, general_feedback, default_mark, "qtype", created_by, copy_state, created_at, updated_by, updated_at, question_bank_category_id, is_org_question_bank)
VALUES('29a71c20-290b-471d-acc8-4c5c929f96a8'::uuid, '08b65a39-394f-4977-a5fa-3fe145b620f8'::uuid, 'EASY'::public."difficulty", 'Câu 9', '<p>Đầu vào trường Ú rất dễ?</p>', '', 1.00, 'TRUE_FALSE'::public."qtype", '64412e27-169e-44ea-a101-74ebf8cb82d9'::uuid, 'CREATED'::public."copystate", '2024-06-20 21:34:55.796', '64412e27-169e-44ea-a101-74ebf8cb82d9'::uuid, '2024-06-20 21:34:55.796', NULL, false);
INSERT INTO public.question
(id, org_id, "difficulty", "name", question_text, general_feedback, default_mark, "qtype", created_by, copy_state, created_at, updated_by, updated_at, question_bank_category_id, is_org_question_bank)
VALUES('1ca8c89a-1bd0-41b2-adf0-4f7b55f8b256'::uuid, '08b65a39-394f-4977-a5fa-3fe145b620f8'::uuid, 'EASY'::public."difficulty", 'Câu 10', '<p>Thầy cô trường Ú dễ thương</p>', '', 1.00, 'TRUE_FALSE'::public."qtype", '64412e27-169e-44ea-a101-74ebf8cb82d9'::uuid, 'CREATED'::public."copystate", '2024-06-20 21:35:23.054', '64412e27-169e-44ea-a101-74ebf8cb82d9'::uuid, '2024-06-20 21:35:23.054', NULL, false);


INSERT INTO public.qtype_multichoice_question
(id, question_id, single, shuffle_answers, correct_feedback, partially_correct_feedback, incorrect_feedback, answer_numbering, show_num_correct, show_standard_instruction)
VALUES('43455ada-fee6-4da7-b688-9a044662609f'::uuid, '20d06a81-f597-41bc-a60c-480d5c38eb80'::uuid, true, true, '', NULL, '', 'abc', 1, '1');
INSERT INTO public.qtype_multichoice_question
(id, question_id, single, shuffle_answers, correct_feedback, partially_correct_feedback, incorrect_feedback, answer_numbering, show_num_correct, show_standard_instruction)
VALUES('f6a3859e-a5b7-4f57-83a1-62bd1d4af10f'::uuid, '82a72f33-69d1-417a-bc4a-54e4a3f42a06'::uuid, true, true, '', NULL, '', 'abc', 1, '1');
INSERT INTO public.qtype_multichoice_question
(id, question_id, single, shuffle_answers, correct_feedback, partially_correct_feedback, incorrect_feedback, answer_numbering, show_num_correct, show_standard_instruction)
VALUES('a2e49b15-fd74-4911-aa70-bee57cfca69c'::uuid, 'fe65d7df-69ac-4a17-805c-f1f2b65b9972'::uuid, true, true, '', NULL, '', 'abc', 1, '1');
INSERT INTO public.qtype_multichoice_question
(id, question_id, single, shuffle_answers, correct_feedback, partially_correct_feedback, incorrect_feedback, answer_numbering, show_num_correct, show_standard_instruction)
VALUES('ff9dbd27-698c-438a-bb4d-9572c845e521'::uuid, '53ce35a7-9dcf-4741-a4ed-872874daf829'::uuid, true, true, '', NULL, '', 'abc', 1, '1');
INSERT INTO public.qtype_multichoice_question
(id, question_id, single, shuffle_answers, correct_feedback, partially_correct_feedback, incorrect_feedback, answer_numbering, show_num_correct, show_standard_instruction)
VALUES('5dd4f23a-e2eb-4dc4-96a1-07285d57a37d'::uuid, '513a7e58-00d0-450b-8f0d-78af23898b81'::uuid, true, false, '', NULL, '', NULL, 1, '1');
INSERT INTO public.qtype_multichoice_question
(id, question_id, single, shuffle_answers, correct_feedback, partially_correct_feedback, incorrect_feedback, answer_numbering, show_num_correct, show_standard_instruction)
VALUES('3e9bb601-6109-4a20-b529-1a070282e47f'::uuid, '1168fba1-8391-4294-b1cb-2c108f96af1f'::uuid, true, false, '', NULL, '', NULL, 1, '1');
INSERT INTO public.qtype_multichoice_question
(id, question_id, single, shuffle_answers, correct_feedback, partially_correct_feedback, incorrect_feedback, answer_numbering, show_num_correct, show_standard_instruction)
VALUES('0feadb2c-9dfd-4ebb-8a75-beb9d9eed408'::uuid, '29a71c20-290b-471d-acc8-4c5c929f96a8'::uuid, true, false, '', NULL, '', NULL, 1, '1');
INSERT INTO public.qtype_multichoice_question
(id, question_id, single, shuffle_answers, correct_feedback, partially_correct_feedback, incorrect_feedback, answer_numbering, show_num_correct, show_standard_instruction)
VALUES('400a2f4d-c880-4e00-94be-d4b4afebccbd'::uuid, '1ca8c89a-1bd0-41b2-adf0-4f7b55f8b256'::uuid, true, false, '', NULL, '', NULL, 1, '1');

INSERT INTO public.qtype_shortanswer_question
(id, question_id, case_sensitive)
VALUES('fa860cec-afa7-4b4d-948c-d8ab1d5a384e'::uuid, '0fe5d2ee-6892-4f62-a6e6-83284f2430bc'::uuid, true);
INSERT INTO public.qtype_shortanswer_question
(id, question_id, case_sensitive)
VALUES('78d62d6f-e323-4a40-bdaf-31b352227f29'::uuid, 'c4b3219f-9d83-4497-ad15-d46772141bd5'::uuid, true);

INSERT INTO public.answer_of_question
(id, question_id, feedback, answer, fraction)
VALUES('f13af228-9d17-45b1-b3e5-7a34f590b145'::uuid, '20d06a81-f597-41bc-a60c-480d5c38eb80'::uuid, '<p><span style="color: rgb(63, 63, 63);">Phân đoạn dãy thành nhiều dãy con và lần lượt trộn hai dãy con thành dãy lớn hơn, cho đến khi thu được dãy ban đầu đã được sắp xếp</span></p>', '<p><span style="color: rgb(63, 63, 63);">Phân đoạn dãy thành nhiều dãy con và lần lượt trộn hai dãy con thành dãy lớn hơn, cho đến khi thu được dãy ban đầu đã được sắp xếp</span></p>', 0.00);
INSERT INTO public.answer_of_question
(id, question_id, feedback, answer, fraction)
VALUES('da47f572-a86b-4250-9596-fabf92ffb150'::uuid, '20d06a81-f597-41bc-a60c-480d5c38eb80'::uuid, '<p><span style="color: rgb(63, 63, 63);">Lần lượt lấy phần tử của danh sách chèn vị trí thích hợp của nó trong dãy</span></p>', '<p><span style="color: rgb(63, 63, 63);">Lần lượt lấy phần tử của danh sách chèn vị trí thích hợp của nó trong dãy</span></p>', 0.00);
INSERT INTO public.answer_of_question
(id, question_id, feedback, answer, fraction)
VALUES('20ba7b11-9b6a-48d6-96e5-5b49a4127bf7'::uuid, '20d06a81-f597-41bc-a60c-480d5c38eb80'::uuid, '<p><span style="color: rgb(63, 63, 63);">Chọn phần tử bé nhất xếp vào vị trí thứ nhất bằng cách đổi chổ phần tử bé nhất với phần tử thứ nhất; Tương tự đối với phần tử nhỏ thứ hai cho đến phần tử cuối cùng</span></p>', '<p><span style="color: rgb(63, 63, 63);">Chọn phần tử bé nhất xếp vào vị trí thứ nhất bằng cách đổi chổ phần tử bé nhất với phần tử thứ nhất; Tương tự đối với phần tử nhỏ thứ hai cho đến phần tử cuối cùng</span></p>', 1.00);
INSERT INTO public.answer_of_question
(id, question_id, feedback, answer, fraction)
VALUES('797744cf-8e04-486c-a3ef-778b71ab4303'::uuid, '20d06a81-f597-41bc-a60c-480d5c38eb80'::uuid, '<p><span style="color: rgb(63, 63, 63);">Bắt đầu từ cuối dãy đến đầu dãy, ta lần lượt so sánh hai phần tử kế tiếp nhau, nếu phần tử nào bé hơn được cho lên vị trí trên</span></p>', '<p><span style="color: rgb(63, 63, 63);">Bắt đầu từ cuối dãy đến đầu dãy, ta lần lượt so sánh hai phần tử kế tiếp nhau, nếu phần tử nào bé hơn được cho lên vị trí trên</span></p>', 0.00);
INSERT INTO public.answer_of_question
(id, question_id, feedback, answer, fraction)
VALUES('c057f9a7-29f2-4510-bda6-20282e084548'::uuid, '82a72f33-69d1-417a-bc4a-54e4a3f42a06'::uuid, '<p><span style="color: rgb(63, 63, 63);">Phương phap trộn</span></p>', '<p><span style="color: rgb(63, 63, 63);">Phương phap trộn</span></p>', 0.00);
INSERT INTO public.answer_of_question
(id, question_id, feedback, answer, fraction)
VALUES('73dce995-e874-4839-a4ed-b024534adb68'::uuid, '82a72f33-69d1-417a-bc4a-54e4a3f42a06'::uuid, '<p><span style="color: rgb(63, 63, 63);">Phương pháp vun đống</span></p>', '<p><span style="color: rgb(63, 63, 63);">Phương pháp vun đống</span></p>', 0.00);
INSERT INTO public.answer_of_question
(id, question_id, feedback, answer, fraction)
VALUES('b35e54ea-7b0d-4ed6-a1e5-3a24c1296670'::uuid, '82a72f33-69d1-417a-bc4a-54e4a3f42a06'::uuid, '<p><span style="color: rgb(63, 63, 63);">Phương pháp chèn</span></p>', '<p><span style="color: rgb(63, 63, 63);">Phương pháp chèn</span></p>', 0.00);
INSERT INTO public.answer_of_question
(id, question_id, feedback, answer, fraction)
VALUES('1350a0b1-43c6-43c5-a9e1-34bce3e6759e'::uuid, '82a72f33-69d1-417a-bc4a-54e4a3f42a06'::uuid, '<p><span style="color: rgb(63, 63, 63);">Phương pháp phân đoạn</span></p>', '<p><span style="color: rgb(63, 63, 63);">Phương pháp phân đoạn</span></p>', 1.00);
INSERT INTO public.answer_of_question
(id, question_id, feedback, answer, fraction)
VALUES('d64eda1d-8a47-4d01-9396-2362d55621d5'::uuid, 'fe65d7df-69ac-4a17-805c-f1f2b65b9972'::uuid, '<p><span style="color: rgb(63, 63, 63);">Chọn phần tử bé nhất xếp vào vị trí thứ nhất bằng cách đổi chổ phần tử bé nhất với phần tử thứ nhất; Tương tự đối với phần tử nhỏ thứ hai cho đến phần tử cuối cùng</span></p>', '<p><span style="color: rgb(63, 63, 63);">Chọn phần tử bé nhất xếp vào vị trí thứ nhất bằng cách đổi chổ phần tử bé nhất với phần tử thứ nhất; Tương tự đối với phần tử nhỏ thứ hai cho đến phần tử cuối cùng</span></p>', 0.00);
INSERT INTO public.answer_of_question
(id, question_id, feedback, answer, fraction)
VALUES('a0444c51-ede9-4c42-a821-e9e3b6124761'::uuid, 'fe65d7df-69ac-4a17-805c-f1f2b65b9972'::uuid, '<p><span style="color: rgb(63, 63, 63);">Bắt đầu từ cuối dãy đến đầu dãy, ta lần lượt so sánh hai phần tử kế tiếpnh u, nếu phần tử nào nhỏ hơn được đứng vị trí trên</span></p>', '<p><span style="color: rgb(63, 63, 63);">Bắt đầu từ cuối dãy đến đầu dãy, ta lần lượt so sánh hai phần tử kế tiếpnh u, nếu phần tử nào nhỏ hơn được đứng vị trí trên</span></p>', 0.00);
INSERT INTO public.answer_of_question
(id, question_id, feedback, answer, fraction)
VALUES('ca665a4c-0f11-4144-9f52-025fd9887870'::uuid, 'fe65d7df-69ac-4a17-805c-f1f2b65b9972'::uuid, '<p><span style="color: rgb(63, 63, 63);">Phân đoạn dãy thành nhiều dãy con và lần lượt trộn hai dãy con thành dãy lớn hơn, cho đến khi thu được dãy ban đầu đã được sắp xếp</span></p>', '<p><span style="color: rgb(63, 63, 63);">Phân đoạn dãy thành nhiều dãy con và lần lượt trộn hai dãy con thành dãy lớn hơn, cho đến khi thu được dãy ban đầu đã được sắp xếp</span></p>', 0.00);
INSERT INTO public.answer_of_question
(id, question_id, feedback, answer, fraction)
VALUES('e7a9f1de-b7bb-48d4-a7d9-c41c805c112a'::uuid, 'fe65d7df-69ac-4a17-805c-f1f2b65b9972'::uuid, '<p><span style="color: rgb(63, 63, 63);">Lần lượt chia dãy phần tử thành hai dãy con bởi một phần tử khoá (dãy con trước khoá gồm các phần tử nhỏ hơn khoá và dãy còn lại gồm các phần tử lớn hơn khoá)</span></p>', '<p><span style="color: rgb(63, 63, 63);">Lần lượt chia dãy phần tử thành hai dãy con bởi một phần tử khoá (dãy con trước khoá gồm các phần tử nhỏ hơn khoá và dãy còn lại gồm các phần tử lớn hơn khoá)</span></p>', 1.00);
INSERT INTO public.answer_of_question
(id, question_id, feedback, answer, fraction)
VALUES('7d39a4d4-a392-4929-9e0f-9317aa079a89'::uuid, '53ce35a7-9dcf-4741-a4ed-872874daf829'::uuid, '<p><span style="color: rgb(63, 63, 63);">Trong giải thuật của nó có lời gọi tới chính nó</span></p>', '<p><span style="color: rgb(63, 63, 63);">Trong giải thuật của nó có lời gọi tới chính nó</span></p>', 0.00);
INSERT INTO public.answer_of_question
(id, question_id, feedback, answer, fraction)
VALUES('b8eb7450-9483-4b7f-a42c-a74c13db3842'::uuid, '53ce35a7-9dcf-4741-a4ed-872874daf829'::uuid, '<p><span style="color: rgb(63, 63, 63);">Trong giải thuật của nó có lời gọi tới chính nó nhưng với phạm vi lớn hơn</span></p>', '<p><span style="color: rgb(63, 63, 63);">Trong giải thuật của nó có lời gọi tới chính nó nhưng với phạm vi lớn hơn</span></p>', 0.00);
INSERT INTO public.answer_of_question
(id, question_id, feedback, answer, fraction)
VALUES('085c69a6-858c-4c79-aa19-2308f04844ce'::uuid, '53ce35a7-9dcf-4741-a4ed-872874daf829'::uuid, '<p><span style="color: rgb(63, 63, 63);">Trong giải thuật của nó có lời gọi tới chính nó nhưng với phạm vi nhỏ hơn</span></p>', '<p><span style="color: rgb(63, 63, 63);">Trong giải thuật của nó có lời gọi tới chính nó nhưng với phạm vi nhỏ hơn</span></p>', 1.00);
INSERT INTO public.answer_of_question
(id, question_id, feedback, answer, fraction)
VALUES('8b9b49af-f8da-4df7-b1dc-039dc7d94e2a'::uuid, '53ce35a7-9dcf-4741-a4ed-872874daf829'::uuid, '<p><span style="color: rgb(63, 63, 63);">Trong giải thuật của nó có lời gọi tới một giải thuật khác đã biết kết quả</span></p>', '<p><span style="color: rgb(63, 63, 63);">Trong giải thuật của nó có lời gọi tới một giải thuật khác đã biết kết quả</span></p>', 0.00);
INSERT INTO public.answer_of_question
(id, question_id, feedback, answer, fraction)
VALUES('ee0be7d0-c592-4e40-8bba-871b6c9f7272'::uuid, '0fe5d2ee-6892-4f62-a6e6-83284f2430bc'::uuid, '<p>FILO</p>', 'FILO', 1.00);
INSERT INTO public.answer_of_question
(id, question_id, feedback, answer, fraction)
VALUES('c791aa62-c177-45de-b015-44b0679654d2'::uuid, '513a7e58-00d0-450b-8f0d-78af23898b81'::uuid, 'Correct', 'true', 1.00);
INSERT INTO public.answer_of_question
(id, question_id, feedback, answer, fraction)
VALUES('80c171ab-25c9-4371-ae3d-f6de0b36c505'::uuid, '1168fba1-8391-4294-b1cb-2c108f96af1f'::uuid, 'Correct', 'true', 1.00);
INSERT INTO public.answer_of_question
(id, question_id, feedback, answer, fraction)
VALUES('b06ddec2-cbe0-4488-8cde-228c55e43a26'::uuid, 'c4b3219f-9d83-4497-ad15-d46772141bd5'::uuid, '<p>FIFO</p>', 'FIFO', 0.00);
INSERT INTO public.answer_of_question
(id, question_id, feedback, answer, fraction)
VALUES('022472ef-31ab-4876-8509-8f1108ae9dbb'::uuid, '29a71c20-290b-471d-acc8-4c5c929f96a8'::uuid, 'Correct', 'true', 1.00);
INSERT INTO public.answer_of_question
(id, question_id, feedback, answer, fraction)
VALUES('c85f2ef4-5cb6-4e4a-a8d0-01947ae1007e'::uuid, '1ca8c89a-1bd0-41b2-adf0-4f7b55f8b256'::uuid, 'Correct', 'true', 1.00);





