INSERT INTO public.user (id,email,dob,first_name,last_name,phone,address,avatar_url,created_at,updated_at,is_deleted) VALUES
	 ('9ba179ed-d26d-4828-a0f6-8836c2063992','nguyenquoctuan385@gmail.com','2002-05-29','Tuan','Nguyen Quoc','+8412365478',NULL,NULL,'2024-04-12 21:33:23.371836+07','2024-04-12 21:33:23.371836+07',false),
	 ('b029f559-52a8-4699-b595-71161498ed8c','dcthong852@gmail.com','2002-04-29','Thong','Duong','+8412365478',NULL,NULL,'2024-04-15 18:07:20.891115+07','2024-04-15 18:07:20.891115+07',false),
	 ('8c98e9e1-a9e7-49ee-b9fd-0cb5bd7814f7','nthoang852@gmail.com','2002-03-29','Hoang','Nguyen Thanh','+8412365478',NULL,NULL,'2024-04-15 18:07:41.151759+07','2024-04-15 18:07:41.151759+07',false),
	 ('39328bcf-8af6-44fc-9ae9-247f953ee2a2','ndqkhanh852@gmail.com','2002-03-29','Khanh','Nguyen Dinh','+8412365478',NULL,NULL,'2024-04-15 18:07:41.151759+07','2024-04-15 18:07:41.151759+07',false),
	 ('8edbc0aa-0b91-480e-a428-23abf2109df9','tgtien852@gmail.com','2002-03-29','Tien','Truong Gia','+8412365478',NULL,NULL,'2024-04-15 18:07:41.151759+07','2024-04-15 18:07:41.151759+07',false),
	 ('05dbdfde-1eae-47ba-8ebb-6c4cdc4f6510','dntien852@gmail.com','2002-03-29','Tien','Dang Ngoc','+8412365478',NULL,NULL,'2024-04-15 18:07:41.151759+07','2024-04-15 18:07:41.151759+07',false),
     ('64412e27-169e-44ea-a101-74ebf8cb82d9','kayonkiu@gmail.com','2002-03-29','Admin','User',NULL,NULL,NULL,'2024-06-04 19:54:23.636865+07','2024-06-04 19:54:23.637867+07', false),
	 ('cb2c22ac-87de-44e4-9638-35979f6af667','duongchithong2002@gmail.com','2002-03-29','Dương','Chí Thông',NULL,NULL,NULL,'2024-06-04 19:54:23.664571+07','2024-06-04 19:54:23.664571+07', false),
	 ('2d7ed5a0-fb21-4927-9a25-647c17d29668','dntienes@gmail.com','2002-03-29','Tiến','Đặng Ngọc','0993331110',NULL,NULL,'2024-06-04 19:54:23.690581+07','2024-06-04 19:54:23.690581+07', false);

INSERT INTO public."user" (id,email,dob,first_name,last_name,phone,address,avatar_url,created_at,updated_at,is_deleted) VALUES
	 ('2d3c1e66-1835-457f-93e9-265fe483feee','dt.ngocthw@gmail.com','2002-03-29','Thư','Ngọc',NULL,NULL,NULL,'2024-06-04 19:54:23.712124+07','2024-06-04 19:54:23.712124+07',false),
	 ('a9f5487e-c0b1-4fa4-b93a-6f16bde90583','ktpm4t@gmail.com','2002-03-29','giáo','vien',NULL,NULL,NULL,'2024-06-04 19:54:23.73386+07','2024-06-04 19:54:23.73386+07',false),
	 ('ca3040f2-e173-40a5-aab7-6ef15965ce43','truonggiatien123@gmail.com','2002-03-29','Trương','Gia Tiến',NULL,NULL,NULL,'2024-06-04 19:54:23.789748+07','2024-06-04 19:54:23.789748+07',false);

INSERT INTO public.topic(id, name, description, thumbnail_url, created_by, updated_by, is_single_programming_language)
VALUES
    ('d215b5f8-0249-4dc5-89a3-51fd148cfb92',
     'Learn C',
     'C is a fundamental programming language that''s ideal for beginners due to its simplicity and direct control over hardware. Learning C provides a strong foundation in computer science concepts and programming techniques.',
     'https://cdn.codechef.com/images/self-learning/icons/c.svg',
     '9ba179ed-d26d-4828-a0f6-8836c2063992',
     '9ba179ed-d26d-4828-a0f6-8836c2063992',
     true),
    ('d215b5f8-0249-4dc5-89a3-51fd148cfb93',
     'Learn C++',
     'C++ is a powerful, high-performance programming language that''s widely used in game development, system software, and scientific computing. It''s an extension of C with additional features like object-oriented programming.',
     'https://cdn.codechef.com/images/self-learning/icons/cpp.svg',
     '9ba179ed-d26d-4828-a0f6-8836c2063992',
     '9ba179ed-d26d-4828-a0f6-8836c2063992',
     true),
    ('9ba179ed-d26d-4828-a0f6-8836c2063992',
     'Learn Python',
     'Python is a versatile and user-friendly programming language known for its readability and efficiency. It''s widely used for web development, data analysis, artificial intelligence, and more.',
     'https://cdn.codechef.com/images/self-learning/icons/python.svg',
     '9ba179ed-d26d-4828-a0f6-8836c2063992',
     '9ba179ed-d26d-4828-a0f6-8836c2063992',
        true
    ),
    ('d215b5f8-0249-4dc5-89a3-51fd148cfb46',
     'Learn Java',
     'Java is a high-level, class-based, object-oriented programming language that is designed to have as few implementation dependencies as possible. It is a general-purpose programming language intended to let application developers write once, run anywhere (WORA), meaning that compiled Java code can run on all platforms that support Java without the need for recompilation.',
     'https://cdn.codechef.com/images/self-learning/icons/java.svg',
     '9ba179ed-d26d-4828-a0f6-8836c2063992',
     '9ba179ed-d26d-4828-a0f6-8836c2063992',
     true),
    ('d215b5f8-0249-4dc5-89a3-51fd148cfb47',
     'Learn JavaScript',
     'JavaScript is a programming language that conforms to the ECMAScript specification. JavaScript is high-level, often just-in-time compiled, and multi-paradigm. It has curly-bracket syntax, dynamic typing, prototype-based object-orientation, and first-class functions.',
     'https://logos-download.com/wp-content/uploads/2019/01/JavaScript_Logo.png',
     '9ba179ed-d26d-4828-a0f6-8836c2063992',
     '9ba179ed-d26d-4828-a0f6-8836c2063992',
     true),
    ('d215b5f8-0249-4dc5-89a3-51fd148cfb49',
     'Learn GO',
     'Go, also known as Golang, is a programming language created by Google, renowned for its simplicity and efficiency. It''s designed for building scalable and high-performance web applications and network servers. Go''s strong support for concurrency and its straightforward syntax make it popular for cloud computing and microservices.',
     'https://cdn.codechef.com/images/self-learning/icons/go.svg',
     '9ba179ed-d26d-4828-a0f6-8836c2063992',
     '9ba179ed-d26d-4828-a0f6-8836c2063992',
     true),
    ('d215b5f8-0249-4dc5-89a3-51fd148cfb48',
     'Data structures and Algorithms',
     'Explore the fundamental building blocks of computer science through our comprehensive courses on Data Structures and Algorithms. Gain a solid understanding of both theory and practical application.',
     'https://cdn.codechef.com/images/self-learning/icons/stacks-and-queues.svg',
     '9ba179ed-d26d-4828-a0f6-8836c2063992',
     '9ba179ed-d26d-4828-a0f6-8836c2063992',
     false);

INSERT INTO public.organization(id, description, name, created_at, updated_at, is_deleted)
VALUES
	 ('08b65a39-394f-4977-a5fa-3fe145b620f8','Moodle description','Moodle','2024-04-15 18:09:29.488151+07','2024-04-15 18:09:29.488151+07',false),
	 ('cb69c0bf-c454-4f15-be10-791f6749dac7','Moodle description','Moodle 2','2024-04-15 18:09:29.488151+07','2024-04-15 18:09:29.488151+07',false);

insert into programming_language (id, name, compiler_api_id, time_limit, memory_limit) values ('e268cd70-cf0d-46ce-8f69-ade9d3a955a2', 'Assembly (NASM 2.14.02)', 45, 2, 204800);
insert into programming_language (id, name, compiler_api_id, time_limit, memory_limit) values ('ec1a6b7b-7817-4241-bc8f-febce8d2770e', 'Bash (5.0.0)', 46, 2, 204800);
insert into programming_language (id, name, compiler_api_id, time_limit, memory_limit) values ('d6f8e702-0ab0-40cb-82b9-a7963bd1cf80', 'Basic (FBC 1.07.1)', 47, 2, 204800);
insert into programming_language (id, name, compiler_api_id, time_limit, memory_limit) values ('6b2f42e1-81e6-493b-9cc1-2436febc320e', 'C (Clang 7.0.1)', 75, 2, 204800);
insert into programming_language (id, name, compiler_api_id, time_limit, memory_limit) values ('8794526e-f528-4ffc-b98d-320812e79c6f', 'C++ (Clang 7.0.1)', 76, 2, 204800);
insert into programming_language (id, name, compiler_api_id, time_limit, memory_limit) values ('50e74d89-5742-4c21-b9e5-96a4766283fa', 'C (GCC 7.4.0)', 48, 2, 204800);
insert into programming_language (id, name, compiler_api_id, time_limit, memory_limit) values ('e6a880d8-f0b2-4c2d-b97d-a74d5bec87b3', 'C++ (GCC 7.4.0)', 52, 2, 204800);
insert into programming_language (id, name, compiler_api_id, time_limit, memory_limit) values ('fb38c7b8-d50a-4980-95de-6a50a49ecc5d', 'C (GCC 8.3.0)', 49, 2, 204800);
insert into programming_language (id, name, compiler_api_id, time_limit, memory_limit) values ('aed9a00b-6a4b-4534-b85e-4981097d61de', 'C++ (GCC 8.3.0)', 53, 2, 204800);
insert into programming_language (id, name, compiler_api_id, time_limit, memory_limit) values ('5f11cfd5-4358-4e8e-b28a-9c53beb014ad', 'C (GCC 9.2.0)', 50, 2, 204800);
insert into programming_language (id, name, compiler_api_id, time_limit, memory_limit) values ('cba00cd8-8114-4bc4-84e6-499c27467978', 'C++ (GCC 9.2.0)', 54, 2, 204800);
insert into programming_language (id, name, compiler_api_id, time_limit, memory_limit) values ('875a7edb-f310-4a15-89f0-7ca9fc8ce028', 'Clojure (1.10.1)', 86, 2, 204800);
insert into programming_language (id, name, compiler_api_id, time_limit, memory_limit) values ('70614628-fc54-4620-b9b9-81b918cae732', 'C# (Mono 6.6.0.161)', 51, 2, 204800);
insert into programming_language (id, name, compiler_api_id, time_limit, memory_limit) values ('f6dd240a-b9c5-4ab6-b977-105136f75907', 'COBOL (GnuCOBOL 2.2)', 77, 2, 204800);
insert into programming_language (id, name, compiler_api_id, time_limit, memory_limit) values ('8c37b8a9-c6de-4db1-9638-b3633e44f5a5', 'Common Lisp (SBCL 2.0.0)', 55, 2, 204800);
insert into programming_language (id, name, compiler_api_id, time_limit, memory_limit) values ('833c5b34-acc6-4e4c-8e37-3c806538924f', 'D (DMD 2.089.1)', 56, 2, 204800);
insert into programming_language (id, name, compiler_api_id, time_limit, memory_limit) values ('aa81ebed-79f2-4a9e-b45f-5406b45889b3', 'Elixir (1.9.4)', 57, 2, 204800);
insert into programming_language (id, name, compiler_api_id, time_limit, memory_limit) values ('59c636af-82c5-45f3-b2c6-5c47067f5462', 'Erlang (OTP 22.2)', 58, 2, 204800);
insert into programming_language (id, name, compiler_api_id, time_limit, memory_limit) values ('bd5d2b87-da1d-4be9-be0b-3a9dcdbf8849', 'Executable', 44, 2, 204800);
insert into programming_language (id, name, compiler_api_id, time_limit, memory_limit) values ('5ab21579-2a25-4d63-83c6-032ba4f66518', 'F# (.NET Core SDK 3.1.202)', 87, 2, 204800);
insert into programming_language (id, name, compiler_api_id, time_limit, memory_limit) values ('9cc1ba4a-f325-4767-8d3d-e2808f82cd76', 'Fortran (GFortran 9.2.0)', 59, 2, 204800);
insert into programming_language (id, name, compiler_api_id, time_limit, memory_limit) values ('e68c5866-1435-4958-bafe-ad901ee75c8d', 'Go (1.13.5)', 60, 2, 204800);
insert into programming_language (id, name, compiler_api_id, time_limit, memory_limit) values ('3fa9d570-86d1-41c0-8044-981bfe4636b4', 'Groovy (3.0.3)', 88, 2, 204800);
insert into programming_language (id, name, compiler_api_id, time_limit, memory_limit) values ('0b50bbe2-582e-4582-a51b-2b2ac4212420', 'Haskell (GHC 8.8.1)', 61, 2, 204800);
insert into programming_language (id, name, compiler_api_id, time_limit, memory_limit) values ('c95d5c7d-cadf-42cc-afdc-968211ae3720', 'Java (OpenJDK 13.0.1)', 62, 2, 204800);
insert into programming_language (id, name, compiler_api_id, time_limit, memory_limit) values ('cc69d904-ba4e-44fb-a0b5-8170e30bac39', 'JavaScript (Node.js 12.14.0)', 63, 2, 204800);
insert into programming_language (id, name, compiler_api_id, time_limit, memory_limit) values ('a48c0969-16bb-4d8a-a611-751b48f72454', 'Kotlin (1.3.70)', 78, 2, 204800);
insert into programming_language (id, name, compiler_api_id, time_limit, memory_limit) values ('794665fa-0c05-4f48-9255-68bf5bb84685', 'Lua (5.3.5)', 64, 2, 204800);
insert into programming_language (id, name, compiler_api_id, time_limit, memory_limit) values ('54ba8969-a91a-4863-a634-87aef2c43148', 'Multi-file program', 89, 2, 204800);
insert into programming_language (id, name, compiler_api_id, time_limit, memory_limit) values ('5effd41c-97f4-4843-b6c0-ee1790cb8502', 'Objective-C (Clang 7.0.1)', 79, 2, 204800);
insert into programming_language (id, name, compiler_api_id, time_limit, memory_limit) values ('d00b24db-44a5-49c2-99ea-d7c832199c9d', 'OCaml (4.09.0)', 65, 2, 204800);
insert into programming_language (id, name, compiler_api_id, time_limit, memory_limit) values ('df127469-95be-4de7-aebe-7852608d4066', 'Octave (5.1.0)', 66, 2, 204800);
insert into programming_language (id, name, compiler_api_id, time_limit, memory_limit) values ('87426e80-200c-4fcc-8df4-388307419247', 'Pascal (FPC 3.0.4)', 67, 2, 204800);
insert into programming_language (id, name, compiler_api_id, time_limit, memory_limit) values ('0b79d359-f4b5-4ede-aa55-7a6eb8f0a4a8', 'Perl (5.28.1)', 85, 2, 204800);
insert into programming_language (id, name, compiler_api_id, time_limit, memory_limit) values ('9c84c818-6931-4309-b669-9631d6363118', 'PHP (7.4.1)', 68, 2, 204800);
insert into programming_language (id, name, compiler_api_id, time_limit, memory_limit) values ('4183d72e-a4fe-4c76-9e61-5fb42afad43b', 'Plain Text', 43, 2, 204800);
insert into programming_language (id, name, compiler_api_id, time_limit, memory_limit) values ('dae1111e-87a6-47c5-bae1-d62e8bd4dd10', 'Prolog (GNU Prolog 1.4.5)', 69, 2, 204800);
insert into programming_language (id, name, compiler_api_id, time_limit, memory_limit) values ('5413d5e9-5513-4e86-b585-b4f9149bc692', 'Python (2.7.17)', 70, 2, 204800);
insert into programming_language (id, name, compiler_api_id, time_limit, memory_limit) values ('d27a8b36-83fd-450d-a7c3-bf3eef7b1468', 'Python (3.8.1)', 71, 2, 204800);
insert into programming_language (id, name, compiler_api_id, time_limit, memory_limit) values ('eb1526bd-6dbc-4512-81ee-60b38af78669', 'R (4.0.0)', 80, 2, 204800);
insert into programming_language (id, name, compiler_api_id, time_limit, memory_limit) values ('39b33107-a91d-47e2-af0b-cfec36dd1f6f', 'Ruby (2.7.0)', 72, 2, 204800);
insert into programming_language (id, name, compiler_api_id, time_limit, memory_limit) values ('cac1604f-a42d-4c27-92c1-45da338220e2', 'Rust (1.40.0)', 73, 2, 204800);
insert into programming_language (id, name, compiler_api_id, time_limit, memory_limit) values ('acf4fa1d-35e8-41ee-b174-8f485a35b25f', 'Scala (2.13.2)', 81, 2, 204800);
insert into programming_language (id, name, compiler_api_id, time_limit, memory_limit) values ('959eb798-748b-4d49-a0d9-7580bf679e07', 'SQL (SQLite 3.27.2)', 82, 2, 204800);
insert into programming_language (id, name, compiler_api_id, time_limit, memory_limit) values ('5122684e-b577-40ef-a25a-7cc6b9f19088', 'Swift (5.2.3)', 83, 2, 204800);
insert into programming_language (id, name, compiler_api_id, time_limit, memory_limit) values ('574bebfa-640b-4836-9920-9686123cf324', 'TypeScript (3.7.4)', 74, 2, 204800);
insert into programming_language (id, name, compiler_api_id, time_limit, memory_limit) values ('c2812b53-059f-43cb-8e9b-966246a79567', 'Visual Basic.Net (vbnc 0.0.0.5943)', 84, 2, 204800);

INSERT INTO public.topic_programming_language(topic_id, programming_language_id)
VALUES
    ('9ba179ed-d26d-4828-a0f6-8836c2063992', 'd27a8b36-83fd-450d-a7c3-bf3eef7b1468'),
    ('d215b5f8-0249-4dc5-89a3-51fd148cfb92', 'c95d5c7d-cadf-42cc-afdc-968211ae3720'),
    ('d215b5f8-0249-4dc5-89a3-51fd148cfb46', 'c95d5c7d-cadf-42cc-afdc-968211ae3720'),
    ('d215b5f8-0249-4dc5-89a3-51fd148cfb47', 'c95d5c7d-cadf-42cc-afdc-968211ae3720'),
    ('d215b5f8-0249-4dc5-89a3-51fd148cfb48', 'c95d5c7d-cadf-42cc-afdc-968211ae3720'),
    ('d215b5f8-0249-4dc5-89a3-51fd148cfb48', 'd27a8b36-83fd-450d-a7c3-bf3eef7b1468'),
    ('d215b5f8-0249-4dc5-89a3-51fd148cfb48', 'cc69d904-ba4e-44fb-a0b5-8170e30bac39'),
    ('d215b5f8-0249-4dc5-89a3-51fd148cfb49', 'c95d5c7d-cadf-42cc-afdc-968211ae3720');

INSERT INTO public.question(id, org_id, difficulty, name, question_text, general_feedback, default_mark, qtype, created_by, updated_by, copy_state)
VALUES
    ('b6484e21-6937-489c-b031-b71767994233', NULL, 'EASY', 'Question Handle', 'Question Wire Text', 'Question Gold feedback', 1, 'ESSAY', '9ba179ed-d26d-4828-a0f6-8836c2063992', '9ba179ed-d26d-4828-a0f6-8836c2063992', 'CREATED'),
    ('b6484e21-6937-489c-b031-b71767994132', NULL, 'MEDIUM', 'Question hihi', 'Question Wow Text', 'Question Amazing feedback', 1, 'SHORT_ANSWER', '9ba179ed-d26d-4828-a0f6-8836c2063992', '9ba179ed-d26d-4828-a0f6-8836c2063992', 'CREATED'),
    ('b6484e21-6937-489c-b031-b71767994735', NULL, 'HARD', 'Question haha', 'Question Speaker Text', 'Good Job', 1, 'MULTIPLE_CHOICE', '9ba179ed-d26d-4828-a0f6-8836c2063992', '9ba179ed-d26d-4828-a0f6-8836c2063992', 'CREATED'),
    ('b6484e21-6937-489c-b031-b71767994752', NULL, 'MEDIUM', 'K Divisible Elements Subarrays', 'Question Wow Text', 'Question Amazing feedback', 1, 'SHORT_ANSWER', '9ba179ed-d26d-4828-a0f6-8836c2063992', '9ba179ed-d26d-4828-a0f6-8836c2063992', 'CREATED'),
    ('b6484e21-6937-489c-b031-b71767994753', NULL, 'HARD', 'Total Appeal of A String', 'Question Speaker Text', 'Good Job', 1, 'MULTIPLE_CHOICE', '9ba179ed-d26d-4828-a0f6-8836c2063992', '9ba179ed-d26d-4828-a0f6-8836c2063992', 'CREATED'),
    ('b6484e21-6937-489c-b031-b71767994751', NULL, 'EASY', 'Minimum Consecutive Cards to Pick Up', 'Question Wire Text', 'Question Gold feedback', 1, 'ESSAY', '9ba179ed-d26d-4828-a0f6-8836c2063992', '9ba179ed-d26d-4828-a0f6-8836c2063992', 'CREATED'),

    --    Questions with qtype CODE
    --1
    ('b6484e21-6937-489c-b031-b71767994221', NULL, 'EASY', 'Sum of two integer', E'<div class="elfjS" data-track-load="description_content"><p>Given two integer number A and B.</p><p>Calculate the sum of A and B.</p><p>&nbsp;</p><p><strong class="example">Example 1:</strong></p><pre>\nInput:\n1\n1\nOutput: 2\n</pre><p><strong class="example">Example 2:</strong></p><pre>\nInput:\n13\n10\nOutput: 23 \n</pre><p>&nbsp;</p></div>', 'Good Job', 1, 'CODE', '9ba179ed-d26d-4828-a0f6-8836c2063992', '9ba179ed-d26d-4828-a0f6-8836c2063992', 'CREATED'),
    --2
    ('b6484e21-6937-489c-b031-b71767994736', NULL, 'EASY', 'Sum of an array', E'<p>Write a function that takes an array of numbers as input and returns the sum of all the elements in the array.</p><blockquote>Example:</blockquote><pre class=\"ql-syntax\" spellcheck=\"false\"> Input:\r\n 3\r\n 1 2 3\r\n Output: 6    \r\n</pre><p><br></p>', 'Good Job', 1, 'CODE', '9ba179ed-d26d-4828-a0f6-8836c2063992', '9ba179ed-d26d-4828-a0f6-8836c2063992', 'CREATED'),
    --3
    ('b6484e21-6937-489c-b031-b71767994737', NULL, 'EASY', 'FizzBuzz', E'<p>Write a program that prints the numbers from 1 to n. But for multiples of three, print \"Fizz\" instead of the number, and for the multiples of five, print \"Buzz\". For numbers that are multiples of both three and five, print \"FizzBuzz\".</p><p>Example:</p><pre class=\"ql-syntax\" spellcheck=\"false\">Input: 15\r\nOutput:\r\n1 2 Fizz 4 Buzz Fizz 7 8 Fizz Buzz 11 Fizz 13 14 FizzBuzz\r\n</pre>', 'Good Job', 1, 'CODE', '9ba179ed-d26d-4828-a0f6-8836c2063992', '9ba179ed-d26d-4828-a0f6-8836c2063992', 'CREATED'),
    --4
    ('b6484e21-6937-489c-b031-b71767994738', NULL, 'MEDIUM', 'Robber', E'<p>You are given a list of non-negative integers representing the amount of money of each house in a row of houses. Each house has a certain amount of money stashed, but you cannot rob two adjacent houses at the same time because the police will be alerted. Your task is to determine the maximum amount of money you can rob tonight without alerting the police.</p><p>Example 1:</p><pre class=\"ql-syntax\" spellcheck=\"false\">Input: \r\n4\r\n1 2 3 1\r\nOutput: 4\r\nExplanation: Rob house 1 (money = 1) and then rob house 3 (money = 3). Total amount = 1 + 3 = 4.\r\n</pre>', 'Good Job', 1, 'CODE', '9ba179ed-d26d-4828-a0f6-8836c2063992', '9ba179ed-d26d-4828-a0f6-8836c2063992', 'CREATED'),
    --5
    ('b6484e21-6937-489c-b031-b71767994739', NULL, 'MEDIUM', 'Three sum closest', E'<p>You are given an array <code>nums</code> of integers. Write a function to find three numbers in <code>nums</code> such that the sum is closest to a given target <code>target</code>. Return the sum of the three integers. You may assume that each input would have exactly one solution.</p><p>Example:</p><pre class=\"ql-syntax\" spellcheck=\"false\">Input:\r\n4\r\n-1 2 1 -4\r\n1\r\nOutput: 2\r\nExplanation: The sum that is closest to the target is 2. (-1 + 2 + 1 = 2).\r\n</pre>', 'Good Job', 1, 'CODE', '9ba179ed-d26d-4828-a0f6-8836c2063992', '9ba179ed-d26d-4828-a0f6-8836c2063992', 'CREATED'),
    --6
    ('b6484e21-6937-489c-b031-b71767994740', NULL, 'EASY', 'List divisor', E'<p>List all divisor of number <code>n</code></p><p>Example:</p><pre class=\"ql-syntax\" spellcheck=\"false\">Input:\n10\nOutput:\n1 2 5 10\n</pre>', 'Good Job', 1, 'CODE', '9ba179ed-d26d-4828-a0f6-8836c2063992', '9ba179ed-d26d-4828-a0f6-8836c2063992', 'CREATED'),
    --7
    ('b6484e21-6937-489c-b031-b71767994741', NULL, 'EASY', 'List odd divisor', E'<p>List all odd divisor of number <code>n</code></p><p>Example:</p><pre class=\"ql-syntax\" spellcheck=\"false\">Input: 9\nOutput:\n1, 3, 9\n</pre>', 'Good Job', 1, 'CODE', '9ba179ed-d26d-4828-a0f6-8836c2063992', '9ba179ed-d26d-4828-a0f6-8836c2063992', 'CREATED'),
    ('b6484e21-6937-489c-b031-b71767994742', NULL, 'EASY', 'Entirely odd digit', E'<p>Check if the positive integer <code>n</code> consists entirely of odd digits.</p><p>Example:</p><pre class=\"ql-syntax\" spellcheck=\"false\">Input:\n11\nOutput:\ntrue\n</pre>', 'Good Job', 1, 'CODE', '9ba179ed-d26d-4828-a0f6-8836c2063992', '9ba179ed-d26d-4828-a0f6-8836c2063992', 'CREATED'),
    ('b6484e21-6937-489c-b031-b71767994743', NULL, 'MEDIUM', 'Palindrome integer', E'<p>Check if the positive integer n is a palindrome or not</p><p>Example:</p><pre class=\"ql-syntax\" spellcheck=\"false\">Input:\n11\nOutput:\ntrue\n</pre>', 'Good Job', 1, 'CODE', '9ba179ed-d26d-4828-a0f6-8836c2063992', '9ba179ed-d26d-4828-a0f6-8836c2063992', 'CREATED'),
    ('b6484e21-6937-489c-b031-b71767994744', NULL, 'MEDIUM', 'Finding maximum sum k less than n', E'<p>Given <code>n</code> is a positive integer. Find the largest positive integer <code>k</code> such that S(k)&lt;n, where S(k) is defined as follows: S(k)=1+2+3+…+k.</p><p>Example:</p><pre class=\"ql-syntax\" spellcheck=\"false\">Input:\n15\nOutput:\n4\n</pre>', 'Good Job', 1, 'CODE', '9ba179ed-d26d-4828-a0f6-8836c2063992', '9ba179ed-d26d-4828-a0f6-8836c2063992', 'CREATED'),
    ('b6484e21-6937-489c-b031-b71767994745', NULL, 'MEDIUM', 'Check 2^k', E'<p>Check if a 4-byte integer is of the form 2^k</p><p>Example:</p><pre class=\"ql-syntax\" spellcheck=\"false\">Input:\n4\nOutput:\ntrue\n</pre>', 'Good Job', 1, 'CODE', '9ba179ed-d26d-4828-a0f6-8836c2063992', '9ba179ed-d26d-4828-a0f6-8836c2063992', 'CREATED'),
    ('b6484e21-6937-489c-b031-b71767994746', NULL, 'MEDIUM', 'Check 3^k', E'<p>Check if a 4-byte integer is of the form 3^k</p><p>Example:</p><pre class=\"ql-syntax\" spellcheck=\"false\">Input:\n4\nOutput:\nfalse\n</pre>', 'Good Job', 1, 'CODE', '9ba179ed-d26d-4828-a0f6-8836c2063992', '9ba179ed-d26d-4828-a0f6-8836c2063992', 'CREATED'),
    ('b6484e21-6937-489c-b031-b71767994747', NULL, 'MEDIUM', 'Calculate S(n, x) with Summation and Exponential Series', E'<p>Calculate&nbsp;<span class=\"ql-formula\" data-value=\"S(n, x) = x + \\frac{x^2}{1 + 2} + \\frac{x^3}{1 + 2 + 3} + \\cdots + \\frac{x^n}{1 + 2 + 3 + \\cdots + n}\">﻿<span contenteditable=\"false\"><span class=\"katex\"><span class=\"katex-mathml\"><math xmlns=\"http://www.w3.org/1998/Math/MathML\"><semantics><mrow><mi>S</mi><mo stretchy=\"false\">(</mo><mi>n</mi><mo separator=\"true\">,</mo><mi>x</mi><mo stretchy=\"false\">)</mo><mo>=</mo><mi>x</mi><mo>+</mo><mfrac><msup><mi>x</mi><mn>2</mn></msup><mrow><mn>1</mn><mo>+</mo><mn>2</mn></mrow></mfrac><mo>+</mo><mfrac><msup><mi>x</mi><mn>3</mn></msup><mrow><mn>1</mn><mo>+</mo><mn>2</mn><mo>+</mo><mn>3</mn></mrow></mfrac><mo>+</mo><mo>⋯</mo><mo>+</mo><mfrac><msup><mi>x</mi><mi>n</mi></msup><mrow><mn>1</mn><mo>+</mo><mn>2</mn><mo>+</mo><mn>3</mn><mo>+</mo><mo>⋯</mo><mo>+</mo><mi>n</mi></mrow></mfrac></mrow><annotation encoding=\"application/x-tex\">S(n, x) = x + \\frac{x^2}{1 + 2} + \\frac{x^3}{1 + 2 + 3} + \\cdots + \\frac{x^n}{1 + 2 + 3 + \\cdots + n}</annotation></semantics></math></span><span class=\"katex-html\" aria-hidden=\"true\"><span class=\"base\"><span class=\"strut\" style=\"height: 1em; vertical-align: -0.25em;\"></span><span class=\"mord mathnormal\" style=\"margin-right: 0.0576em;\">S</span><span class=\"mopen\">(</span><span class=\"mord mathnormal\">n</span><span class=\"mpunct\">,</span><span class=\"mspace\" style=\"margin-right: 0.1667em;\"></span><span class=\"mord mathnormal\">x</span><span class=\"mclose\">)</span><span class=\"mspace\" style=\"margin-right: 0.2778em;\"></span><span class=\"mrel\">=</span><span class=\"mspace\" style=\"margin-right: 0.2778em;\"></span></span><span class=\"base\"><span class=\"strut\" style=\"height: 0.6667em; vertical-align: -0.0833em;\"></span><span class=\"mord mathnormal\">x</span><span class=\"mspace\" style=\"margin-right: 0.2222em;\"></span><span class=\"mbin\">+</span><span class=\"mspace\" style=\"margin-right: 0.2222em;\"></span></span><span class=\"base\"><span class=\"strut\" style=\"height: 1.4213em; vertical-align: -0.4033em;\"></span><span class=\"mord\"><span class=\"mopen nulldelimiter\"></span><span class=\"mfrac\"><span class=\"vlist-t vlist-t2\"><span class=\"vlist-r\"><span class=\"vlist\" style=\"height: 1.0179em;\"><span class=\"\" style=\"top: -2.655em;\"><span class=\"pstrut\" style=\"height: 3em;\"></span><span class=\"sizing reset-size6 size3 mtight\"><span class=\"mord mtight\"><span class=\"mord mtight\">1</span><span class=\"mbin mtight\">+</span><span class=\"mord mtight\">2</span></span></span></span><span class=\"\" style=\"top: -3.23em;\"><span class=\"pstrut\" style=\"height: 3em;\"></span><span class=\"frac-line\" style=\"border-bottom-width: 0.04em;\"></span></span><span class=\"\" style=\"top: -3.394em;\"><span class=\"pstrut\" style=\"height: 3em;\"></span><span class=\"sizing reset-size6 size3 mtight\"><span class=\"mord mtight\"><span class=\"mord mtight\"><span class=\"mord mathnormal mtight\">x</span><span class=\"msupsub\"><span class=\"vlist-t\"><span class=\"vlist-r\"><span class=\"vlist\" style=\"height: 0.8913em;\"><span class=\"\" style=\"top: -2.931em; margin-right: 0.0714em;\"><span class=\"pstrut\" style=\"height: 2.5em;\"></span><span class=\"sizing reset-size3 size1 mtight\"><span class=\"mord mtight\">2</span></span></span></span></span></span></span></span></span></span></span></span><span class=\"vlist-s\">​</span></span><span class=\"vlist-r\"><span class=\"vlist\" style=\"height: 0.4033em;\"><span class=\"\"></span></span></span></span></span><span class=\"mclose nulldelimiter\"></span></span><span class=\"mspace\" style=\"margin-right: 0.2222em;\"></span><span class=\"mbin\">+</span><span class=\"mspace\" style=\"margin-right: 0.2222em;\"></span></span><span class=\"base\"><span class=\"strut\" style=\"height: 1.4213em; vertical-align: -0.4033em;\"></span><span class=\"mord\"><span class=\"mopen nulldelimiter\"></span><span class=\"mfrac\"><span class=\"vlist-t vlist-t2\"><span class=\"vlist-r\"><span class=\"vlist\" style=\"height: 1.0179em;\"><span class=\"\" style=\"top: -2.655em;\"><span class=\"pstrut\" style=\"height: 3em;\"></span><span class=\"sizing reset-size6 size3 mtight\"><span class=\"mord mtight\"><span class=\"mord mtight\">1</span><span class=\"mbin mtight\">+</span><span class=\"mord mtight\">2</span><span class=\"mbin mtight\">+</span><span class=\"mord mtight\">3</span></span></span></span><span class=\"\" style=\"top: -3.23em;\"><span class=\"pstrut\" style=\"height: 3em;\"></span><span class=\"frac-line\" style=\"border-bottom-width: 0.04em;\"></span></span><span class=\"\" style=\"top: -3.394em;\"><span class=\"pstrut\" style=\"height: 3em;\"></span><span class=\"sizing reset-size6 size3 mtight\"><span class=\"mord mtight\"><span class=\"mord mtight\"><span class=\"mord mathnormal mtight\">x</span><span class=\"msupsub\"><span class=\"vlist-t\"><span class=\"vlist-r\"><span class=\"vlist\" style=\"height: 0.8913em;\"><span class=\"\" style=\"top: -2.931em; margin-right: 0.0714em;\"><span class=\"pstrut\" style=\"height: 2.5em;\"></span><span class=\"sizing reset-size3 size1 mtight\"><span class=\"mord mtight\">3</span></span></span></span></span></span></span></span></span></span></span></span><span class=\"vlist-s\">​</span></span><span class=\"vlist-r\"><span class=\"vlist\" style=\"height: 0.4033em;\"><span class=\"\"></span></span></span></span></span><span class=\"mclose nulldelimiter\"></span></span><span class=\"mspace\" style=\"margin-right: 0.2222em;\"></span><span class=\"mbin\">+</span><span class=\"mspace\" style=\"margin-right: 0.2222em;\"></span></span><span class=\"base\"><span class=\"strut\" style=\"height: 0.6667em; vertical-align: -0.0833em;\"></span><span class=\"minner\">⋯</span><span class=\"mspace\" style=\"margin-right: 0.2222em;\"></span><span class=\"mbin\">+</span><span class=\"mspace\" style=\"margin-right: 0.2222em;\"></span></span><span class=\"base\"><span class=\"strut\" style=\"height: 1.3143em; vertical-align: -0.4033em;\"></span><span class=\"mord\"><span class=\"mopen nulldelimiter\"></span><span class=\"mfrac\"><span class=\"vlist-t vlist-t2\"><span class=\"vlist-r\"><span class=\"vlist\" style=\"height: 0.911em;\"><span class=\"\" style=\"top: -2.655em;\"><span class=\"pstrut\" style=\"height: 3em;\"></span><span class=\"sizing reset-size6 size3 mtight\"><span class=\"mord mtight\"><span class=\"mord mtight\">1</span><span class=\"mbin mtight\">+</span><span class=\"mord mtight\">2</span><span class=\"mbin mtight\">+</span><span class=\"mord mtight\">3</span><span class=\"mbin mtight\">+</span><span class=\"minner mtight\">⋯</span><span class=\"mbin mtight\">+</span><span class=\"mord mathnormal mtight\">n</span></span></span></span><span class=\"\" style=\"top: -3.23em;\"><span class=\"pstrut\" style=\"height: 3em;\"></span><span class=\"frac-line\" style=\"border-bottom-width: 0.04em;\"></span></span><span class=\"\" style=\"top: -3.394em;\"><span class=\"pstrut\" style=\"height: 3em;\"></span><span class=\"sizing reset-size6 size3 mtight\"><span class=\"mord mtight\"><span class=\"mord mtight\"><span class=\"mord mathnormal mtight\">x</span><span class=\"msupsub\"><span class=\"vlist-t\"><span class=\"vlist-r\"><span class=\"vlist\" style=\"height: 0.7385em;\"><span class=\"\" style=\"top: -2.931em; margin-right: 0.0714em;\"><span class=\"pstrut\" style=\"height: 2.5em;\"></span><span class=\"sizing reset-size3 size1 mtight\"><span class=\"mord mathnormal mtight\">n</span></span></span></span></span></span></span></span></span></span></span></span><span class=\"vlist-s\">​</span></span><span class=\"vlist-r\"><span class=\"vlist\" style=\"height: 0.4033em;\"><span class=\"\"></span></span></span></span></span><span class=\"mclose nulldelimiter\"></span></span></span></span></span></span>﻿</span> , rounded to three decimal places.</p><p>Example:</p><pre class=\"ql-syntax\" spellcheck=\"false\">Input:\n2 1.5\nOutput:\n2.250\n</pre>', 'Good Job', 1, 'CODE', '9ba179ed-d26d-4828-a0f6-8836c2063992', '9ba179ed-d26d-4828-a0f6-8836c2063992', 'CREATED'),
    ('b6484e21-6937-489c-b031-b71767994748', NULL, 'EASY', 'Check square number', 'Given an integer number n, check if it is a square number', 'Good Job', 1, 'CODE', '9ba179ed-d26d-4828-a0f6-8836c2063992', '9ba179ed-d26d-4828-a0f6-8836c2063992', 'CREATED'),
    ('b6484e21-6937-489c-b031-b71767994749', NULL, 'EASY', 'Find the nax number from the set of float number a, b, c', 'A line with three number separated by a space character', 'Good Job', 1, 'CODE', '9ba179ed-d26d-4828-a0f6-8836c2063992', '9ba179ed-d26d-4828-a0f6-8836c2063992', 'CREATED'),
    ('b6484e21-6937-489c-b031-b71767994750', NULL, 'EASY', 'Same sign number', 'Check if Two Real Numbers Have the Same Sign', 'Good Job', 1, 'CODE', '9ba179ed-d26d-4828-a0f6-8836c2063992', '9ba179ed-d26d-4828-a0f6-8836c2063992', 'CREATED'),
    ('b6484e21-6937-489c-b031-b71767994754', NULL, 'MEDIUM', 'Solve ax+b=0', E'<p>Write a program to solve the linear equation <span class=\"ql-formula\" data-value=\"ax + b = 0\">﻿<span contenteditable=\"false\"><span class=\"katex\"><span class=\"katex-mathml\"><math xmlns=\"http://www.w3.org/1998/Math/MathML\"><semantics><mrow><mi>a</mi><mi>x</mi><mo>+</mo><mi>b</mi><mo>=</mo><mn>0</mn></mrow><annotation encoding=\"application/x-tex\">ax + b = 0</annotation></semantics></math></span><span class=\"katex-html\" aria-hidden=\"true\"><span class=\"base\"><span class=\"strut\" style=\"height: 0.6667em; vertical-align: -0.0833em;\"></span><span class=\"mord mathnormal\">a</span><span class=\"mord mathnormal\">x</span><span class=\"mspace\" style=\"margin-right: 0.2222em;\"></span><span class=\"mbin\">+</span><span class=\"mspace\" style=\"margin-right: 0.2222em;\"></span></span><span class=\"base\"><span class=\"strut\" style=\"height: 0.6944em;\"></span><span class=\"mord mathnormal\">b</span><span class=\"mspace\" style=\"margin-right: 0.2778em;\"></span><span class=\"mrel\">=</span><span class=\"mspace\" style=\"margin-right: 0.2778em;\"></span></span><span class=\"base\"><span class=\"strut\" style=\"height: 0.6444em;\"></span><span class=\"mord\">0</span></span></span></span></span>﻿</span> </p><p>Example 1:</p><pre class=\"ql-syntax\" spellcheck=\"false\">Input: \n0 0\nOutput:\nInfinite solutions\n</pre><p>Example 2:</p><pre class=\"ql-syntax\" spellcheck=\"false\">Input:\n0 5\nOutput:\nNo solution\n</pre><p>Example 3:</p><pre class=\"ql-syntax\" spellcheck=\"false\">Input:\n3 0\nOutput:\n0\n</pre>', 'Good Job', 1, 'CODE', '9ba179ed-d26d-4828-a0f6-8836c2063992', '9ba179ed-d26d-4828-a0f6-8836c2063992', 'CREATED'),
    ('b6484e21-6937-489c-b031-b71767994755', NULL, 'EASY', 'Determine the Quarter of a Given Month', E'<p>Input a month of a year. Determine which quarter the month belongs to</p><p>Example:</p><pre class=\"ql-syntax\" spellcheck=\"false\">Input:\n1\nOutput:\nQuarter 1\n</pre>', 'Good Job', 1, 'CODE', '9ba179ed-d26d-4828-a0f6-8836c2063992', '9ba179ed-d26d-4828-a0f6-8836c2063992', 'CREATED'),
    ('b6484e21-6937-489c-b031-b71767994756', NULL, 'EASY', 'Calculate sum of cubes', E'<p>Calculate <span class=\"ql-formula\" data-value=\"S(n) = 1^3 + 2^3 + \\ldots + n^3\">﻿<span contenteditable=\"false\"><span class=\"katex\"><span class=\"katex-mathml\"><math xmlns=\"http://www.w3.org/1998/Math/MathML\"><semantics><mrow><mi>S</mi><mo stretchy=\"false\">(</mo><mi>n</mi><mo stretchy=\"false\">)</mo><mo>=</mo><msup><mn>1</mn><mn>3</mn></msup><mo>+</mo><msup><mn>2</mn><mn>3</mn></msup><mo>+</mo><mo>…</mo><mo>+</mo><msup><mi>n</mi><mn>3</mn></msup></mrow><annotation encoding=\"application/x-tex\">S(n) = 1^3 + 2^3 + \\ldots + n^3</annotation></semantics></math></span><span class=\"katex-html\" aria-hidden=\"true\"><span class=\"base\"><span class=\"strut\" style=\"height: 1em; vertical-align: -0.25em;\"></span><span class=\"mord mathnormal\" style=\"margin-right: 0.0576em;\">S</span><span class=\"mopen\">(</span><span class=\"mord mathnormal\">n</span><span class=\"mclose\">)</span><span class=\"mspace\" style=\"margin-right: 0.2778em;\"></span><span class=\"mrel\">=</span><span class=\"mspace\" style=\"margin-right: 0.2778em;\"></span></span><span class=\"base\"><span class=\"strut\" style=\"height: 0.8974em; vertical-align: -0.0833em;\"></span><span class=\"mord\"><span class=\"mord\">1</span><span class=\"msupsub\"><span class=\"vlist-t\"><span class=\"vlist-r\"><span class=\"vlist\" style=\"height: 0.8141em;\"><span class=\"\" style=\"top: -3.063em; margin-right: 0.05em;\"><span class=\"pstrut\" style=\"height: 2.7em;\"></span><span class=\"sizing reset-size6 size3 mtight\"><span class=\"mord mtight\">3</span></span></span></span></span></span></span></span><span class=\"mspace\" style=\"margin-right: 0.2222em;\"></span><span class=\"mbin\">+</span><span class=\"mspace\" style=\"margin-right: 0.2222em;\"></span></span><span class=\"base\"><span class=\"strut\" style=\"height: 0.8974em; vertical-align: -0.0833em;\"></span><span class=\"mord\"><span class=\"mord\">2</span><span class=\"msupsub\"><span class=\"vlist-t\"><span class=\"vlist-r\"><span class=\"vlist\" style=\"height: 0.8141em;\"><span class=\"\" style=\"top: -3.063em; margin-right: 0.05em;\"><span class=\"pstrut\" style=\"height: 2.7em;\"></span><span class=\"sizing reset-size6 size3 mtight\"><span class=\"mord mtight\">3</span></span></span></span></span></span></span></span><span class=\"mspace\" style=\"margin-right: 0.2222em;\"></span><span class=\"mbin\">+</span><span class=\"mspace\" style=\"margin-right: 0.2222em;\"></span></span><span class=\"base\"><span class=\"strut\" style=\"height: 0.6667em; vertical-align: -0.0833em;\"></span><span class=\"minner\">…</span><span class=\"mspace\" style=\"margin-right: 0.2222em;\"></span><span class=\"mbin\">+</span><span class=\"mspace\" style=\"margin-right: 0.2222em;\"></span></span><span class=\"base\"><span class=\"strut\" style=\"height: 0.8141em;\"></span><span class=\"mord\"><span class=\"mord mathnormal\">n</span><span class=\"msupsub\"><span class=\"vlist-t\"><span class=\"vlist-r\"><span class=\"vlist\" style=\"height: 0.8141em;\"><span class=\"\" style=\"top: -3.063em; margin-right: 0.05em;\"><span class=\"pstrut\" style=\"height: 2.7em;\"></span><span class=\"sizing reset-size6 size3 mtight\"><span class=\"mord mtight\">3</span></span></span></span></span></span></span></span></span></span></span></span>﻿</span> </p><p>Example:</p><pre class=\"ql-syntax\" spellcheck=\"false\">Input:\n2\nOutput:\n9\n</pre>', 'Good Job', 1, 'CODE', '9ba179ed-d26d-4828-a0f6-8836c2063992', '9ba179ed-d26d-4828-a0f6-8836c2063992', 'CREATED'),
    ('b6484e21-6937-489c-b031-b71767994757', NULL, 'EASY', 'English alphabet printing', 'Print from A to the nth character in the English alphabet', 'Good Job', 1, 'CODE', '9ba179ed-d26d-4828-a0f6-8836c2063992', '9ba179ed-d26d-4828-a0f6-8836c2063992', 'CREATED'),
    ('b6484e21-6937-489c-b031-b71767994758', NULL, 'MEDIUM', 'Check prime number', 'Check if n is a prime number or not', 'Good Job', 1, 'CODE', '9ba179ed-d26d-4828-a0f6-8836c2063992', '9ba179ed-d26d-4828-a0f6-8836c2063992', 'CREATED'),
    ('b6484e21-6937-489c-b031-b71767994759', NULL, 'EASY', 'Replace negative number', E'<p>Write a program to input three real numbers. Replace all negative numbers with their absolute values</p><p>Example:</p><pre class=\"ql-syntax\" spellcheck=\"false\">Input:\n1 -1.1 -2\nOutput:\n1 1.1 2\n</pre>', 'Good Job', 1, 'CODE', '9ba179ed-d26d-4828-a0f6-8836c2063992', '9ba179ed-d26d-4828-a0f6-8836c2063992', 'CREATED'),
    ('b6484e21-6937-489c-b031-b71767994760', NULL, 'HARD', 'Check triangle from side length', E'<p>Write a program to input the lengths of the three sides of a triangle and determine the type of triangle</p><p>Example:</p><pre class=\"ql-syntax\" spellcheck=\"false\">Input:\n1 1 1\nOutput:\nEquilateral triangle\n</pre>', 'Good Job', 1, 'CODE', '9ba179ed-d26d-4828-a0f6-8836c2063992', '9ba179ed-d26d-4828-a0f6-8836c2063992', 'CREATED'),
    ('b6484e21-6937-489c-b031-b71767994761', NULL, 'EASY', 'Determine number of days in a month', E'<p>Write a program to input a month and a year. Determine the number of days in that month</p><p>Example:</p><pre class=\"ql-syntax\" spellcheck=\"false\">Input:\n1 2020\nOutput:\n31\n</pre>', 'Good Job', 1, 'CODE', '9ba179ed-d26d-4828-a0f6-8836c2063992', '9ba179ed-d26d-4828-a0f6-8836c2063992', 'CREATED'),
    ('b6484e21-6937-489c-b031-b71767994762', NULL, 'MEDIUM', 'Previous and next day', E'<p>Write a program to input a date, find the previous day and the next day</p><p>Example:</p><pre class=\"ql-syntax\" spellcheck=\"false\">Input:\n2024 6 26\nOutput:\n2024-06-25, 2024-06-27\n</pre>', 'Good Job', 1, 'CODE', '9ba179ed-d26d-4828-a0f6-8836c2063992', '9ba179ed-d26d-4828-a0f6-8836c2063992', 'CREATED'),
    ('b6484e21-6937-489c-b031-b71767994763', NULL, 'HARD', 'Determine the Day of the Week from a Given Date', E'<p>Write a program to input a day, month, and year. Determine the day of the week for that date</p><p>Example:</p><pre class=\"ql-syntax\" spellcheck=\"false\">Input:\n2024-03-01\nOutput:\nFriday\n</pre>', 'Good Job', 1, 'CODE', '9ba179ed-d26d-4828-a0f6-8836c2063992', '9ba179ed-d26d-4828-a0f6-8836c2063992', 'CREATED'),
    ('b6484e21-6937-489c-b031-b71767994764', NULL, 'HARD', 'Question 64', 'Question Mouse Text', 'Good Job', 1, 'CODE', '9ba179ed-d26d-4828-a0f6-8836c2063992', '9ba179ed-d26d-4828-a0f6-8836c2063992', 'CREATED'),
    ('b6484e21-6937-489c-b031-b71767994765', NULL, 'HARD', 'Question 65', 'Question Mouse Text', 'Good Job', 1, 'CODE', '9ba179ed-d26d-4828-a0f6-8836c2063992', '9ba179ed-d26d-4828-a0f6-8836c2063992', 'CREATED'),
    ('b6484e21-6937-489c-b031-b71767994766', NULL, 'HARD', 'Question 66', 'Question Mouse Text', 'Good Job', 1, 'CODE', '9ba179ed-d26d-4828-a0f6-8836c2063992', '9ba179ed-d26d-4828-a0f6-8836c2063992', 'CREATED'),
    ('b6484e21-6937-489c-b031-b71767994767', NULL, 'HARD', 'Question 67', 'Question Mouse Text', 'Good Job', 1, 'CODE', '9ba179ed-d26d-4828-a0f6-8836c2063992', '9ba179ed-d26d-4828-a0f6-8836c2063992', 'CREATED'),
    ('b6484e21-6937-489c-b031-b71767994768', NULL, 'HARD', 'Question 68', 'Question Mouse Text', 'Good Job', 1, 'CODE', '9ba179ed-d26d-4828-a0f6-8836c2063992', '9ba179ed-d26d-4828-a0f6-8836c2063992', 'CREATED'),
    ('b6484e21-6937-489c-b031-b71767994769', NULL, 'HARD', 'Question 69', 'Question Mouse Text', 'Good Job', 1, 'CODE', '9ba179ed-d26d-4828-a0f6-8836c2063992', '9ba179ed-d26d-4828-a0f6-8836c2063992', 'CREATED'),
    ('b6484e21-6937-489c-b031-b71767994770', NULL, 'HARD', 'Question 70', 'Question Mouse Text', 'Good Job', 1, 'CODE', '9ba179ed-d26d-4828-a0f6-8836c2063992', '9ba179ed-d26d-4828-a0f6-8836c2063992', 'CREATED'),
    ('b6484e21-6937-489c-b031-b71767994771', NULL, 'HARD', 'Question 71', 'Question Mouse Text', 'Good Job', 1, 'CODE', '9ba179ed-d26d-4828-a0f6-8836c2063992', '9ba179ed-d26d-4828-a0f6-8836c2063992', 'CREATED'),
    ('b6484e21-6937-489c-b031-b71767994772', NULL, 'HARD', 'Question 72', 'Question Mouse Text', 'Good Job', 1, 'CODE', '9ba179ed-d26d-4828-a0f6-8836c2063992', '9ba179ed-d26d-4828-a0f6-8836c2063992', 'CREATED'),
    ('b6484e21-6937-489c-b031-b71767994773', NULL, 'HARD', 'Question 73', 'Question Mouse Text', 'Good Job', 1, 'CODE', '9ba179ed-d26d-4828-a0f6-8836c2063992', '9ba179ed-d26d-4828-a0f6-8836c2063992', 'CREATED'),
    ('b6484e21-6937-489c-b031-b71767994774', NULL, 'HARD', 'Question 74', 'Question Mouse Text', 'Good Job', 1, 'CODE', '9ba179ed-d26d-4828-a0f6-8836c2063992', '9ba179ed-d26d-4828-a0f6-8836c2063992', 'CREATED'),
    ('b6484e21-6937-489c-b031-b71767994775', NULL, 'HARD', 'Question 75', 'Question Mouse Text', 'Good Job', 1, 'CODE', '9ba179ed-d26d-4828-a0f6-8836c2063992', '9ba179ed-d26d-4828-a0f6-8836c2063992', 'CREATED'),
    ('b6484e21-6937-489c-b031-b71767994776', NULL, 'HARD', 'Question 76', 'Question Mouse Text', 'Good Job', 1, 'CODE', '9ba179ed-d26d-4828-a0f6-8836c2063992', '9ba179ed-d26d-4828-a0f6-8836c2063992', 'CREATED'),
    ('b6484e21-6937-489c-b031-b71767994777', NULL, 'HARD', 'Question 77', 'Question Mouse Text', 'Good Job', 1, 'CODE', '9ba179ed-d26d-4828-a0f6-8836c2063992', '9ba179ed-d26d-4828-a0f6-8836c2063992', 'CREATED'),
    ('b6484e21-6937-489c-b031-b71767994778', NULL, 'HARD', 'Question 78', 'Question Mouse Text', 'Good Job', 1, 'CODE', '9ba179ed-d26d-4828-a0f6-8836c2063992', '9ba179ed-d26d-4828-a0f6-8836c2063992', 'CREATED'),
    ('b6484e21-6937-489c-b031-b71767994779', NULL, 'HARD', 'Question 79', 'Question Mouse Text', 'Good Job', 1, 'CODE', '9ba179ed-d26d-4828-a0f6-8836c2063992', '9ba179ed-d26d-4828-a0f6-8836c2063992', 'CREATED'),
    ('b6484e21-6937-489c-b031-b71767994780', NULL, 'HARD', 'Question 80', 'Question Mouse Text', 'Good Job', 1, 'CODE', '9ba179ed-d26d-4828-a0f6-8836c2063992', '9ba179ed-d26d-4828-a0f6-8836c2063992', 'CREATED'),
    ('b6484e21-6937-489c-b031-b71767994781', NULL, 'HARD', 'Question 81', 'Question Mouse Text', 'Good Job', 1, 'CODE', '9ba179ed-d26d-4828-a0f6-8836c2063992', '9ba179ed-d26d-4828-a0f6-8836c2063992', 'CREATED'),
    ('b6484e21-6937-489c-b031-b71767994782', NULL, 'HARD', 'Question 82', 'Question Mouse Text', 'Good Job', 1, 'CODE', '9ba179ed-d26d-4828-a0f6-8836c2063992', '9ba179ed-d26d-4828-a0f6-8836c2063992', 'CREATED'),
    ('b6484e21-6937-489c-b031-b71767994783', NULL, 'HARD', 'Question 83', 'Question Mouse Text', 'Good Job', 1, 'CODE', '9ba179ed-d26d-4828-a0f6-8836c2063992', '9ba179ed-d26d-4828-a0f6-8836c2063992', 'CREATED'),
    ('b6484e21-6937-489c-b031-b71767994784', NULL, 'HARD', 'Question 84', 'Question Mouse Text', 'Good Job', 1, 'CODE', '9ba179ed-d26d-4828-a0f6-8836c2063992', '9ba179ed-d26d-4828-a0f6-8836c2063992', 'CREATED'),
    ('b6484e21-6937-489c-b031-b71767994785', NULL, 'HARD', 'Question 85', 'Question Mouse Text', 'Good Job', 1, 'CODE', '9ba179ed-d26d-4828-a0f6-8836c2063992', '9ba179ed-d26d-4828-a0f6-8836c2063992', 'CREATED'),
    ('b6484e21-6937-489c-b031-b71767994786', NULL, 'HARD', 'Question 86', 'Question Mouse Text', 'Good Job', 1, 'CODE', '9ba179ed-d26d-4828-a0f6-8836c2063992', '9ba179ed-d26d-4828-a0f6-8836c2063992', 'CREATED'),
    ('b6484e21-6937-489c-b031-b71767994787', NULL, 'HARD', 'Question 87', 'Question Mouse Text', 'Good Job', 1, 'CODE', '9ba179ed-d26d-4828-a0f6-8836c2063992', '9ba179ed-d26d-4828-a0f6-8836c2063992', 'CREATED'),
    ('b6484e21-6937-489c-b031-b71767994788', NULL, 'HARD', 'Question 88', 'Question Mouse Text', 'Good Job', 1, 'CODE', '9ba179ed-d26d-4828-a0f6-8836c2063992', '9ba179ed-d26d-4828-a0f6-8836c2063992', 'CREATED'),
    ('b6484e21-6937-489c-b031-b71767994789', NULL, 'HARD', 'Question 89', 'Question Mouse Text', 'Good Job', 1, 'CODE', '9ba179ed-d26d-4828-a0f6-8836c2063992', '9ba179ed-d26d-4828-a0f6-8836c2063992', 'CREATED'),
    ('b6484e21-6937-489c-b031-b71767994790', NULL, 'HARD', 'Question 90', 'Question Mouse Text', 'Good Job', 1, 'CODE', '9ba179ed-d26d-4828-a0f6-8836c2063992', '9ba179ed-d26d-4828-a0f6-8836c2063992', 'CREATED'),
    ('b6484e21-6937-489c-b031-b71767994791', NULL, 'HARD', 'Question 91', 'Question Mouse Text', 'Good Job', 1, 'CODE', '9ba179ed-d26d-4828-a0f6-8836c2063992', '9ba179ed-d26d-4828-a0f6-8836c2063992', 'CREATED'),
    ('b6484e21-6937-489c-b031-b71767994792', NULL, 'HARD', 'Question 92', 'Question Mouse Text', 'Good Job', 1, 'CODE', '9ba179ed-d26d-4828-a0f6-8836c2063992', '9ba179ed-d26d-4828-a0f6-8836c2063992', 'CREATED'),
    ('b6484e21-6937-489c-b031-b71767994793', NULL, 'HARD', 'Question 93', 'Question Mouse Text', 'Good Job', 1, 'CODE', '9ba179ed-d26d-4828-a0f6-8836c2063992', '9ba179ed-d26d-4828-a0f6-8836c2063992', 'CREATED'),
    ('b6484e21-6937-489c-b031-b71767994794', NULL, 'HARD', 'Question 94', 'Question Mouse Text', 'Good Job', 1, 'CODE', '9ba179ed-d26d-4828-a0f6-8836c2063992', '9ba179ed-d26d-4828-a0f6-8836c2063992', 'CREATED'),
    ('b6484e21-6937-489c-b031-b71767994795', NULL, 'HARD', 'Question 95', 'Question Mouse Text', 'Good Job', 1, 'CODE', '9ba179ed-d26d-4828-a0f6-8836c2063992', '9ba179ed-d26d-4828-a0f6-8836c2063992', 'CREATED'),
    ('b6484e21-6937-489c-b031-b71767994796', NULL, 'HARD', 'Question 96', 'Question Mouse Text', 'Good Job', 1, 'CODE', '9ba179ed-d26d-4828-a0f6-8836c2063992', '9ba179ed-d26d-4828-a0f6-8836c2063992', 'CREATED'),
    ('b6484e21-6937-489c-b031-b71767994797', NULL, 'HARD', 'Question 97', 'Question Mouse Text', 'Good Job', 1, 'CODE', '9ba179ed-d26d-4828-a0f6-8836c2063992', '9ba179ed-d26d-4828-a0f6-8836c2063992', 'CREATED'),
    ('b6484e21-6937-489c-b031-b71767994798', NULL, 'HARD', 'Question 98', 'Question Mouse Text', 'Good Job', 1, 'CODE', '9ba179ed-d26d-4828-a0f6-8836c2063992', '9ba179ed-d26d-4828-a0f6-8836c2063992', 'CREATED'),
    ('b6484e21-6937-489c-b031-b71767994799', NULL, 'HARD', 'Question 99', 'Question Mouse Text', 'Good Job', 1, 'CODE', '9ba179ed-d26d-4828-a0f6-8836c2063992', '9ba179ed-d26d-4828-a0f6-8836c2063992', 'CREATED'),
    ('b6484e21-6937-489c-b031-b71767994800', NULL, 'HARD', 'Question 100', 'Question Mouse Text', 'Good Job', 1, 'CODE', '9ba179ed-d26d-4828-a0f6-8836c2063992', '9ba179ed-d26d-4828-a0f6-8836c2063992', 'CREATED'),
    ('b6484e21-6937-489c-b031-b71767994801', NULL, 'HARD', 'Question 101', 'Question Mouse Text', 'Good Job', 1, 'CODE', '9ba179ed-d26d-4828-a0f6-8836c2063992', '9ba179ed-d26d-4828-a0f6-8836c2063992', 'CREATED'),
    ('b6484e21-6937-489c-b031-b71767994802', NULL, 'HARD', 'Question 102', 'Question Mouse Text', 'Good Job', 1, 'CODE', '9ba179ed-d26d-4828-a0f6-8836c2063992', '9ba179ed-d26d-4828-a0f6-8836c2063992', 'CREATED'),
    ('b6484e21-6937-489c-b031-b71767994803', NULL, 'HARD', 'Question 103', 'Question Mouse Text', 'Good Job', 1, 'CODE', '9ba179ed-d26d-4828-a0f6-8836c2063992', '9ba179ed-d26d-4828-a0f6-8836c2063992', 'CREATED'),
    ('b6484e21-6937-489c-b031-b71767994804', NULL, 'HARD', 'Question 104', 'Question Mouse Text', 'Good Job', 1, 'CODE', '9ba179ed-d26d-4828-a0f6-8836c2063992', '9ba179ed-d26d-4828-a0f6-8836c2063992', 'CREATED'),
    ('b6484e21-6937-489c-b031-b71767994805', NULL, 'HARD', 'Question 105', 'Question Mouse Text', 'Good Job', 1, 'CODE', '9ba179ed-d26d-4828-a0f6-8836c2063992', '9ba179ed-d26d-4828-a0f6-8836c2063992', 'CREATED'),
    ('b6484e21-6937-489c-b031-b71767994806', NULL, 'HARD', 'Question 106', 'Question Mouse Text', 'Good Job', 1, 'CODE', '9ba179ed-d26d-4828-a0f6-8836c2063992', '9ba179ed-d26d-4828-a0f6-8836c2063992', 'CREATED'),
    ('b6484e21-6937-489c-b031-b71767994807', NULL, 'HARD', 'Question 107', 'Question Mouse Text', 'Good Job', 1, 'CODE', '9ba179ed-d26d-4828-a0f6-8836c2063992', '9ba179ed-d26d-4828-a0f6-8836c2063992', 'CREATED'),
    ('b6484e21-6937-489c-b031-b71767994808', NULL, 'HARD', 'Question 108', 'Question Mouse Text', 'Good Job', 1, 'CODE', '9ba179ed-d26d-4828-a0f6-8836c2063992', '9ba179ed-d26d-4828-a0f6-8836c2063992', 'CREATED'),
    ('b6484e21-6937-489c-b031-b71767994809', NULL, 'HARD', 'Question 109', 'Question Mouse Text', 'Good Job', 1, 'CODE', '9ba179ed-d26d-4828-a0f6-8836c2063992', '9ba179ed-d26d-4828-a0f6-8836c2063992', 'CREATED'),
    ('b6484e21-6937-489c-b031-b71767994810', NULL, 'HARD', 'Question 110', 'Question Mouse Text', 'Good Job', 1, 'CODE', '9ba179ed-d26d-4828-a0f6-8836c2063992', '9ba179ed-d26d-4828-a0f6-8836c2063992', 'CREATED'),
    ('b6484e21-6937-489c-b031-b71767994811', NULL, 'HARD', 'Question 111', 'Question Mouse Text', 'Good Job', 1, 'CODE', '9ba179ed-d26d-4828-a0f6-8836c2063992', '9ba179ed-d26d-4828-a0f6-8836c2063992', 'CREATED'),
    ('b6484e21-6937-489c-b031-b71767994812', NULL, 'HARD', 'Question 112', 'Question Mouse Text', 'Good Job', 1, 'CODE', '9ba179ed-d26d-4828-a0f6-8836c2063992', '9ba179ed-d26d-4828-a0f6-8836c2063992', 'CREATED'),
    ('b6484e21-6937-489c-b031-b71767994813', NULL, 'HARD', 'Question 113', 'Question Mouse Text', 'Good Job', 1, 'CODE', '9ba179ed-d26d-4828-a0f6-8836c2063992', '9ba179ed-d26d-4828-a0f6-8836c2063992', 'CREATED'),
    ('b6484e21-6937-489c-b031-b71767994814', NULL, 'HARD', 'Question 114', 'Question Mouse Text', 'Good Job', 1, 'CODE', '9ba179ed-d26d-4828-a0f6-8836c2063992', '9ba179ed-d26d-4828-a0f6-8836c2063992', 'CREATED'),
    ('b6484e21-6937-489c-b031-b71767994815', NULL, 'HARD', 'Question 115', 'Question Mouse Text', 'Good Job', 1, 'CODE', '9ba179ed-d26d-4828-a0f6-8836c2063992', '9ba179ed-d26d-4828-a0f6-8836c2063992', 'CREATED'),
    ('b6484e21-6937-489c-b031-b71767994816', NULL, 'HARD', 'Question 116', 'Question Mouse Text', 'Good Job', 1, 'CODE', '9ba179ed-d26d-4828-a0f6-8836c2063992', '9ba179ed-d26d-4828-a0f6-8836c2063992', 'CREATED'),
    ('b6484e21-6937-489c-b031-b71767994817', NULL, 'HARD', 'Question 117', 'Question Mouse Text', 'Good Job', 1, 'CODE', '9ba179ed-d26d-4828-a0f6-8836c2063992', '9ba179ed-d26d-4828-a0f6-8836c2063992', 'CREATED'),
    ('b6484e21-6937-489c-b031-b71767994818', NULL, 'HARD', 'Question 118', 'Question Mouse Text', 'Good Job', 1, 'CODE', '9ba179ed-d26d-4828-a0f6-8836c2063992', '9ba179ed-d26d-4828-a0f6-8836c2063992', 'CREATED'),
    ('b6484e21-6937-489c-b031-b71767994819', NULL, 'HARD', 'Question 119', 'Question Mouse Text', 'Good Job', 1, 'CODE', '9ba179ed-d26d-4828-a0f6-8836c2063992', '9ba179ed-d26d-4828-a0f6-8836c2063992', 'CREATED'),
    ('b6484e21-6937-489c-b031-b71767994820', NULL, 'HARD', 'Question 120', 'Question Mouse Text', 'Good Job', 1, 'CODE', '9ba179ed-d26d-4828-a0f6-8836c2063992', '9ba179ed-d26d-4828-a0f6-8836c2063992', 'CREATED'),
    ('b6484e21-6937-489c-b031-b71767994821', NULL, 'HARD', 'Question 121', 'Question Mouse Text', 'Good Job', 1, 'CODE', '9ba179ed-d26d-4828-a0f6-8836c2063992', '9ba179ed-d26d-4828-a0f6-8836c2063992', 'CREATED'),
    ('b6484e21-6937-489c-b031-b71767994822', NULL, 'HARD', 'Question 122', 'Question Mouse Text', 'Good Job', 1, 'CODE', '9ba179ed-d26d-4828-a0f6-8836c2063992', '9ba179ed-d26d-4828-a0f6-8836c2063992', 'CREATED'),
    ('b6484e21-6937-489c-b031-b71767994823', NULL, 'HARD', 'Question 123', 'Question Mouse Text', 'Good Job', 1, 'CODE', '9ba179ed-d26d-4828-a0f6-8836c2063992', '9ba179ed-d26d-4828-a0f6-8836c2063992', 'CREATED'),
    ('b6484e21-6937-489c-b031-b71767994824', NULL, 'HARD', 'Question 124', 'Question Mouse Text', 'Good Job', 1, 'CODE', '9ba179ed-d26d-4828-a0f6-8836c2063992', '9ba179ed-d26d-4828-a0f6-8836c2063992', 'CREATED'),
    ('b6484e21-6937-489c-b031-b71767994825', NULL, 'HARD', 'Question 125', 'Question Mouse Text', 'Good Job', 1, 'CODE', '9ba179ed-d26d-4828-a0f6-8836c2063992', '9ba179ed-d26d-4828-a0f6-8836c2063992', 'CREATED'),
    ('b6484e21-6937-489c-b031-b71767994826', NULL, 'HARD', 'Question 126', 'Question Mouse Text', 'Good Job', 1, 'CODE', '9ba179ed-d26d-4828-a0f6-8836c2063992', '9ba179ed-d26d-4828-a0f6-8836c2063992', 'CREATED'),
    ('b6484e21-6937-489c-b031-b71767994827', NULL, 'HARD', 'Question 127', 'Question Mouse Text', 'Good Job', 1, 'CODE', '9ba179ed-d26d-4828-a0f6-8836c2063992', '9ba179ed-d26d-4828-a0f6-8836c2063992', 'CREATED'),
    ('b6484e21-6937-489c-b031-b71767994828', NULL, 'HARD', 'Question 128', 'Question Mouse Text', 'Good Job', 1, 'CODE', '9ba179ed-d26d-4828-a0f6-8836c2063992', '9ba179ed-d26d-4828-a0f6-8836c2063992', 'CREATED'),
    ('b6484e21-6937-489c-b031-b71767994829', NULL, 'HARD', 'Question 129', 'Question Mouse Text', 'Good Job', 1, 'CODE', '9ba179ed-d26d-4828-a0f6-8836c2063992', '9ba179ed-d26d-4828-a0f6-8836c2063992', 'CREATED'),
    ('b6484e21-6937-489c-b031-b71767994830', NULL, 'HARD', 'Question 130', 'Question Mouse Text', 'Good Job', 1, 'CODE', '9ba179ed-d26d-4828-a0f6-8836c2063992', '9ba179ed-d26d-4828-a0f6-8836c2063992', 'CREATED'),
    ('b6484e21-6937-489c-b031-b71767994831', NULL, 'HARD', 'Question 131', 'Question Mouse Text', 'Good Job', 1, 'CODE', '9ba179ed-d26d-4828-a0f6-8836c2063992', '9ba179ed-d26d-4828-a0f6-8836c2063992', 'CREATED'),
    ('b6484e21-6937-489c-b031-b71767994832', NULL, 'HARD', 'Question 132', 'Question Mouse Text', 'Good Job', 1, 'CODE', '9ba179ed-d26d-4828-a0f6-8836c2063992', '9ba179ed-d26d-4828-a0f6-8836c2063992', 'CREATED'),
    ('b6484e21-6937-489c-b031-b71767994833', NULL, 'HARD', 'Question 133', 'Question Mouse Text', 'Good Job', 1, 'CODE', '9ba179ed-d26d-4828-a0f6-8836c2063992', '9ba179ed-d26d-4828-a0f6-8836c2063992', 'CREATED'),
    ('b6484e21-6937-489c-b031-b71767994834', NULL, 'HARD', 'Question 134', 'Question Mouse Text', 'Good Job', 1, 'CODE', '9ba179ed-d26d-4828-a0f6-8836c2063992', '9ba179ed-d26d-4828-a0f6-8836c2063992', 'CREATED'),
    ('b6484e21-6937-489c-b031-b71767994835', NULL, 'HARD', 'Question 135', 'Question Mouse Text', 'Good Job', 1, 'CODE', '9ba179ed-d26d-4828-a0f6-8836c2063992', '9ba179ed-d26d-4828-a0f6-8836c2063992', 'CREATED'),
    ('b6484e21-6937-489c-b031-b71767994836', NULL, 'HARD', 'Question 136', 'Question Mouse Text', 'Good Job', 1, 'CODE', '9ba179ed-d26d-4828-a0f6-8836c2063992', '9ba179ed-d26d-4828-a0f6-8836c2063992', 'CREATED'),
    ('b6484e21-6937-489c-b031-b71767994837', NULL, 'HARD', 'Question 137', 'Question Mouse Text', 'Good Job', 1, 'CODE', '9ba179ed-d26d-4828-a0f6-8836c2063992', '9ba179ed-d26d-4828-a0f6-8836c2063992', 'CREATED'),
    ('b6484e21-6937-489c-b031-b71767994838', NULL, 'HARD', 'Question 138', 'Question Mouse Text', 'Good Job', 1, 'CODE', '9ba179ed-d26d-4828-a0f6-8836c2063992', '9ba179ed-d26d-4828-a0f6-8836c2063992', 'CREATED'),
    ('b6484e21-6937-489c-b031-b71767994839', NULL, 'HARD', 'Question 139', 'Question Mouse Text', 'Good Job', 1, 'CODE', '9ba179ed-d26d-4828-a0f6-8836c2063992', '9ba179ed-d26d-4828-a0f6-8836c2063992', 'CREATED'),
    ('b6484e21-6937-489c-b031-b71767994840', NULL, 'HARD', 'Question 140', 'Question Mouse Text', 'Good Job', 1, 'CODE', '9ba179ed-d26d-4828-a0f6-8836c2063992', '9ba179ed-d26d-4828-a0f6-8836c2063992', 'CREATED'),
    ('b6484e21-6937-489c-b031-b71767994841', NULL, 'HARD', 'Question 141', 'Question Mouse Text', 'Good Job', 1, 'CODE', '9ba179ed-d26d-4828-a0f6-8836c2063992', '9ba179ed-d26d-4828-a0f6-8836c2063992', 'CREATED'),
    ('b6484e21-6937-489c-b031-b71767994842', NULL, 'HARD', 'Question 142', 'Question Mouse Text', 'Good Job', 1, 'CODE', '9ba179ed-d26d-4828-a0f6-8836c2063992', '9ba179ed-d26d-4828-a0f6-8836c2063992', 'CREATED'),
    ('b6484e21-6937-489c-b031-b71767994843', NULL, 'HARD', 'Question 143', 'Question Mouse Text', 'Good Job', 1, 'CODE', '9ba179ed-d26d-4828-a0f6-8836c2063992', '9ba179ed-d26d-4828-a0f6-8836c2063992', 'CREATED'),
    ('b6484e21-6937-489c-b031-b71767994844', NULL, 'HARD', 'Question 144', 'Question Mouse Text', 'Good Job', 1, 'CODE', '9ba179ed-d26d-4828-a0f6-8836c2063992', '9ba179ed-d26d-4828-a0f6-8836c2063992', 'CREATED'),
    ('b6484e21-6937-489c-b031-b71767994845', NULL, 'HARD', 'Question 145', 'Question Mouse Text', 'Good Job', 1, 'CODE', '9ba179ed-d26d-4828-a0f6-8836c2063992', '9ba179ed-d26d-4828-a0f6-8836c2063992', 'CREATED'),
    ('b6484e21-6937-489c-b031-b71767994846', NULL, 'HARD', 'Question 146', 'Question Mouse Text', 'Good Job', 1, 'CODE', '9ba179ed-d26d-4828-a0f6-8836c2063992', '9ba179ed-d26d-4828-a0f6-8836c2063992', 'CREATED'),
    ('b6484e21-6937-489c-b031-b71767994847', NULL, 'HARD', 'Question 147', 'Question Mouse Text', 'Good Job', 1, 'CODE', '9ba179ed-d26d-4828-a0f6-8836c2063992', '9ba179ed-d26d-4828-a0f6-8836c2063992', 'CREATED');

INSERT INTO public.answer_of_question(id, question_id, feedback, answer, fraction)
VALUES
--    ('d215b5f8-0249-4dc5-89a3-51fd148cfb15', 'b6484e21-6937-489c-b031-b71767994221', 'Correct', 'print(Hello World)', 1), câu hỏi code thì làm j có ở đây
    ('d215b5f8-0249-4dc5-89a3-51fd148cfb64', 'b6484e21-6937-489c-b031-b71767994233', 'Wrong', 'Essat 1', 1),
    ('d215b5f8-0249-4dc5-89a3-51fd148cfb86', 'b6484e21-6937-489c-b031-b71767994233', 'Wow', 'p p p)', 1),
    ('d215b5f8-0249-4dc5-89a3-51fd148cfb25', 'b6484e21-6937-489c-b031-b71767994233', 'Good', 'essay t12', 1),
    ('d215b5f8-0249-4dc5-89a3-51fd148cfb69', 'b6484e21-6937-489c-b031-b71767994132', 'Bad', 'short answer t12', 1),
    ('d215b5f8-0249-4dc5-89a3-51fd148cfe63', 'b6484e21-6937-489c-b031-b71767994735', 'Hihi', 'multi 1', 1),
    ('d215b5f8-0249-4dc5-89a3-51fd148cff62', 'b6484e21-6937-489c-b031-b71767994735', 'huhu', 'multi 2', 1),
    ('d215b5f8-0249-4dc5-89a3-51fd148cff20', 'b6484e21-6937-489c-b031-b71767994735', 'haha', 'multi 3', 1);

INSERT INTO public.qtype_code_question(id, question_id, dsl_template)
VALUES
    ('3c5b1113-d267-4d21-bc6e-8cbd4cb57b69', 'b6484e21-6937-489c-b031-b71767994221', 'template'),
    ('f6d7b882-9399-4bc3-baad-6350285bfa78', 'b6484e21-6937-489c-b031-b71767994736', 'template'),
    ('48caf2c9-8c81-49a7-b656-c3b024a798c3', 'b6484e21-6937-489c-b031-b71767994737', 'template'),
    ('2589a5b7-94c9-4a76-86d9-576718ca63c3', 'b6484e21-6937-489c-b031-b71767994738', 'template'),
    ('2dbe940c-8d25-4a88-a283-d79785c1ea2a', 'b6484e21-6937-489c-b031-b71767994739', 'template'),
    ('07bf0b32-09ce-47d0-b4e1-c0ba35799b43', 'b6484e21-6937-489c-b031-b71767994740', 'template'),
    ('2f3b15cc-219f-47eb-8d17-702e89afb86a', 'b6484e21-6937-489c-b031-b71767994741', 'template'),
    ('fe0a658d-7ce9-4524-b388-84539a34a521', 'b6484e21-6937-489c-b031-b71767994742', 'template'),
    ('1374d22a-b27b-4d3d-9ad4-b613e1f1e253', 'b6484e21-6937-489c-b031-b71767994743', 'template'),
    ('06d71d03-f5ba-4a89-9083-596ef649ade9', 'b6484e21-6937-489c-b031-b71767994744', 'template'),
    ('b1ae32db-17e6-4fdb-991b-160e95721562', 'b6484e21-6937-489c-b031-b71767994745', 'template'),
    ('058cdf70-3cc5-4a99-9edd-edfa0325c207', 'b6484e21-6937-489c-b031-b71767994746', 'template'),
    ('51981528-01ff-491a-bc7b-a24aedfb0363', 'b6484e21-6937-489c-b031-b71767994747', 'template'),
    ('6181a38b-2b06-4a60-ad5f-750780d79e3e', 'b6484e21-6937-489c-b031-b71767994748', 'template'),
    ('22427527-053c-4602-a519-9e52cb5f2366', 'b6484e21-6937-489c-b031-b71767994749', 'template'),
    ('cd39d755-41f1-452f-a0df-09c64c7a67cf', 'b6484e21-6937-489c-b031-b71767994750', 'template'),
    ('d49496bb-87a5-483f-9597-564ad6ee0305', 'b6484e21-6937-489c-b031-b71767994754', 'template'),
    ('4be91526-365b-4e50-99ae-75ba2a87ba08', 'b6484e21-6937-489c-b031-b71767994755', 'template'),
    ('4be91526-365b-4e50-99ae-75ba2a87ba09', 'b6484e21-6937-489c-b031-b71767994756', 'template'),
    ('fa373da0-9d7d-4ced-bf8b-c06a0063cd4e', 'b6484e21-6937-489c-b031-b71767994757', 'template'),
    ('1f24ac22-737a-4074-9290-ec41bb15e2b0', 'b6484e21-6937-489c-b031-b71767994758', 'template'),
    ('7841c704-b8ae-4664-bb2c-d4a63fb80fd5', 'b6484e21-6937-489c-b031-b71767994759', 'template'),
    ('30a01889-fbc9-4eaf-9f4e-fa0341ea6ced', 'b6484e21-6937-489c-b031-b71767994760', 'template'),
    ('25315a21-41a1-464d-b9dc-d4ec978cd2ff', 'b6484e21-6937-489c-b031-b71767994761', 'template'),
    ('e557b35c-715e-4d21-8aaf-8c86ad5690b1', 'b6484e21-6937-489c-b031-b71767994762', 'template'),
    ('219cafcd-d4fe-4fb0-81fd-be2da867f9d4', 'b6484e21-6937-489c-b031-b71767994763', 'template');


INSERT INTO public.qtype_essay_question(id, question_id, response_format, response_required, response_field_lines, min_word_limit, max_word_limit, attachments, attachments_required, grader_info, grader_info_format, response_template, max_bytes, file_types_list)
VALUES
    ('27549d54-4a3a-4be4-9875-eab03f88ba6e', 'b6484e21-6937-489c-b031-b71767994233', 'editor', 1, 10, 0, 0, 2, 0, 'Truong Gia Tien', 'author name', 'pdf please', 10, 'archive,document');

INSERT INTO public.qtype_shortanswer_question(id, question_id, case_sensitive)
VALUES
    ('27549d54-4a3a-4be4-9875-eab03f88ba7f', 'b6484e21-6937-489c-b031-b71767994132', false);

INSERT INTO public.qtype_multichoice_question(id, question_id, single, shuffle_answers, correct_feedback, partially_correct_feedback, incorrect_feedback, answer_numbering, show_num_correct, show_standard_instruction)
VALUES
    ('27549d54-4a3a-4be4-9875-eab03f88ba8f', 'b6484e21-6937-489c-b031-b71767994735', true, true, 'Correct', 'Partially correct', 'Incorrect', 'none', 3, 'Show instruction 2');

INSERT INTO public.certificate_course(id, topic_id, name, description, skill_level, start_time, end_time, created_by, updated_by, avg_rating)
VALUES
    ('d215b5f8-0249-4dc5-89a3-51fd148cfb15', '9ba179ed-d26d-4828-a0f6-8836c2063992', 'Basic Python', '<div class="markdown prose w-full break-words dark:prose-invert light"><p><strong>Course Title: Basic Python</strong></p><p><strong>Course Description:</strong></p><p>Begin your journey into the world of programming with our <strong>Basic Python</strong> course. This course is designed for beginners with little to no prior programming experience and provides a solid foundation in Python, one of the most popular and versatile programming languages today.</p><p><strong>Key Features:</strong></p><ul><li><strong>Introduction to Python:</strong> Learn the basics of Python programming, including syntax, variables, and data types.</li><li><strong>Control Structures:</strong> Understand essential control structures such as loops and conditionals to control the flow of your programs.</li><li><strong>Functions:</strong> Discover how to write reusable code using functions, making your programs more modular and easier to manage.</li><li><strong>Data Structures:</strong> Get introduced to fundamental data structures like lists, tuples, and dictionaries to store and manipulate data efficiently.</li><li><strong>File Handling:</strong> Learn basic file input/output operations to read from and write to files.</li><li><strong>Error Handling:</strong> Gain an understanding of error handling to write more robust and reliable programs.</li><li><strong>Libraries and Modules:</strong> Explore how to use Python libraries and modules to extend the functionality of your programs.</li></ul><p>By the end of this course, you''ll have the skills to write simple Python programs, understand core programming concepts, and be ready to advance to more complex topics. Whether you''re aiming to start a career in programming, automate simple tasks, or just explore a new hobby, this Basic Python course is your gateway to the world of coding.</p><p><strong>Prerequisites:</strong></p><ul><li>No prior programming experience required</li><li>Basic computer literacy</li></ul><p>Join us and take the first step towards becoming a proficient Python programmer!</p></div>', 'BASIC', '2024-04-15 18:09:29.488151+07', '2024-04-15 18:09:29.488151+07', '9ba179ed-d26d-4828-a0f6-8836c2063992', '9ba179ed-d26d-4828-a0f6-8836c2063992', 4),
    ('d215b5f8-0249-4dc5-89a3-51fd148cfb16', '9ba179ed-d26d-4828-a0f6-8836c2063992', 'Intermediate Python', '<div class="flex w-full flex-col gap-1 juice:empty:hidden juice:first:pt-[3px]"><div class="markdown prose w-full break-words dark:prose-invert light"><p><strong>Course Title: Intermediate Python</strong></p><p><strong>Course Description:</strong></p><p>Unlock the next level of your Python programming skills with our <strong>Intermediate Python</strong> course. Designed for those with a basic understanding of Python, this course dives deeper into the language, enhancing your ability to develop robust, efficient, and versatile code.</p><p><strong>Key Features:</strong></p><ul><li><strong>Advanced Data Structures:</strong> Master complex data structures like sets, dictionaries, and comprehensions to write more efficient code.</li><li><strong>Object-Oriented Programming:</strong> Gain a solid foundation in OOP principles, learning how to design and implement Python classes and objects effectively.</li><li><strong>Modules and Packages:</strong> Understand how to create and use modules and packages to organize your code better and reuse it across multiple projects.</li><li><strong>Error Handling:</strong> Learn advanced techniques for managing errors and exceptions to build more reliable programs.</li><li><strong>File I/O:</strong> Explore advanced file input/output operations to handle various file formats and data streams.</li><li><strong>Regular Expressions:</strong> Get introduced to regular expressions for powerful text processing capabilities.</li><li><strong>Libraries and Frameworks:</strong> Discover popular Python libraries and frameworks that can help streamline your development process.</li></ul><p>By the end of this course, you''ll be equipped with the skills and confidence to tackle more complex programming challenges and contribute to larger projects. Whether you''re looking to advance your career, prepare for a technical role, or simply enhance your coding abilities, this Intermediate Python course is the perfect stepping stone.</p><p><strong>Prerequisites:</strong></p><ul><li>Basic knowledge of Python programming</li><li>Familiarity with fundamental programming concepts</li></ul><p>Join us and take the next step in becoming a proficient Python programmer!</p></div></div>', 'INTERMEDIATE', '2024-04-15 18:09:29.488151+07', '2024-04-15 18:09:29.488151+07', '9ba179ed-d26d-4828-a0f6-8836c2063992', '9ba179ed-d26d-4828-a0f6-8836c2063992', 4),
    ('d215b5f8-0249-4dc5-89a3-51fd148cfb17', '9ba179ed-d26d-4828-a0f6-8836c2063992', 'Advanced Python', '<div class="markdown prose w-full break-words dark:prose-invert light"><p><strong>Course Title: Advanced Python</strong></p><p><strong>Course Description:</strong></p><p>Elevate your Python programming expertise with our <strong>Advanced Python</strong> course. This course is tailored for experienced Python developers who are ready to tackle sophisticated programming challenges and explore the full capabilities of the language.</p><p><strong>Key Features:</strong></p><ul><li><strong>Advanced Object-Oriented Programming:</strong> Dive deep into OOP principles, including inheritance, polymorphism, and metaclasses, to create more flexible and powerful code.</li><li><strong>Concurrency and Parallelism:</strong> Learn to write concurrent and parallel programs using threading, multiprocessing, and asynchronous programming.</li><li><strong>Decorators and Context Managers:</strong> Master the use of decorators and context managers to enhance code readability and functionality.</li><li><strong>Advanced Data Handling:</strong> Explore advanced techniques for data manipulation, including working with large datasets using libraries like Pandas and NumPy.</li><li><strong>Network Programming:</strong> Understand the principles of network programming to build applications that communicate over the internet using sockets and web APIs.</li><li><strong>Testing and Debugging:</strong> Gain expertise in advanced testing and debugging techniques to ensure your code is reliable and bug-free.</li><li><strong>Performance Optimization:</strong> Learn strategies for optimizing the performance of your Python applications, including profiling and efficient algorithm design.</li><li><strong>Metaprogramming:</strong> Explore the concepts of metaprogramming to write code that can manipulate itself.</li></ul><p>By the end of this course, you will be equipped with the advanced skills required to develop complex, high-performance Python applications. Whether you''re looking to solve intricate problems, contribute to cutting-edge projects, or simply refine your programming acumen, this Advanced Python course will help you achieve your goals.</p><p><strong>Prerequisites:</strong></p><ul><li>Solid understanding of intermediate Python concepts</li><li>Experience with basic object-oriented programming</li></ul><p>Join us and push the boundaries of your Python programming capabilities!</p></div>', 'ADVANCED', '2024-04-15 18:09:29.488151+07', '2024-04-15 18:09:29.488151+07', '9ba179ed-d26d-4828-a0f6-8836c2063992', '9ba179ed-d26d-4828-a0f6-8836c2063992', 4),
    ('d215b5f8-0249-4dc5-89a3-51fd148cfb18', 'd215b5f8-0249-4dc5-89a3-51fd148cfb46', 'Learn Java', 'This course is designed for beginners who want to learn Java programming from scratch. It covers the basics of Java programming, including data types, control structures, functions, and more.', 'BASIC', '2024-04-15 18:09:29.488151+07', '2024-04-15 18:09:29.488151+07', '9ba179ed-d26d-4828-a0f6-8836c2063992', '9ba179ed-d26d-4828-a0f6-8836c2063992', 0),
    ('d215b5f8-0249-4dc5-89a3-51fd148cfb19', 'd215b5f8-0249-4dc5-89a3-51fd148cfb46', 'Intermediate Java', 'This course is designed for intermediate Java programmers who want to enhance their skills and knowledge. It covers advanced topics such as object-oriented programming, data structures, algorithms, and more.', 'INTERMEDIATE', '2024-04-15 18:09:29.488151+07', '2024-04-15 18:09:29.488151+07', '9ba179ed-d26d-4828-a0f6-8836c2063992', '9ba179ed-d26d-4828-a0f6-8836c2063992', 0),
    ('d215b5f8-0249-4dc5-89a3-51fd148cfb20', 'd215b5f8-0249-4dc5-89a3-51fd148cfb46', 'Advanced Java', 'This course is designed for experienced Java programmers who want to master advanced Java concepts and techniques. It covers topics such as decorators, generators, metaclasses, and more.', 'ADVANCED', '2024-04-15 18:09:29.488151+07', '2024-04-15 18:09:29.488151+07', '9ba179ed-d26d-4828-a0f6-8836c2063992', '9ba179ed-d26d-4828-a0f6-8836c2063992', 0),
    ('d215b5f8-0249-4dc5-89a3-51fd148cfb21', 'd215b5f8-0249-4dc5-89a3-51fd148cfb48', 'Stacks and Queues', 'This course is designed for beginners who want to learn about stacks and queues. It covers the basics of stacks and queues, including their implementation, operations, and applications.', 'BASIC', '2024-04-15 18:09:29.488151+07', '2024-04-15 18:09:29.488151+07', '9ba179ed-d26d-4828-a0f6-8836c2063992', '9ba179ed-d26d-4828-a0f6-8836c2063992', 0),
    ('d215b5f8-0249-4dc5-89a3-51fd148cfb22', 'd215b5f8-0249-4dc5-89a3-51fd148cfb48', 'Linked Lists', 'This course is designed for intermediate programmers who want to learn about linked lists. It covers the basics of linked lists, including their implementation, operations, and applications.', 'INTERMEDIATE', '2024-04-15 18:09:29.488151+07', '2024-04-15 18:09:29.488151+07', '9ba179ed-d26d-4828-a0f6-8836c2063992', '9ba179ed-d26d-4828-a0f6-8836c2063992', 0),
    ('d215b5f8-0249-4dc5-89a3-51fd148cfb23', 'd215b5f8-0249-4dc5-89a3-51fd148cfb48', 'Binary Trees', 'This course is designed for experienced programmers who want to learn about binary trees. It covers the basics of binary trees, including their implementation, operations, and applications.', 'ADVANCED', '2024-04-15 18:09:29.488151+07', '2024-04-15 18:09:29.488151+07', '9ba179ed-d26d-4828-a0f6-8836c2063992', '9ba179ed-d26d-4828-a0f6-8836c2063992', 0);

INSERT INTO public.certificate_course (id,topic_id,name,skill_level,description,avg_rating,start_time,end_time,created_by,created_at,updated_by,updated_at) VALUES
    ('452371a5-2f58-4bfa-947b-af3140671057','d215b5f8-0249-4dc5-89a3-51fd148cfb93','Learn C++ crash course','BASIC','<div>
  <h1>Course Description: Learn C++ Crash Course</h1>
  <p>
    Embark on a thrilling journey into the world of C++ programming with our <strong>"Learn C++ Crash Course"</strong>! This dynamic and hands-on course is designed to take you from a novice to a confident C++ programmer in no time. Perfect for beginners and those looking to solidify their programming skills, this course covers everything you need to know about C++.
  </p>
  <h2>What You''ll Learn:</h2>
  <h3>Chapter 1: Hello World</h3>
  <p>
    Begin your adventure with the classic "Hello World" program. Learn about the structure of a C++ program, basic syntax, and how to set up your development environment.
  </p>
  <h3>Chapter 2: Variables</h3>
  <p>
    Discover the building blocks of C++ with variables. Understand different data types, variable declaration, initialization, and how to manipulate data.
  </p>
  <h3>Chapter 3: Conditionals</h3>
  <p>
    Dive into decision-making with conditionals. Master if statements, else if, else, and switch cases to control the flow of your programs.
  </p>
  <h3>Chapter 4: Loops</h3>
  <p>
    Unleash the power of loops to perform repetitive tasks efficiently. Explore for, while, and do-while loops, and understand their practical applications.
  </p>
  <h3>Chapter 5: Vectors & Arrays</h3>
  <p>
    Get hands-on with data structures. Learn about arrays and vectors, their differences, and how to use them to store and manipulate collections of data.
  </p>
  <h3>Chapter 6: Classes & Objects</h3>
  <p>
    Step into the realm of object-oriented programming. Create and work with classes and objects, understand constructors and destructors, and implement encapsulation, inheritance, and polymorphism.
  </p>
  <h2>Why Enroll?</h2>
  <ul>
    <li><strong>Interactive Learning:</strong> Engage with practical examples, quizzes, and coding exercises to reinforce your understanding.</li>
    <li><strong>Expert Guidance:</strong> Learn from industry professionals with years of experience in C++ programming.</li>
    <li><strong>Comprehensive Curriculum:</strong> Cover all essential topics needed to build a solid foundation in C++.</li>
    <li><strong>Flexible Schedule:</strong> Learn at your own pace with lifetime access to course materials.</li>
  </ul>
  <p>
    Join us in the <strong>"Learn C++ Crash Course"</strong> and take the first step towards becoming a proficient C++ programmer. Let''s code, create, and innovate together!
  </p>
</div>

This paste expires in <1 hour. Public IP access. Share whatever you see with others in seconds with Context.Terms of ServiceReport this',NULL,'2024-07-10 21:20:18.083','2027-09-11 07:06:58.083','b029f559-52a8-4699-b595-71161498ed8c','2024-07-10 20:43:04.895','b029f559-52a8-4699-b595-71161498ed8c','2024-07-10 21:20:18.173');


INSERT INTO public.certificate_course_user(certificate_course_id, user_id)
VALUES
    ('d215b5f8-0249-4dc5-89a3-51fd148cfb15', '9ba179ed-d26d-4828-a0f6-8836c2063992'),
    ('d215b5f8-0249-4dc5-89a3-51fd148cfb16', 'b029f559-52a8-4699-b595-71161498ed8c'),
    ('d215b5f8-0249-4dc5-89a3-51fd148cfb17', '8c98e9e1-a9e7-49ee-b9fd-0cb5bd7814f7'),
    ('d215b5f8-0249-4dc5-89a3-51fd148cfb18', '9ba179ed-d26d-4828-a0f6-8836c2063992'),
    ('d215b5f8-0249-4dc5-89a3-51fd148cfb19', 'b029f559-52a8-4699-b595-71161498ed8c'),
    ('d215b5f8-0249-4dc5-89a3-51fd148cfb20', '8c98e9e1-a9e7-49ee-b9fd-0cb5bd7814f7'),
    ('d215b5f8-0249-4dc5-89a3-51fd148cfb21', '9ba179ed-d26d-4828-a0f6-8836c2063992'),
    ('d215b5f8-0249-4dc5-89a3-51fd148cfb22', 'b029f559-52a8-4699-b595-71161498ed8c'),
    ('d215b5f8-0249-4dc5-89a3-51fd148cfb23', '8c98e9e1-a9e7-49ee-b9fd-0cb5bd7814f7');

INSERT INTO public.review(id, certificate_course_id, rating, content, created_by, updated_by)
VALUES
    ('d215b5f8-0249-4dc5-89a3-51fd148cfb15', 'd215b5f8-0249-4dc5-89a3-51fd148cfb15', 5, 'Great course! I learned a lot from it.', '9ba179ed-d26d-4828-a0f6-8836c2063992', '9ba179ed-d26d-4828-a0f6-8836c2063992'),
    ('d215b5f8-0249-4dc5-89a3-51fd148cfb16', 'd215b5f8-0249-4dc5-89a3-51fd148cfb15', 4, 'Good course! I enjoyed it.', 'b029f559-52a8-4699-b595-71161498ed8c', 'b029f559-52a8-4699-b595-71161498ed8c'),
    ('d215b5f8-0249-4dc5-89a3-51fd148cfb17', 'd215b5f8-0249-4dc5-89a3-51fd148cfb15', 3, 'Okay course. Could be better.', '8c98e9e1-a9e7-49ee-b9fd-0cb5bd7814f7', '8c98e9e1-a9e7-49ee-b9fd-0cb5bd7814f7'),
    ('d215b5f8-0249-4dc5-89a3-51fd148cfb18', 'd215b5f8-0249-4dc5-89a3-51fd148cfb16', 5, 'Great course! I learned a lot from it.', '9ba179ed-d26d-4828-a0f6-8836c2063992', '9ba179ed-d26d-4828-a0f6-8836c2063992'),
    ('d215b5f8-0249-4dc5-89a3-51fd148cfb19', 'd215b5f8-0249-4dc5-89a3-51fd148cfb16', 4, 'Good course! I enjoyed it.', 'b029f559-52a8-4699-b595-71161498ed8c', 'b029f559-52a8-4699-b595-71161498ed8c'),
    ('d215b5f8-0249-4dc5-89a3-51fd148cfb20', 'd215b5f8-0249-4dc5-89a3-51fd148cfb16', 3, 'Okay course. Could be better.', '8c98e9e1-a9e7-49ee-b9fd-0cb5bd7814f7', '8c98e9e1-a9e7-49ee-b9fd-0cb5bd7814f7'),
    ('d215b5f8-0249-4dc5-89a3-51fd148cfb21', 'd215b5f8-0249-4dc5-89a3-51fd148cfb17', 5, 'Great course! I learned a lot from it.', '9ba179ed-d26d-4828-a0f6-8836c2063992', '9ba179ed-d26d-4828-a0f6-8836c2063992'),
    ('d215b5f8-0249-4dc5-89a3-51fd148cfb22', 'd215b5f8-0249-4dc5-89a3-51fd148cfb17', 4, 'Good course! I enjoyed it.', 'b029f559-52a8-4699-b595-71161498ed8c', 'b029f559-52a8-4699-b595-71161498ed8c'),
    ('d215b5f8-0249-4dc5-89a3-51fd148cfb23', 'd215b5f8-0249-4dc5-89a3-51fd148cfb17', 3, 'Okay course. Could be better.', '8c98e9e1-a9e7-49ee-b9fd-0cb5bd7814f7', '8c98e9e1-a9e7-49ee-b9fd-0cb5bd7814f7');

INSERT INTO public.chapter(id, certificate_course_id, no, title, description, created_by, updated_by)
VALUES
    ('d215b5f8-0249-4dc5-89a3-51fd148cfb15', 'd215b5f8-0249-4dc5-89a3-51fd148cfb15', 1, 'Introduction to Python', 'This chapter introduces Python programming and covers basic concepts such as data types, control structures, and functions.', '9ba179ed-d26d-4828-a0f6-8836c2063992', '9ba179ed-d26d-4828-a0f6-8836c2063992'),
    ('d215b5f8-0249-4dc5-89a3-51fd148cfb16', 'd215b5f8-0249-4dc5-89a3-51fd148cfb15', 2, 'Advanced Python Programming', 'This chapter covers advanced Python programming topics such as object-oriented programming, data structures, and algorithms.', 'b029f559-52a8-4699-b595-71161498ed8c', 'b029f559-52a8-4699-b595-71161498ed8c'),
    ('d215b5f8-0249-4dc5-89a3-51fd148cfb17', 'd215b5f8-0249-4dc5-89a3-51fd148cfb15', 3, 'Python Projects', 'This chapter focuses on building real-world Python projects to apply the knowledge and skills learned in the previous chapters.', '8c98e9e1-a9e7-49ee-b9fd-0cb5bd7814f7', '8c98e9e1-a9e7-49ee-b9fd-0cb5bd7814f7'),
    ('d215b5f8-0249-4dc5-89a3-51fd148cfb18', 'd215b5f8-0249-4dc5-89a3-51fd148cfb16', 1, 'Introduction to Java', 'This chapter introduces Java programming and covers basic concepts such as data types, control structures, and functions.', '9ba179ed-d26d-4828-a0f6-8836c2063992', '9ba179ed-d26d-4828-a0f6-8836c2063992'),
    ('d215b5f8-0249-4dc5-89a3-51fd148cfb19', 'd215b5f8-0249-4dc5-89a3-51fd148cfb16', 2, 'Advanced Java Programming', 'This chapter covers advanced Java programming topics such as object-oriented programming, data structures, and algorithms.', 'b029f559-52a8-4699-b595-71161498ed8c', 'b029f559-52a8-4699-b595-71161498ed8c'),
    ('d215b5f8-0249-4dc5-89a3-51fd148cfb20', 'd215b5f8-0249-4dc5-89a3-51fd148cfb16', 3, 'Java Projects', 'This chapter focuses on building real-world Java projects to apply the knowledge and skills learned in the previous chapters.', '8c98e9e1-a9e7-49ee-b9fd-0cb5bd7814f7', '8c98e9e1-a9e7-49ee-b9fd-0cb5bd7814f7'),
    ('d215b5f8-0249-4dc5-89a3-51fd148cfb21', 'd215b5f8-0249-4dc5-89a3-51fd148cfb17', 1, 'Introduction to Stacks and Queues', 'This chapter introduces stacks and queues and covers basic concepts such as implementation, operations, and applications.', '9ba179ed-d26d-4828-a0f6-8836c2063992', '9ba179ed-d26d-4828-a0f6-8836c2063992'),
    ('d215b5f8-0249-4dc5-89a3-51fd148cfb22', 'd215b5f8-0249-4dc5-89a3-51fd148cfb17', 2, 'Linked Lists', 'This chapter covers linked lists and their implementation, operations, and applications.', 'b029f559-52a8-4699-b595-71161498ed8c', 'b029f559-52a8-4699-b595-71161498ed8c'),
    ('d215b5f8-0249-4dc5-89a3-51fd148cfb23', 'd215b5f8-0249-4dc5-89a3-51fd148cfb17', 3, 'Binary Trees', 'This chapter covers binary trees and their implementation, operations, and applications.', '8c98e9e1-a9e7-49ee-b9fd-0cb5bd7814f7', '8c98e9e1-a9e7-49ee-b9fd-0cb5bd7814f7'),
    ('d215b5f8-0249-4dc5-89a3-51fd148cfb24', 'd215b5f8-0249-4dc5-89a3-51fd148cfb18', 1, 'Introduction to Stacks and Queues', 'This chapter introduces stacks and queues and covers basic concepts such as implementation, operations, and applications.', '9ba179ed-d26d-4828-a0f6-8836c2063992', '9ba179ed-d26d-4828-a0f6-8836c2063992'),
    ('d215b5f8-0249-4dc5-89a3-51fd148cfb25', 'd215b5f8-0249-4dc5-89a3-51fd148cfb18', 2, 'Linked Lists', 'This chapter covers linked lists and their implementation, operations, and applications.', 'b029f559-52a8-4699-b595-71161498ed8c', 'b029f559-52a8-4699-b595-71161498ed8c'),
    ('d215b5f8-0249-4dc5-89a3-51fd148cfb26', 'd215b5f8-0249-4dc5-89a3-51fd148cfb18', 3, 'Binary Trees', 'This chapter covers binary trees and their implementation, operations, and applications.', '8c98e9e1-a9e7-49ee-b9fd-0cb5bd7814f7', '8c98e9e1-a9e7-49ee-b9fd-0cb5bd7814f7'),
    ('d215b5f8-0249-4dc5-89a3-51fd148cfb27', 'd215b5f8-0249-4dc5-89a3-51fd148cfb19', 1, 'Introduction to Stacks and Queues', 'This chapter introduces stacks and queues and covers basic concepts such as implementation, operations, and applications.', '9ba179ed-d26d-4828-a0f6-8836c2063992', '9ba179ed-d26d-4828-a0f6-8836c2063992'),
    ('d215b5f8-0249-4dc5-89a3-51fd148cfb28', 'd215b5f8-0249-4dc5-89a3-51fd148cfb19', 2, 'Linked Lists', 'This chapter covers linked lists and their implementation, operations, and applications.', 'b029f559-52a8-4699-b595-71161498ed8c', 'b029f559-52a8-4699-b595-71161498ed8c'),
    ('d215b5f8-0249-4dc5-89a3-51fd148cfb29', 'd215b5f8-0249-4dc5-89a3-51fd148cfb19', 3, 'Binary Trees', 'This chapter covers binary trees and their implementation, operations, and applications.', '8c98e9e1-a9e7-49ee-b9fd-0cb5bd7814f7', '8c98e9e1-a9e7-49ee-b9fd-0cb5bd7814f7'),
    ('d215b5f8-0249-4dc5-89a3-51fd148cfb30', 'd215b5f8-0249-4dc5-89a3-51fd148cfb20', 1, 'Introduction to Stacks and Queues', 'This chapter introduces stacks and queues and covers basic concepts such as implementation, operations, and applications.', '9ba179ed-d26d-4828-a0f6-8836c2063992', '9ba179ed-d26d-4828-a0f6-8836c2063992'),
    ('d215b5f8-0249-4dc5-89a3-51fd148cfb31', 'd215b5f8-0249-4dc5-89a3-51fd148cfb20', 2, 'Linked Lists', 'This chapter covers linked lists and their implementation, operations, and applications.', 'b029f559-52a8-4699-b595-71161498ed8c', 'b029f559-52a8-4699-b595-71161498ed8c'),
    ('d215b5f8-0249-4dc5-89a3-51fd148cfb32', 'd215b5f8-0249-4dc5-89a3-51fd148cfb20', 3, 'Binary Trees', 'This chapter covers binary trees and their implementation, operations, and applications.', '8c98e9e1-a9e7-49ee-b9fd-0cb5bd7814f7', '8c98e9e1-a9e7-49ee-b9fd-0cb5bd7814f7'),
    ('d215b5f8-0249-4dc5-89a3-51fd148cfb33', 'd215b5f8-0249-4dc5-89a3-51fd148cfb21', 1, 'Introduction to Stacks and Queues', 'This chapter introduces stacks and queues and covers basic concepts such as implementation, operations, and applications.', '9ba179ed-d26d-4828-a0f6-8836c2063992', '9ba179ed-d26d-4828-a0f6-8836c2063992'),
    ('d215b5f8-0249-4dc5-89a3-51fd148cfb34', 'd215b5f8-0249-4dc5-89a3-51fd148cfb21', 2, 'Linked Lists', 'This chapter covers linked lists and their implementation, operations, and applications.', 'b029f559-52a8-4699-b595-71161498ed8c', 'b029f559-52a8-4699-b595-71161498ed8c'),
    ('d215b5f8-0249-4dc5-89a3-51fd148cfb35', 'd215b5f8-0249-4dc5-89a3-51fd148cfb21', 3, 'Binary Trees', 'This chapter covers binary trees and their implementation, operations, and applications.', '8c98e9e1-a9e7-49ee-b9fd-0cb5bd7814f7', '8c98e9e1-a9e7-49ee-b9fd-0cb5bd7814f7'),
    ('d215b5f8-0249-4dc5-89a3-51fd148cfb36', 'd215b5f8-0249-4dc5-89a3-51fd148cfb22', 1, 'Introduction to Stacks and Queues', 'This chapter introduces stacks and queues and covers basic concepts such as implementation, operations, and applications.', '9ba179ed-d26d-4828-a0f6-8836c2063992', '9ba179ed-d26d-4828-a0f6-8836c2063992'),
    ('d215b5f8-0249-4dc5-89a3-51fd148cfb37', 'd215b5f8-0249-4dc5-89a3-51fd148cfb22', 2, 'Linked Lists', 'This chapter covers linked lists and their implementation, operations, and applications.', 'b029f559-52a8-4699-b595-71161498ed8c', 'b029f559-52a8-4699-b595-71161498ed8c'),
    ('d215b5f8-0249-4dc5-89a3-51fd148cfb38', 'd215b5f8-0249-4dc5-89a3-51fd148cfb22', 3, 'Binary Trees', 'This chapter covers binary trees and their implementation, operations, and applications.', '8c98e9e1-a9e7-49ee-b9fd-0cb5bd7814f7', '8c98e9e1-a9e7-49ee-b9fd-0cb5bd7814f7'),
    ('d215b5f8-0249-4dc5-89a3-51fd148cfb39', 'd215b5f8-0249-4dc5-89a3-51fd148cfb23', 1, 'Introduction to Stacks and Queues', 'This chapter introduces stacks and queues and covers basic concepts such as implementation, operations, and applications.', '9ba179ed-d26d-4828-a0f6-8836c2063992', '9ba179ed-d26d-4828-a0f6-8836c2063992'),
    ('d215b5f8-0249-4dc5-89a3-51fd148cfb40', 'd215b5f8-0249-4dc5-89a3-51fd148cfb23', 2, 'Linked Lists', 'This chapter covers linked lists and their implementation, operations, and applications.', 'b029f559-52a8-4699-b595-71161498ed8c', 'b029f559-52a8-4699-b595-71161498ed8c'),
    ('d215b5f8-0249-4dc5-89a3-51fd148cfb41', 'd215b5f8-0249-4dc5-89a3-51fd148cfb23', 3, 'Binary Trees', 'This chapter covers binary trees and their implementation, operations, and applications.', '8c98e9e1-a9e7-49ee-b9fd-0cb5bd7814f7', '8c98e9e1-a9e7-49ee-b9fd-0cb5bd7814f7');


-- resource_type: 'CODE', 'LESSON', 'VIDEO'
-- Generate me 5 resources for each chapter with mixed resource types
INSERT INTO public.chapter_resource(id, no, chapter_id, resource_type, title, question_id, lesson_html, youtube_video_url)
VALUES
    ('d215b5f8-0249-4dc5-89a3-51fd148cfb15', 1, 'd215b5f8-0249-4dc5-89a3-51fd148cfb15', 'CODE', 'Question 1', 'b6484e21-6937-489c-b031-b71767994221', NULL, NULL),
    ('d215b5f8-0249-4dc5-89a3-51fd148cfb16', 2, 'd215b5f8-0249-4dc5-89a3-51fd148cfb15', 'LESSON', 'This is a lesson on Python programming.', NULL, '<p>This is a lesson on Python programming.</p>', NULL),
    ('d215b5f8-0249-4dc5-89a3-51fd148cfb17', 3, 'd215b5f8-0249-4dc5-89a3-51fd148cfb15', 'VIDEO', 'Video on Python programming', NULL, NULL, 'https://youtu.be/rfscVS0vtbw?si=nAn_wxmKoIdCMwGy'),
    ('d215b5f8-0249-4dc5-89a3-51fd148cfb18', 4, 'd215b5f8-0249-4dc5-89a3-51fd148cfb15', 'CODE', 'Question 2', 'b6484e21-6937-489c-b031-b71767994737', NULL, NULL),
    ('d215b5f8-0249-4dc5-89a3-51fd148cfb19', 5, 'd215b5f8-0249-4dc5-89a3-51fd148cfb15', 'LESSON', 'This is a lesson on Python programming.', NULL, '<p>This is a lesson on Python programming.</p>', NULL),
    ('d215b5f8-0249-4dc5-89a3-51fd148cfb20', 6, 'd215b5f8-0249-4dc5-89a3-51fd148cfb15', 'VIDEO', 'Video on Python programming', NULL, NULL, 'https://youtu.be/rfscVS0vtbw?si=nAn_wxmKoIdCMwGy'),
    ('d215b5f8-0249-4dc5-89a3-51fd148cfb21', 1, 'd215b5f8-0249-4dc5-89a3-51fd148cfb16', 'CODE', 'Question 1', 'b6484e21-6937-489c-b031-b71767994738', NULL, NULL),
    ('d215b5f8-0249-4dc5-89a3-51fd148cfb22', 2, 'd215b5f8-0249-4dc5-89a3-51fd148cfb16', 'LESSON', 'This is a lesson on Python programming.', NULL, '<p>This is a lesson on Python programming.</p>', NULL),
    ('d215b5f8-0249-4dc5-89a3-51fd148cfb23', 3, 'd215b5f8-0249-4dc5-89a3-51fd148cfb16', 'VIDEO', 'Video on Python programming', NULL, NULL, 'https://youtu.be/rfscVS0vtbw?si=nAn_wxmKoIdCMwGy'),
    ('d215b5f8-0249-4dc5-89a3-51fd148cfb24', 4, 'd215b5f8-0249-4dc5-89a3-51fd148cfb16', 'CODE', 'Question 2', 'b6484e21-6937-489c-b031-b71767994739', NULL, NULL),
    ('d215b5f8-0249-4dc5-89a3-51fd148cfb25', 5, 'd215b5f8-0249-4dc5-89a3-51fd148cfb16', 'LESSON', 'This is a lesson on Python programming.', NULL, '<p>This is a lesson on Python programming.</p>', NULL),
    ('d215b5f8-0249-4dc5-89a3-51fd148cfb26', 6, 'd215b5f8-0249-4dc5-89a3-51fd148cfb16', 'VIDEO', 'Video on Python programming', NULL, NULL, 'https://youtu.be/rfscVS0vtbw?si=nAn_wxmKoIdCMwGy'),
    ('d215b5f8-0249-4dc5-89a3-51fd148cfb27', 1, 'd215b5f8-0249-4dc5-89a3-51fd148cfb17', 'CODE', 'Question 1', 'b6484e21-6937-489c-b031-b71767994740', NULL, NULL),
    ('d215b5f8-0249-4dc5-89a3-51fd148cfb28', 2, 'd215b5f8-0249-4dc5-89a3-51fd148cfb17', 'LESSON', 'This is a lesson on Python programming.', NULL, '<p>This is a lesson on Python programming.</p>', NULL),
    ('d215b5f8-0249-4dc5-89a3-51fd148cfb29', 3, 'd215b5f8-0249-4dc5-89a3-51fd148cfb17', 'VIDEO', 'Video on Python programming', NULL, NULL, 'https://youtu.be/rfscVS0vtbw?si=nAn_wxmKoIdCMwGy'),
    ('d215b5f8-0249-4dc5-89a3-51fd148cfb30', 4, 'd215b5f8-0249-4dc5-89a3-51fd148cfb17', 'CODE', 'Question 2', 'b6484e21-6937-489c-b031-b71767994741', NULL, NULL),
    ('d215b5f8-0249-4dc5-89a3-51fd148cfb31', 5, 'd215b5f8-0249-4dc5-89a3-51fd148cfb17', 'LESSON', 'This is a lesson on Python programming.', NULL, '<p>This is a lesson on Python programming.</p>', NULL),
    ('d215b5f8-0249-4dc5-89a3-51fd148cfb32', 6, 'd215b5f8-0249-4dc5-89a3-51fd148cfb17', 'VIDEO', 'Video on Python programming', NULL, NULL, 'https://youtu.be/rfscVS0vtbw?si=nAn_wxmKoIdCMwGy'),
    ('d215b5f8-0249-4dc5-89a3-51fd148cfb33', 1, 'd215b5f8-0249-4dc5-89a3-51fd148cfb18', 'CODE', 'Question 1', 'b6484e21-6937-489c-b031-b71767994221', NULL, NULL),
    ('d215b5f8-0249-4dc5-89a3-51fd148cfb34', 2, 'd215b5f8-0249-4dc5-89a3-51fd148cfb18', 'LESSON', 'This is a lesson on Python programming.', NULL, '<p>This is a lesson on Python programming.</p>', NULL),
    ('d215b5f8-0249-4dc5-89a3-51fd148cfb35', 3, 'd215b5f8-0249-4dc5-89a3-51fd148cfb18', 'VIDEO', 'Video on Python programming', NULL, NULL, 'https://youtu.be/rfscVS0vtbw?si=nAn_wxmKoIdCMwGy'),
    ('d215b5f8-0249-4dc5-89a3-51fd148cfb36', 4, 'd215b5f8-0249-4dc5-89a3-51fd148cfb18', 'LESSON', 'This is a lesson on Python programming.', NULL, '<p>This is a lesson on Python programming.</p>', NULL),
    ('d215b5f8-0249-4dc5-89a3-51fd148cfb37', 5, 'd215b5f8-0249-4dc5-89a3-51fd148cfb18', 'VIDEO', 'Video on Python programming', NULL, NULL, 'https://youtu.be/rfscVS0vtbw?si=nAn_wxmKoIdCMwGy'),
    ('d215b5f8-0249-4dc5-89a3-51fd148cfb38', 1, 'd215b5f8-0249-4dc5-89a3-51fd148cfb19', 'LESSON', 'This is a lesson on Python programming.', NULL, '<p>This is a lesson on Python programming.</p>', NULL),
    ('d215b5f8-0249-4dc5-89a3-51fd148cfb39', 2, 'd215b5f8-0249-4dc5-89a3-51fd148cfb19', 'VIDEO', 'Video on Python programming', NULL, NULL, 'https://youtu.be/rfscVS0vtbw?si=nAn_wxmKoIdCMwGy'),
    ('d215b5f8-0249-4dc5-89a3-51fd148cfb40', 1, 'd215b5f8-0249-4dc5-89a3-51fd148cfb20', 'LESSON', 'This is a lesson on Python programming.', NULL, '<p>This is a lesson on Python programming.</p>', NULL),
    ('d215b5f8-0249-4dc5-89a3-51fd148cfb41', 2, 'd215b5f8-0249-4dc5-89a3-51fd148cfb20', 'VIDEO', 'Video on Python programming', NULL, NULL, 'https://youtu.be/rfscVS0vtbw?si=nAn_wxmKoIdCMwGy');



INSERT INTO public.contest(id, name, description, prizes, rules, scoring, thumbnail_url, start_time, end_time, created_by, updated_by, is_public, org_id, is_disabled_forum)
VALUES
    ('d215b5f8-0249-4dc5-89a3-51fd148cfb15', 'Weekly Contest 01',
     '<h3>Welcome to the 1st CodeDynamite Weekly Contest</h3><p><br></p><p>We are thrilled to present the inaugural CodeDynamite Weekly Contest, a premier event designed to challenge your coding skills and ignite your passion for programming. Whether you''re a seasoned developer or a coding enthusiast, this contest offers a unique opportunity to showcase your talents, compete with like-minded individuals, and win exciting prizes.</p><p><br></p><p><strong>About the contest:</strong></p><ul><li><strong>Sponsored by:</strong> CodeDynamite, your go-to platform for cutting-edge coding resources and community support.</li><li><strong>When:</strong> Every week, with fresh and exciting challenges that cater to various skill levels.</li><li><strong>Who Can Participate:</strong> Open to all coding enthusiasts, regardless of experience level.</li></ul><p><br></p><p><strong>Why Join?</strong></p><ul><li><strong>Challenge Yourself:</strong> Tackle a variety of coding problems that will test your creativity and problem-solving abilities.</li><li><strong>Learn and Grow:</strong> Gain new insights and improve your coding skills through hands-on practice and real-time competition.</li><li><strong>Win Prizes:</strong> Stand a chance to win amazing rewards and earn recognition within the coding community.</li></ul><p><br></p><p><strong>How to Register:</strong></p><ul><li>Simply click the registration link below and fill out the required details to secure your spot in the contest.</li><li>Registration is quick, easy, and free!</li></ul><p><br></p><p><strong>Don’t miss out on this fantastic opportunity to connect, compete, and code with the best!</strong></p><p><br></p><p><strong>Register for the contest now and let your coding journey begin!</strong></p><p><a href="https://codedynamite.site/#/contests/d215b5f8-0249-4dc5-89a3-51fd148cfb15/information" rel="noopener noreferrer" target="_blank">Link to register</a></p><p><br></p><p><br></p>',
     '<p><strong>🎉 Juicy Prizes Await You! 🎉</strong></p><p><br></p><p>Get ready to win some amazing rewards in the 1st CodeDynamite Weekly Contest! Here are the fantastic prizes up for grabs:</p><p><br></p><p><strong>1st Place:</strong></p><ul><li><strong>$500 Cash Prize</strong></li><li><strong>Exclusive CodeDynamite T-Shirt</strong></li><li><strong>Personalized Winner''s Certificate</strong></li></ul><p><br></p><p><strong>2nd Place:</strong></p><ul><li><strong>$250 Cash Prize</strong></li><li><strong>Exclusive CodeDynamite Hoodie</strong></li><li><strong>Personalized Runner-Up Certificate</strong></li></ul><p><br></p><p><strong>3rd Place:</strong></p><ul><li><strong>$100 Cash Prize</strong></li><li><strong>Exclusive CodeDynamite Mug</strong></li><li><strong>Personalized Certificate of Achievement</strong></li></ul><p><br></p><p>Don''t miss your chance to win these incredible prizes and gain recognition in the coding community. <a href="https://codedynamite.site/#/contests/d215b5f8-0249-4dc5-89a3-51fd148cfb16/information" rel="noopener noreferrer" target="_blank"><strong>Register now</strong></a> and let the competition begin!</p>',
     '<ol><li>Participants must submit their solutions before the end time.</li><li>Participants must follow the contest rules and guidelines.</li><li>Participants must not cheat or plagiarize.</li></ol>',
     '<p><strong>Pre-determined Challenge Scores:</strong></p><p>Each challenge you conquer has a pre-set score waiting to be claimed. The more complex the challenge, the higher the score you can rack up!</p><p><br></p><p><strong>Test Cases: Your Gateway to Glory:</strong></p><p>Each challenge comes with a battery of test cases designed to put your code through its paces. Every test case you conquer translates into points towards your final score. The more test cases you dominate, the closer you get to scoring supremacy!</p><p><br></p><p><strong>Multiple Submissions? No Problem!</strong></p><p>Feeling creative and tinkering with different solutions? No sweat! We take your highest scoring submission for each challenge into account, so fire away with your best attempts.</p><p><br></p><p><strong>The Leaderboard Beckons: It''s All About the Rank</strong></p><p>Participants are ranked on the glorious leaderboard based on their total score. But what happens when coders achieve the same score? Buckle up, because things get exciting!</p><p><br></p><p><strong>Tie-Breaker Time: Speed Demons Unite!</strong></p><p>In the thrilling case of a tie, the tie-breaker comes down to <strong>speed</strong>. The participant who submitted their highest-scoring solution in the <strong>shortest amount of time</strong> reigns supreme! So, channel your inner coding ninja and blaze through those challenges for ultimate glory.</p>',
     'https://leetcode.com/_next/static/images/weekly-default-553ede7bcc8e1b4a44c28a9e4a32068c.png',
     '2024-07-01 09:30:00.000000+07',
     '2024-07-01 10:30:00.000000+07',
     'b029f559-52a8-4699-b595-71161498ed8c',
     'b029f559-52a8-4699-b595-71161498ed8c',
     true,
     null,
     true
    ),
    ('d215b5f8-0249-4dc5-89a3-51fd148cfb16', 'Weekly Contest 02',
     '<h3>Welcome to the 2nd CodeDynamite Weekly Contest</h3><p><br></p><p>We are thrilled to present the inaugural CodeDynamite Weekly Contest, a premier event designed to challenge your coding skills and ignite your passion for programming. Whether you''re a seasoned developer or a coding enthusiast, this contest offers a unique opportunity to showcase your talents, compete with like-minded individuals, and win exciting prizes.</p><p><br></p><p><strong>About the contest:</strong></p><ul><li><strong>Sponsored by:</strong> CodeDynamite, your go-to platform for cutting-edge coding resources and community support.</li><li><strong>When:</strong> Every week, with fresh and exciting challenges that cater to various skill levels.</li><li><strong>Who Can Participate:</strong> Open to all coding enthusiasts, regardless of experience level.</li></ul><p><br></p><p><strong>Why Join?</strong></p><ul><li><strong>Challenge Yourself:</strong> Tackle a variety of coding problems that will test your creativity and problem-solving abilities.</li><li><strong>Learn and Grow:</strong> Gain new insights and improve your coding skills through hands-on practice and real-time competition.</li><li><strong>Win Prizes:</strong> Stand a chance to win amazing rewards and earn recognition within the coding community.</li></ul><p><br></p><p><strong>How to Register:</strong></p><ul><li>Simply click the registration link below and fill out the required details to secure your spot in the contest.</li><li>Registration is quick, easy, and free!</li></ul><p><br></p><p><strong>Don’t miss out on this fantastic opportunity to connect, compete, and code with the best!</strong></p><p><br></p><p><strong>Register for the contest now and let your coding journey begin!</strong></p><p><a href="https://codedynamite.site/#/contests/d215b5f8-0249-4dc5-89a3-51fd148cfb16/information" rel="noopener noreferrer" target="_blank">Link to register</a></p><p><br></p><p><br></p>',
     '<p><strong>🎉 Juicy Prizes Await You! 🎉</strong></p><p><br></p><p>Get ready to win some amazing rewards in the 1st CodeDynamite Weekly Contest! Here are the fantastic prizes up for grabs:</p><p><br></p><p><strong>1st Place:</strong></p><ul><li><strong>$500 Cash Prize</strong></li><li><strong>Exclusive CodeDynamite T-Shirt</strong></li><li><strong>Personalized Winner''s Certificate</strong></li></ul><p><br></p><p><strong>2nd Place:</strong></p><ul><li><strong>$250 Cash Prize</strong></li><li><strong>Exclusive CodeDynamite Hoodie</strong></li><li><strong>Personalized Runner-Up Certificate</strong></li></ul><p><br></p><p><strong>3rd Place:</strong></p><ul><li><strong>$100 Cash Prize</strong></li><li><strong>Exclusive CodeDynamite Mug</strong></li><li><strong>Personalized Certificate of Achievement</strong></li></ul><p><br></p><p>Don''t miss your chance to win these incredible prizes and gain recognition in the coding community. <a href="https://codedynamite.site/#/contests/d215b5f8-0249-4dc5-89a3-51fd148cfb16/information" rel="noopener noreferrer" target="_blank"><strong>Register now</strong></a> and let the competition begin!</p>',
     '<ol><li>Participants must submit their solutions before the end time.</li><li>Participants must follow the contest rules and guidelines.</li><li>Participants must not cheat or plagiarize.</li></ol>',
     '<p><strong>Pre-determined Challenge Scores:</strong></p><p>Each challenge you conquer has a pre-set score waiting to be claimed. The more complex the challenge, the higher the score you can rack up!</p><p><br></p><p><strong>Test Cases: Your Gateway to Glory:</strong></p><p>Each challenge comes with a battery of test cases designed to put your code through its paces. Every test case you conquer translates into points towards your final score. The more test cases you dominate, the closer you get to scoring supremacy!</p><p><br></p><p><strong>Multiple Submissions? No Problem!</strong></p><p>Feeling creative and tinkering with different solutions? No sweat! We take your highest scoring submission for each challenge into account, so fire away with your best attempts.</p><p><br></p><p><strong>The Leaderboard Beckons: It''s All About the Rank</strong></p><p>Participants are ranked on the glorious leaderboard based on their total score. But what happens when coders achieve the same score? Buckle up, because things get exciting!</p><p><br></p><p><strong>Tie-Breaker Time: Speed Demons Unite!</strong></p><p>In the thrilling case of a tie, the tie-breaker comes down to <strong>speed</strong>. The participant who submitted their highest-scoring solution in the <strong>shortest amount of time</strong> reigns supreme! So, channel your inner coding ninja and blaze through those challenges for ultimate glory.</p>',
     'https://leetcode.com/_next/static/images/biweekly-default-f5a8fc3be85b6c9175207fd8fd855d47.png',
     '2024-07-08 09:30:00.000000+07',
     '2024-07-08 10:30:00.000000+07',
     'b029f559-52a8-4699-b595-71161498ed8c',
     'b029f559-52a8-4699-b595-71161498ed8c',
     true,
     null,
     true
    ),
    ('d215b5f8-0249-4dc5-89a3-51fd148cfb17', 'Weekly Contest 03',
     '<h3>Welcome to the 3rd CodeDynamite Weekly Contest</h3><p><br></p><p>We are thrilled to present the inaugural CodeDynamite Weekly Contest, a premier event designed to challenge your coding skills and ignite your passion for programming. Whether you''re a seasoned developer or a coding enthusiast, this contest offers a unique opportunity to showcase your talents, compete with like-minded individuals, and win exciting prizes.</p><p><br></p><p><strong>About the contest:</strong></p><ul><li><strong>Sponsored by:</strong> CodeDynamite, your go-to platform for cutting-edge coding resources and community support.</li><li><strong>When:</strong> Every week, with fresh and exciting challenges that cater to various skill levels.</li><li><strong>Who Can Participate:</strong> Open to all coding enthusiasts, regardless of experience level.</li></ul><p><br></p><p><strong>Why Join?</strong></p><ul><li><strong>Challenge Yourself:</strong> Tackle a variety of coding problems that will test your creativity and problem-solving abilities.</li><li><strong>Learn and Grow:</strong> Gain new insights and improve your coding skills through hands-on practice and real-time competition.</li><li><strong>Win Prizes:</strong> Stand a chance to win amazing rewards and earn recognition within the coding community.</li></ul><p><br></p><p><strong>How to Register:</strong></p><ul><li>Simply click the registration link below and fill out the required details to secure your spot in the contest.</li><li>Registration is quick, easy, and free!</li></ul><p><br></p><p><strong>Don’t miss out on this fantastic opportunity to connect, compete, and code with the best!</strong></p><p><br></p><p><strong>Register for the contest now and let your coding journey begin!</strong></p><p><a href="https://codedynamite.site/#/contests/d215b5f8-0249-4dc5-89a3-51fd148cfb17/information" rel="noopener noreferrer" target="_blank">Link to register</a></p><p><br></p><p><br></p>',
     '<p><strong>🎉 Juicy Prizes Await You! 🎉</strong></p><p><br></p><p>Get ready to win some amazing rewards in the 1st CodeDynamite Weekly Contest! Here are the fantastic prizes up for grabs:</p><p><br></p><p><strong>1st Place:</strong></p><ul><li><strong>$500 Cash Prize</strong></li><li><strong>Exclusive CodeDynamite T-Shirt</strong></li><li><strong>Personalized Winner''s Certificate</strong></li></ul><p><br></p><p><strong>2nd Place:</strong></p><ul><li><strong>$250 Cash Prize</strong></li><li><strong>Exclusive CodeDynamite Hoodie</strong></li><li><strong>Personalized Runner-Up Certificate</strong></li></ul><p><br></p><p><strong>3rd Place:</strong></p><ul><li><strong>$100 Cash Prize</strong></li><li><strong>Exclusive CodeDynamite Mug</strong></li><li><strong>Personalized Certificate of Achievement</strong></li></ul><p><br></p><p>Don''t miss your chance to win these incredible prizes and gain recognition in the coding community. <a href="https://codedynamite.site/#/contests/d215b5f8-0249-4dc5-89a3-51fd148cfb16/information" rel="noopener noreferrer" target="_blank"><strong>Register now</strong></a> and let the competition begin!</p>',
     '<ol><li>Participants must submit their solutions before the end time.</li><li>Participants must follow the contest rules and guidelines.</li><li>Participants must not cheat or plagiarize.</li></ol>',
     '<p><strong>Pre-determined Challenge Scores:</strong></p><p>Each challenge you conquer has a pre-set score waiting to be claimed. The more complex the challenge, the higher the score you can rack up!</p><p><br></p><p><strong>Test Cases: Your Gateway to Glory:</strong></p><p>Each challenge comes with a battery of test cases designed to put your code through its paces. Every test case you conquer translates into points towards your final score. The more test cases you dominate, the closer you get to scoring supremacy!</p><p><br></p><p><strong>Multiple Submissions? No Problem!</strong></p><p>Feeling creative and tinkering with different solutions? No sweat! We take your highest scoring submission for each challenge into account, so fire away with your best attempts.</p><p><br></p><p><strong>The Leaderboard Beckons: It''s All About the Rank</strong></p><p>Participants are ranked on the glorious leaderboard based on their total score. But what happens when coders achieve the same score? Buckle up, because things get exciting!</p><p><br></p><p><strong>Tie-Breaker Time: Speed Demons Unite!</strong></p><p>In the thrilling case of a tie, the tie-breaker comes down to <strong>speed</strong>. The participant who submitted their highest-scoring solution in the <strong>shortest amount of time</strong> reigns supreme! So, channel your inner coding ninja and blaze through those challenges for ultimate glory.</p>',
     'https://assets.leetcode.com/contest/weekly-contest-291/card_img_1654267951.png',
     '2024-07-15 09:30:00.000000+07',
     '2024-07-15 10:30:00.000000+07',
     'b029f559-52a8-4699-b595-71161498ed8c',
     'b029f559-52a8-4699-b595-71161498ed8c',
     true,
     null,
     true
    ),
    ('d215b5f8-0249-4dc5-89a3-51fd148cfb18', 'Weekly Contest 04',
     '<h3>Welcome to the 4th CodeDynamite Weekly Contest</h3><p><br></p><p>We are thrilled to present the inaugural CodeDynamite Weekly Contest, a premier event designed to challenge your coding skills and ignite your passion for programming. Whether you''re a seasoned developer or a coding enthusiast, this contest offers a unique opportunity to showcase your talents, compete with like-minded individuals, and win exciting prizes.</p><p><br></p><p><strong>About the contest:</strong></p><ul><li><strong>Sponsored by:</strong> CodeDynamite, your go-to platform for cutting-edge coding resources and community support.</li><li><strong>When:</strong> Every week, with fresh and exciting challenges that cater to various skill levels.</li><li><strong>Who Can Participate:</strong> Open to all coding enthusiasts, regardless of experience level.</li></ul><p><br></p><p><strong>Why Join?</strong></p><ul><li><strong>Challenge Yourself:</strong> Tackle a variety of coding problems that will test your creativity and problem-solving abilities.</li><li><strong>Learn and Grow:</strong> Gain new insights and improve your coding skills through hands-on practice and real-time competition.</li><li><strong>Win Prizes:</strong> Stand a chance to win amazing rewards and earn recognition within the coding community.</li></ul><p><br></p><p><strong>How to Register:</strong></p><ul><li>Simply click the registration link below and fill out the required details to secure your spot in the contest.</li><li>Registration is quick, easy, and free!</li></ul><p><br></p><p><strong>Don’t miss out on this fantastic opportunity to connect, compete, and code with the best!</strong></p><p><br></p><p><strong>Register for the contest now and let your coding journey begin!</strong></p><p><a href="https://codedynamite.site/#/contests/d215b5f8-0249-4dc5-89a3-51fd148cfb18/information" rel="noopener noreferrer" target="_blank">Link to register</a></p><p><br></p><p><br></p>',
     '<p><strong>🎉 Juicy Prizes Await You! 🎉</strong></p><p><br></p><p>Get ready to win some amazing rewards in the 1st CodeDynamite Weekly Contest! Here are the fantastic prizes up for grabs:</p><p><br></p><p><strong>1st Place:</strong></p><ul><li><strong>$500 Cash Prize</strong></li><li><strong>Exclusive CodeDynamite T-Shirt</strong></li><li><strong>Personalized Winner''s Certificate</strong></li></ul><p><br></p><p><strong>2nd Place:</strong></p><ul><li><strong>$250 Cash Prize</strong></li><li><strong>Exclusive CodeDynamite Hoodie</strong></li><li><strong>Personalized Runner-Up Certificate</strong></li></ul><p><br></p><p><strong>3rd Place:</strong></p><ul><li><strong>$100 Cash Prize</strong></li><li><strong>Exclusive CodeDynamite Mug</strong></li><li><strong>Personalized Certificate of Achievement</strong></li></ul><p><br></p><p>Don''t miss your chance to win these incredible prizes and gain recognition in the coding community. <a href="https://codedynamite.site/#/contests/d215b5f8-0249-4dc5-89a3-51fd148cfb16/information" rel="noopener noreferrer" target="_blank"><strong>Register now</strong></a> and let the competition begin!</p>',
     '<ol><li>Participants must submit their solutions before the end time.</li><li>Participants must follow the contest rules and guidelines.</li><li>Participants must not cheat or plagiarize.</li></ol>',
     '<p><strong>Pre-determined Challenge Scores:</strong></p><p>Each challenge you conquer has a pre-set score waiting to be claimed. The more complex the challenge, the higher the score you can rack up!</p><p><br></p><p><strong>Test Cases: Your Gateway to Glory:</strong></p><p>Each challenge comes with a battery of test cases designed to put your code through its paces. Every test case you conquer translates into points towards your final score. The more test cases you dominate, the closer you get to scoring supremacy!</p><p><br></p><p><strong>Multiple Submissions? No Problem!</strong></p><p>Feeling creative and tinkering with different solutions? No sweat! We take your highest scoring submission for each challenge into account, so fire away with your best attempts.</p><p><br></p><p><strong>The Leaderboard Beckons: It''s All About the Rank</strong></p><p>Participants are ranked on the glorious leaderboard based on their total score. But what happens when coders achieve the same score? Buckle up, because things get exciting!</p><p><br></p><p><strong>Tie-Breaker Time: Speed Demons Unite!</strong></p><p>In the thrilling case of a tie, the tie-breaker comes down to <strong>speed</strong>. The participant who submitted their highest-scoring solution in the <strong>shortest amount of time</strong> reigns supreme! So, channel your inner coding ninja and blaze through those challenges for ultimate glory.</p>',
     'https://assets.leetcode.com/contest/weekly-contest-291/card_img_1654267951.png',
     '2024-07-22 09:30:00.000000+07',
     '2024-07-22 10:30:00.000000+07',
     'b029f559-52a8-4699-b595-71161498ed8c',
     'b029f559-52a8-4699-b595-71161498ed8c',
     true,
     null,
     true
    ),
    ('d215b5f8-0249-4dc5-89a3-51fd148cfb19', 'Weekly Contest 05',
     '<h3>Welcome to the 5th CodeDynamite Weekly Contest</h3><p><br></p><p>We are thrilled to present the inaugural CodeDynamite Weekly Contest, a premier event designed to challenge your coding skills and ignite your passion for programming. Whether you''re a seasoned developer or a coding enthusiast, this contest offers a unique opportunity to showcase your talents, compete with like-minded individuals, and win exciting prizes.</p><p><br></p><p><strong>About the contest:</strong></p><ul><li><strong>Sponsored by:</strong> CodeDynamite, your go-to platform for cutting-edge coding resources and community support.</li><li><strong>When:</strong> Every week, with fresh and exciting challenges that cater to various skill levels.</li><li><strong>Who Can Participate:</strong> Open to all coding enthusiasts, regardless of experience level.</li></ul><p><br></p><p><strong>Why Join?</strong></p><ul><li><strong>Challenge Yourself:</strong> Tackle a variety of coding problems that will test your creativity and problem-solving abilities.</li><li><strong>Learn and Grow:</strong> Gain new insights and improve your coding skills through hands-on practice and real-time competition.</li><li><strong>Win Prizes:</strong> Stand a chance to win amazing rewards and earn recognition within the coding community.</li></ul><p><br></p><p><strong>How to Register:</strong></p><ul><li>Simply click the registration link below and fill out the required details to secure your spot in the contest.</li><li>Registration is quick, easy, and free!</li></ul><p><br></p><p><strong>Don’t miss out on this fantastic opportunity to connect, compete, and code with the best!</strong></p><p><br></p><p><strong>Register for the contest now and let your coding journey begin!</strong></p><p><a href="https://codedynamite.site/#/contests/d215b5f8-0249-4dc5-89a3-51fd148cfb19/information" rel="noopener noreferrer" target="_blank">Link to register</a></p><p><br></p><p><br></p>',
     '<p><strong>🎉 Juicy Prizes Await You! 🎉</strong></p><p><br></p><p>Get ready to win some amazing rewards in the 1st CodeDynamite Weekly Contest! Here are the fantastic prizes up for grabs:</p><p><br></p><p><strong>1st Place:</strong></p><ul><li><strong>$500 Cash Prize</strong></li><li><strong>Exclusive CodeDynamite T-Shirt</strong></li><li><strong>Personalized Winner''s Certificate</strong></li></ul><p><br></p><p><strong>2nd Place:</strong></p><ul><li><strong>$250 Cash Prize</strong></li><li><strong>Exclusive CodeDynamite Hoodie</strong></li><li><strong>Personalized Runner-Up Certificate</strong></li></ul><p><br></p><p><strong>3rd Place:</strong></p><ul><li><strong>$100 Cash Prize</strong></li><li><strong>Exclusive CodeDynamite Mug</strong></li><li><strong>Personalized Certificate of Achievement</strong></li></ul><p><br></p><p>Don''t miss your chance to win these incredible prizes and gain recognition in the coding community. <a href="https://codedynamite.site/#/contests/d215b5f8-0249-4dc5-89a3-51fd148cfb16/information" rel="noopener noreferrer" target="_blank"><strong>Register now</strong></a> and let the competition begin!</p>',
     '<ol><li>Participants must submit their solutions before the end time.</li><li>Participants must follow the contest rules and guidelines.</li><li>Participants must not cheat or plagiarize.</li></ol>',
     '<p><strong>Pre-determined Challenge Scores:</strong></p><p>Each challenge you conquer has a pre-set score waiting to be claimed. The more complex the challenge, the higher the score you can rack up!</p><p><br></p><p><strong>Test Cases: Your Gateway to Glory:</strong></p><p>Each challenge comes with a battery of test cases designed to put your code through its paces. Every test case you conquer translates into points towards your final score. The more test cases you dominate, the closer you get to scoring supremacy!</p><p><br></p><p><strong>Multiple Submissions? No Problem!</strong></p><p>Feeling creative and tinkering with different solutions? No sweat! We take your highest scoring submission for each challenge into account, so fire away with your best attempts.</p><p><br></p><p><strong>The Leaderboard Beckons: It''s All About the Rank</strong></p><p>Participants are ranked on the glorious leaderboard based on their total score. But what happens when coders achieve the same score? Buckle up, because things get exciting!</p><p><br></p><p><strong>Tie-Breaker Time: Speed Demons Unite!</strong></p><p>In the thrilling case of a tie, the tie-breaker comes down to <strong>speed</strong>. The participant who submitted their highest-scoring solution in the <strong>shortest amount of time</strong> reigns supreme! So, channel your inner coding ninja and blaze through those challenges for ultimate glory.</p>',
     'https://leetcode.com/_next/static/images/weekly-default-553ede7bcc8e1b4a44c28a9e4a32068c.png',
     '2024-07-29 09:30:00.000000+07',
     '2024-07-29 10:30:00.000000+07',
     'b029f559-52a8-4699-b595-71161498ed8c',
     'b029f559-52a8-4699-b595-71161498ed8c',
     true,
     null,
     true
    ),
    ('d215b5f8-0249-4dc5-89a3-51fd148cfb20',  'Weekly Contest 06',
     '<h3>Welcome to the 6th CodeDynamite Weekly Contest</h3><p><br></p><p>We are thrilled to present the inaugural CodeDynamite Weekly Contest, a premier event designed to challenge your coding skills and ignite your passion for programming. Whether you''re a seasoned developer or a coding enthusiast, this contest offers a unique opportunity to showcase your talents, compete with like-minded individuals, and win exciting prizes.</p><p><br></p><p><strong>About the contest:</strong></p><ul><li><strong>Sponsored by:</strong> CodeDynamite, your go-to platform for cutting-edge coding resources and community support.</li><li><strong>When:</strong> Every week, with fresh and exciting challenges that cater to various skill levels.</li><li><strong>Who Can Participate:</strong> Open to all coding enthusiasts, regardless of experience level.</li></ul><p><br></p><p><strong>Why Join?</strong></p><ul><li><strong>Challenge Yourself:</strong> Tackle a variety of coding problems that will test your creativity and problem-solving abilities.</li><li><strong>Learn and Grow:</strong> Gain new insights and improve your coding skills through hands-on practice and real-time competition.</li><li><strong>Win Prizes:</strong> Stand a chance to win amazing rewards and earn recognition within the coding community.</li></ul><p><br></p><p><strong>How to Register:</strong></p><ul><li>Simply click the registration link below and fill out the required details to secure your spot in the contest.</li><li>Registration is quick, easy, and free!</li></ul><p><br></p><p><strong>Don’t miss out on this fantastic opportunity to connect, compete, and code with the best!</strong></p><p><br></p><p><strong>Register for the contest now and let your coding journey begin!</strong></p><p><a href="https://codedynamite.site/#/contests/d215b5f8-0249-4dc5-89a3-51fd148cfb20/information" rel="noopener noreferrer" target="_blank">Link to register</a></p><p><br></p><p><br></p>',
     '<p><strong>🎉 Juicy Prizes Await You! 🎉</strong></p><p><br></p><p>Get ready to win some amazing rewards in the 1st CodeDynamite Weekly Contest! Here are the fantastic prizes up for grabs:</p><p><br></p><p><strong>1st Place:</strong></p><ul><li><strong>$500 Cash Prize</strong></li><li><strong>Exclusive CodeDynamite T-Shirt</strong></li><li><strong>Personalized Winner''s Certificate</strong></li></ul><p><br></p><p><strong>2nd Place:</strong></p><ul><li><strong>$250 Cash Prize</strong></li><li><strong>Exclusive CodeDynamite Hoodie</strong></li><li><strong>Personalized Runner-Up Certificate</strong></li></ul><p><br></p><p><strong>3rd Place:</strong></p><ul><li><strong>$100 Cash Prize</strong></li><li><strong>Exclusive CodeDynamite Mug</strong></li><li><strong>Personalized Certificate of Achievement</strong></li></ul><p><br></p><p>Don''t miss your chance to win these incredible prizes and gain recognition in the coding community. <a href="https://codedynamite.site/#/contests/d215b5f8-0249-4dc5-89a3-51fd148cfb16/information" rel="noopener noreferrer" target="_blank"><strong>Register now</strong></a> and let the competition begin!</p>',
     '<ol><li>Participants must submit their solutions before the end time.</li><li>Participants must follow the contest rules and guidelines.</li><li>Participants must not cheat or plagiarize.</li></ol>',
     '<p><strong>Pre-determined Challenge Scores:</strong></p><p>Each challenge you conquer has a pre-set score waiting to be claimed. The more complex the challenge, the higher the score you can rack up!</p><p><br></p><p><strong>Test Cases: Your Gateway to Glory:</strong></p><p>Each challenge comes with a battery of test cases designed to put your code through its paces. Every test case you conquer translates into points towards your final score. The more test cases you dominate, the closer you get to scoring supremacy!</p><p><br></p><p><strong>Multiple Submissions? No Problem!</strong></p><p>Feeling creative and tinkering with different solutions? No sweat! We take your highest scoring submission for each challenge into account, so fire away with your best attempts.</p><p><br></p><p><strong>The Leaderboard Beckons: It''s All About the Rank</strong></p><p>Participants are ranked on the glorious leaderboard based on their total score. But what happens when coders achieve the same score? Buckle up, because things get exciting!</p><p><br></p><p><strong>Tie-Breaker Time: Speed Demons Unite!</strong></p><p>In the thrilling case of a tie, the tie-breaker comes down to <strong>speed</strong>. The participant who submitted their highest-scoring solution in the <strong>shortest amount of time</strong> reigns supreme! So, channel your inner coding ninja and blaze through those challenges for ultimate glory.</p>',
     'https://leetcode.com/_next/static/images/biweekly-default-f5a8fc3be85b6c9175207fd8fd855d47.png',
     '2024-08-05 09:30:00.000000+07',
     '2024-08-05 10:30:00.000000+07',
     'b029f559-52a8-4699-b595-71161498ed8c',
     'b029f559-52a8-4699-b595-71161498ed8c',
     true,
     null,
     true
     ),
    ('d215b5f8-0249-4dc5-89a3-51fd148cfb21', 'Weekly Contest 07',
     '<h3>Welcome to the 7th CodeDynamite Weekly Contest</h3><p><br></p><p>We are thrilled to present the inaugural CodeDynamite Weekly Contest, a premier event designed to challenge your coding skills and ignite your passion for programming. Whether you''re a seasoned developer or a coding enthusiast, this contest offers a unique opportunity to showcase your talents, compete with like-minded individuals, and win exciting prizes.</p><p><br></p><p><strong>About the contest:</strong></p><ul><li><strong>Sponsored by:</strong> CodeDynamite, your go-to platform for cutting-edge coding resources and community support.</li><li><strong>When:</strong> Every week, with fresh and exciting challenges that cater to various skill levels.</li><li><strong>Who Can Participate:</strong> Open to all coding enthusiasts, regardless of experience level.</li></ul><p><br></p><p><strong>Why Join?</strong></p><ul><li><strong>Challenge Yourself:</strong> Tackle a variety of coding problems that will test your creativity and problem-solving abilities.</li><li><strong>Learn and Grow:</strong> Gain new insights and improve your coding skills through hands-on practice and real-time competition.</li><li><strong>Win Prizes:</strong> Stand a chance to win amazing rewards and earn recognition within the coding community.</li></ul><p><br></p><p><strong>How to Register:</strong></p><ul><li>Simply click the registration link below and fill out the required details to secure your spot in the contest.</li><li>Registration is quick, easy, and free!</li></ul><p><br></p><p><strong>Don’t miss out on this fantastic opportunity to connect, compete, and code with the best!</strong></p><p><br></p><p><strong>Register for the contest now and let your coding journey begin!</strong></p><p><a href="https://codedynamite.site/#/contests/d215b5f8-0249-4dc5-89a3-51fd148cfb21/information" rel="noopener noreferrer" target="_blank">Link to register</a></p><p><br></p><p><br></p>',
     '<p><strong>🎉 Juicy Prizes Await You! 🎉</strong></p><p><br></p><p>Get ready to win some amazing rewards in the 1st CodeDynamite Weekly Contest! Here are the fantastic prizes up for grabs:</p><p><br></p><p><strong>1st Place:</strong></p><ul><li><strong>$500 Cash Prize</strong></li><li><strong>Exclusive CodeDynamite T-Shirt</strong></li><li><strong>Personalized Winner''s Certificate</strong></li></ul><p><br></p><p><strong>2nd Place:</strong></p><ul><li><strong>$250 Cash Prize</strong></li><li><strong>Exclusive CodeDynamite Hoodie</strong></li><li><strong>Personalized Runner-Up Certificate</strong></li></ul><p><br></p><p><strong>3rd Place:</strong></p><ul><li><strong>$100 Cash Prize</strong></li><li><strong>Exclusive CodeDynamite Mug</strong></li><li><strong>Personalized Certificate of Achievement</strong></li></ul><p><br></p><p>Don''t miss your chance to win these incredible prizes and gain recognition in the coding community. <a href="https://codedynamite.site/#/contests/d215b5f8-0249-4dc5-89a3-51fd148cfb16/information" rel="noopener noreferrer" target="_blank"><strong>Register now</strong></a> and let the competition begin!</p>',
     '<ol><li>Participants must submit their solutions before the end time.</li><li>Participants must follow the contest rules and guidelines.</li><li>Participants must not cheat or plagiarize.</li></ol>',
     '<p><strong>Pre-determined Challenge Scores:</strong></p><p>Each challenge you conquer has a pre-set score waiting to be claimed. The more complex the challenge, the higher the score you can rack up!</p><p><br></p><p><strong>Test Cases: Your Gateway to Glory:</strong></p><p>Each challenge comes with a battery of test cases designed to put your code through its paces. Every test case you conquer translates into points towards your final score. The more test cases you dominate, the closer you get to scoring supremacy!</p><p><br></p><p><strong>Multiple Submissions? No Problem!</strong></p><p>Feeling creative and tinkering with different solutions? No sweat! We take your highest scoring submission for each challenge into account, so fire away with your best attempts.</p><p><br></p><p><strong>The Leaderboard Beckons: It''s All About the Rank</strong></p><p>Participants are ranked on the glorious leaderboard based on their total score. But what happens when coders achieve the same score? Buckle up, because things get exciting!</p><p><br></p><p><strong>Tie-Breaker Time: Speed Demons Unite!</strong></p><p>In the thrilling case of a tie, the tie-breaker comes down to <strong>speed</strong>. The participant who submitted their highest-scoring solution in the <strong>shortest amount of time</strong> reigns supreme! So, channel your inner coding ninja and blaze through those challenges for ultimate glory.</p>',
     'https://assets.leetcode.com/contest/weekly-contest-291/card_img_1654267951.png',
     '2024-08-12 09:30:00.000000+07',
     '2024-08-12 10:30:00.000000+07',
     'b029f559-52a8-4699-b595-71161498ed8c',
     'b029f559-52a8-4699-b595-71161498ed8c',
     true,
     null,
     true
    ),
    ('d215b5f8-0249-4dc5-89a3-51fd148cfb22', 'Weekly Contest 08',
     '<h3>Welcome to the 8th CodeDynamite Weekly Contest</h3><p><br></p><p>We are thrilled to present the inaugural CodeDynamite Weekly Contest, a premier event designed to challenge your coding skills and ignite your passion for programming. Whether you''re a seasoned developer or a coding enthusiast, this contest offers a unique opportunity to showcase your talents, compete with like-minded individuals, and win exciting prizes.</p><p><br></p><p><strong>About the contest:</strong></p><ul><li><strong>Sponsored by:</strong> CodeDynamite, your go-to platform for cutting-edge coding resources and community support.</li><li><strong>When:</strong> Every week, with fresh and exciting challenges that cater to various skill levels.</li><li><strong>Who Can Participate:</strong> Open to all coding enthusiasts, regardless of experience level.</li></ul><p><br></p><p><strong>Why Join?</strong></p><ul><li><strong>Challenge Yourself:</strong> Tackle a variety of coding problems that will test your creativity and problem-solving abilities.</li><li><strong>Learn and Grow:</strong> Gain new insights and improve your coding skills through hands-on practice and real-time competition.</li><li><strong>Win Prizes:</strong> Stand a chance to win amazing rewards and earn recognition within the coding community.</li></ul><p><br></p><p><strong>How to Register:</strong></p><ul><li>Simply click the registration link below and fill out the required details to secure your spot in the contest.</li><li>Registration is quick, easy, and free!</li></ul><p><br></p><p><strong>Don’t miss out on this fantastic opportunity to connect, compete, and code with the best!</strong></p><p><br></p><p><strong>Register for the contest now and let your coding journey begin!</strong></p><p><a href="https://codedynamite.site/#/contests/d215b5f8-0249-4dc5-89a3-51fd148cfb22/information" rel="noopener noreferrer" target="_blank">Link to register</a></p><p><br></p><p><br></p>',
     '<p><strong>🎉 Juicy Prizes Await You! 🎉</strong></p><p><br></p><p>Get ready to win some amazing rewards in the 1st CodeDynamite Weekly Contest! Here are the fantastic prizes up for grabs:</p><p><br></p><p><strong>1st Place:</strong></p><ul><li><strong>$500 Cash Prize</strong></li><li><strong>Exclusive CodeDynamite T-Shirt</strong></li><li><strong>Personalized Winner''s Certificate</strong></li></ul><p><br></p><p><strong>2nd Place:</strong></p><ul><li><strong>$250 Cash Prize</strong></li><li><strong>Exclusive CodeDynamite Hoodie</strong></li><li><strong>Personalized Runner-Up Certificate</strong></li></ul><p><br></p><p><strong>3rd Place:</strong></p><ul><li><strong>$100 Cash Prize</strong></li><li><strong>Exclusive CodeDynamite Mug</strong></li><li><strong>Personalized Certificate of Achievement</strong></li></ul><p><br></p><p>Don''t miss your chance to win these incredible prizes and gain recognition in the coding community. <a href="https://codedynamite.site/#/contests/d215b5f8-0249-4dc5-89a3-51fd148cfb16/information" rel="noopener noreferrer" target="_blank"><strong>Register now</strong></a> and let the competition begin!</p>',
     '<ol><li>Participants must submit their solutions before the end time.</li><li>Participants must follow the contest rules and guidelines.</li><li>Participants must not cheat or plagiarize.</li></ol>',
     '<p><strong>Pre-determined Challenge Scores:</strong></p><p>Each challenge you conquer has a pre-set score waiting to be claimed. The more complex the challenge, the higher the score you can rack up!</p><p><br></p><p><strong>Test Cases: Your Gateway to Glory:</strong></p><p>Each challenge comes with a battery of test cases designed to put your code through its paces. Every test case you conquer translates into points towards your final score. The more test cases you dominate, the closer you get to scoring supremacy!</p><p><br></p><p><strong>Multiple Submissions? No Problem!</strong></p><p>Feeling creative and tinkering with different solutions? No sweat! We take your highest scoring submission for each challenge into account, so fire away with your best attempts.</p><p><br></p><p><strong>The Leaderboard Beckons: It''s All About the Rank</strong></p><p>Participants are ranked on the glorious leaderboard based on their total score. But what happens when coders achieve the same score? Buckle up, because things get exciting!</p><p><br></p><p><strong>Tie-Breaker Time: Speed Demons Unite!</strong></p><p>In the thrilling case of a tie, the tie-breaker comes down to <strong>speed</strong>. The participant who submitted their highest-scoring solution in the <strong>shortest amount of time</strong> reigns supreme! So, channel your inner coding ninja and blaze through those challenges for ultimate glory.</p>',
     'https://assets.leetcode.com/contest/weekly-contest-291/card_img_1654267951.png',
     '2024-08-19 09:30:00.000000+07',
     '2024-08-19 10:30:00.000000+07',
     'b029f559-52a8-4699-b595-71161498ed8c',
     'b029f559-52a8-4699-b595-71161498ed8c',
     false,
     null,
     true
    ),
    ('d215b5f8-0249-4dc5-89a3-51fd148cfb23', 'Weekly Contest 09',
     '<h3>Welcome to the 9th CodeDynamite Weekly Contest</h3><p><br></p><p>We are thrilled to present the inaugural CodeDynamite Weekly Contest, a premier event designed to challenge your coding skills and ignite your passion for programming. Whether you''re a seasoned developer or a coding enthusiast, this contest offers a unique opportunity to showcase your talents, compete with like-minded individuals, and win exciting prizes.</p><p><br></p><p><strong>About the contest:</strong></p><ul><li><strong>Sponsored by:</strong> CodeDynamite, your go-to platform for cutting-edge coding resources and community support.</li><li><strong>When:</strong> Every week, with fresh and exciting challenges that cater to various skill levels.</li><li><strong>Who Can Participate:</strong> Open to all coding enthusiasts, regardless of experience level.</li></ul><p><br></p><p><strong>Why Join?</strong></p><ul><li><strong>Challenge Yourself:</strong> Tackle a variety of coding problems that will test your creativity and problem-solving abilities.</li><li><strong>Learn and Grow:</strong> Gain new insights and improve your coding skills through hands-on practice and real-time competition.</li><li><strong>Win Prizes:</strong> Stand a chance to win amazing rewards and earn recognition within the coding community.</li></ul><p><br></p><p><strong>How to Register:</strong></p><ul><li>Simply click the registration link below and fill out the required details to secure your spot in the contest.</li><li>Registration is quick, easy, and free!</li></ul><p><br></p><p><strong>Don’t miss out on this fantastic opportunity to connect, compete, and code with the best!</strong></p><p><br></p><p><strong>Register for the contest now and let your coding journey begin!</strong></p><p><a href="https://codedynamite.site/#/contests/d215b5f8-0249-4dc5-89a3-51fd148cfb23/information" rel="noopener noreferrer" target="_blank">Link to register</a></p><p><br></p><p><br></p>',
     '<p><strong>🎉 Juicy Prizes Await You! 🎉</strong></p><p><br></p><p>Get ready to win some amazing rewards in the 1st CodeDynamite Weekly Contest! Here are the fantastic prizes up for grabs:</p><p><br></p><p><strong>1st Place:</strong></p><ul><li><strong>$500 Cash Prize</strong></li><li><strong>Exclusive CodeDynamite T-Shirt</strong></li><li><strong>Personalized Winner''s Certificate</strong></li></ul><p><br></p><p><strong>2nd Place:</strong></p><ul><li><strong>$250 Cash Prize</strong></li><li><strong>Exclusive CodeDynamite Hoodie</strong></li><li><strong>Personalized Runner-Up Certificate</strong></li></ul><p><br></p><p><strong>3rd Place:</strong></p><ul><li><strong>$100 Cash Prize</strong></li><li><strong>Exclusive CodeDynamite Mug</strong></li><li><strong>Personalized Certificate of Achievement</strong></li></ul><p><br></p><p>Don''t miss your chance to win these incredible prizes and gain recognition in the coding community. <a href="https://codedynamite.site/#/contests/d215b5f8-0249-4dc5-89a3-51fd148cfb16/information" rel="noopener noreferrer" target="_blank"><strong>Register now</strong></a> and let the competition begin!</p>',
     '<ol><li>Participants must submit their solutions before the end time.</li><li>Participants must follow the contest rules and guidelines.</li><li>Participants must not cheat or plagiarize.</li></ol>',
     '<p><strong>Pre-determined Challenge Scores:</strong></p><p>Each challenge you conquer has a pre-set score waiting to be claimed. The more complex the challenge, the higher the score you can rack up!</p><p><br></p><p><strong>Test Cases: Your Gateway to Glory:</strong></p><p>Each challenge comes with a battery of test cases designed to put your code through its paces. Every test case you conquer translates into points towards your final score. The more test cases you dominate, the closer you get to scoring supremacy!</p><p><br></p><p><strong>Multiple Submissions? No Problem!</strong></p><p>Feeling creative and tinkering with different solutions? No sweat! We take your highest scoring submission for each challenge into account, so fire away with your best attempts.</p><p><br></p><p><strong>The Leaderboard Beckons: It''s All About the Rank</strong></p><p>Participants are ranked on the glorious leaderboard based on their total score. But what happens when coders achieve the same score? Buckle up, because things get exciting!</p><p><br></p><p><strong>Tie-Breaker Time: Speed Demons Unite!</strong></p><p>In the thrilling case of a tie, the tie-breaker comes down to <strong>speed</strong>. The participant who submitted their highest-scoring solution in the <strong>shortest amount of time</strong> reigns supreme! So, channel your inner coding ninja and blaze through those challenges for ultimate glory.</p>',
     'https://leetcode.com/_next/static/images/weekly-default-553ede7bcc8e1b4a44c28a9e4a32068c.png',
     '2024-08-26 09:30:00.000000+07',
     '2024-08-26 10:30:00.000000+07',
     'b029f559-52a8-4699-b595-71161498ed8c',
     'b029f559-52a8-4699-b595-71161498ed8c',
     false,
     null,
     true
    ),
    ('d215b5f8-0249-4dc5-89a3-51fd148cfb24', 'Weekly Contest 10',
     '<h3>Welcome to the 10th CodeDynamite Weekly Contest</h3><p><br></p><p>We are thrilled to present the inaugural CodeDynamite Weekly Contest, a premier event designed to challenge your coding skills and ignite your passion for programming. Whether you''re a seasoned developer or a coding enthusiast, this contest offers a unique opportunity to showcase your talents, compete with like-minded individuals, and win exciting prizes.</p><p><br></p><p><strong>About the contest:</strong></p><ul><li><strong>Sponsored by:</strong> CodeDynamite, your go-to platform for cutting-edge coding resources and community support.</li><li><strong>When:</strong> Every week, with fresh and exciting challenges that cater to various skill levels.</li><li><strong>Who Can Participate:</strong> Open to all coding enthusiasts, regardless of experience level.</li></ul><p><br></p><p><strong>Why Join?</strong></p><ul><li><strong>Challenge Yourself:</strong> Tackle a variety of coding problems that will test your creativity and problem-solving abilities.</li><li><strong>Learn and Grow:</strong> Gain new insights and improve your coding skills through hands-on practice and real-time competition.</li><li><strong>Win Prizes:</strong> Stand a chance to win amazing rewards and earn recognition within the coding community.</li></ul><p><br></p><p><strong>How to Register:</strong></p><ul><li>Simply click the registration link below and fill out the required details to secure your spot in the contest.</li><li>Registration is quick, easy, and free!</li></ul><p><br></p><p><strong>Don’t miss out on this fantastic opportunity to connect, compete, and code with the best!</strong></p><p><br></p><p><strong>Register for the contest now and let your coding journey begin!</strong></p><p><a href="https://codedynamite.site/#/contests/d215b5f8-0249-4dc5-89a3-51fd148cfb24/information" rel="noopener noreferrer" target="_blank">Link to register</a></p><p><br></p><p><br></p>',
     '<p><strong>🎉 Juicy Prizes Await You! 🎉</strong></p><p><br></p><p>Get ready to win some amazing rewards in the 1st CodeDynamite Weekly Contest! Here are the fantastic prizes up for grabs:</p><p><br></p><p><strong>1st Place:</strong></p><ul><li><strong>$500 Cash Prize</strong></li><li><strong>Exclusive CodeDynamite T-Shirt</strong></li><li><strong>Personalized Winner''s Certificate</strong></li></ul><p><br></p><p><strong>2nd Place:</strong></p><ul><li><strong>$250 Cash Prize</strong></li><li><strong>Exclusive CodeDynamite Hoodie</strong></li><li><strong>Personalized Runner-Up Certificate</strong></li></ul><p><br></p><p><strong>3rd Place:</strong></p><ul><li><strong>$100 Cash Prize</strong></li><li><strong>Exclusive CodeDynamite Mug</strong></li><li><strong>Personalized Certificate of Achievement</strong></li></ul><p><br></p><p>Don''t miss your chance to win these incredible prizes and gain recognition in the coding community. <a href="https://codedynamite.site/#/contests/d215b5f8-0249-4dc5-89a3-51fd148cfb16/information" rel="noopener noreferrer" target="_blank"><strong>Register now</strong></a> and let the competition begin!</p>',
     '<ol><li>Participants must submit their solutions before the end time.</li><li>Participants must follow the contest rules and guidelines.</li><li>Participants must not cheat or plagiarize.</li></ol>',
     '<p><strong>Pre-determined Challenge Scores:</strong></p><p>Each challenge you conquer has a pre-set score waiting to be claimed. The more complex the challenge, the higher the score you can rack up!</p><p><br></p><p><strong>Test Cases: Your Gateway to Glory:</strong></p><p>Each challenge comes with a battery of test cases designed to put your code through its paces. Every test case you conquer translates into points towards your final score. The more test cases you dominate, the closer you get to scoring supremacy!</p><p><br></p><p><strong>Multiple Submissions? No Problem!</strong></p><p>Feeling creative and tinkering with different solutions? No sweat! We take your highest scoring submission for each challenge into account, so fire away with your best attempts.</p><p><br></p><p><strong>The Leaderboard Beckons: It''s All About the Rank</strong></p><p>Participants are ranked on the glorious leaderboard based on their total score. But what happens when coders achieve the same score? Buckle up, because things get exciting!</p><p><br></p><p><strong>Tie-Breaker Time: Speed Demons Unite!</strong></p><p>In the thrilling case of a tie, the tie-breaker comes down to <strong>speed</strong>. The participant who submitted their highest-scoring solution in the <strong>shortest amount of time</strong> reigns supreme! So, channel your inner coding ninja and blaze through those challenges for ultimate glory.</p>',
     'https://leetcode.com/_next/static/images/biweekly-default-f5a8fc3be85b6c9175207fd8fd855d47.png',
     '2024-09-02 09:30:00.000000+07',
     '2024-09-02 10:30:00.000000+07',
     'b029f559-52a8-4699-b595-71161498ed8c',
     'b029f559-52a8-4699-b595-71161498ed8c',
     false,
     null,
     true
    ),
    ('d215b5f8-0249-4dc5-89a3-51fd148cfb25', 'Weekly Contest 11',
     '<h3>Welcome to the 11th CodeDynamite Weekly Contest</h3><p><br></p><p>We are thrilled to present the inaugural CodeDynamite Weekly Contest, a premier event designed to challenge your coding skills and ignite your passion for programming. Whether you''re a seasoned developer or a coding enthusiast, this contest offers a unique opportunity to showcase your talents, compete with like-minded individuals, and win exciting prizes.</p><p><br></p><p><strong>About the contest:</strong></p><ul><li><strong>Sponsored by:</strong> CodeDynamite, your go-to platform for cutting-edge coding resources and community support.</li><li><strong>When:</strong> Every week, with fresh and exciting challenges that cater to various skill levels.</li><li><strong>Who Can Participate:</strong> Open to all coding enthusiasts, regardless of experience level.</li></ul><p><br></p><p><strong>Why Join?</strong></p><ul><li><strong>Challenge Yourself:</strong> Tackle a variety of coding problems that will test your creativity and problem-solving abilities.</li><li><strong>Learn and Grow:</strong> Gain new insights and improve your coding skills through hands-on practice and real-time competition.</li><li><strong>Win Prizes:</strong> Stand a chance to win amazing rewards and earn recognition within the coding community.</li></ul><p><br></p><p><strong>How to Register:</strong></p><ul><li>Simply click the registration link below and fill out the required details to secure your spot in the contest.</li><li>Registration is quick, easy, and free!</li></ul><p><br></p><p><strong>Don’t miss out on this fantastic opportunity to connect, compete, and code with the best!</strong></p><p><br></p><p><strong>Register for the contest now and let your coding journey begin!</strong></p><p><a href="https://codedynamite.site/#/contests/d215b5f8-0249-4dc5-89a3-51fd148cfb25/information" rel="noopener noreferrer" target="_blank">Link to register</a></p><p><br></p><p><br></p>',
     '<p><strong>🎉 Juicy Prizes Await You! 🎉</strong></p><p><br></p><p>Get ready to win some amazing rewards in the 1st CodeDynamite Weekly Contest! Here are the fantastic prizes up for grabs:</p><p><br></p><p><strong>1st Place:</strong></p><ul><li><strong>$500 Cash Prize</strong></li><li><strong>Exclusive CodeDynamite T-Shirt</strong></li><li><strong>Personalized Winner''s Certificate</strong></li></ul><p><br></p><p><strong>2nd Place:</strong></p><ul><li><strong>$250 Cash Prize</strong></li><li><strong>Exclusive CodeDynamite Hoodie</strong></li><li><strong>Personalized Runner-Up Certificate</strong></li></ul><p><br></p><p><strong>3rd Place:</strong></p><ul><li><strong>$100 Cash Prize</strong></li><li><strong>Exclusive CodeDynamite Mug</strong></li><li><strong>Personalized Certificate of Achievement</strong></li></ul><p><br></p><p>Don''t miss your chance to win these incredible prizes and gain recognition in the coding community. <a href="https://codedynamite.site/#/contests/d215b5f8-0249-4dc5-89a3-51fd148cfb16/information" rel="noopener noreferrer" target="_blank"><strong>Register now</strong></a> and let the competition begin!</p>',
     '<ol><li>Participants must submit their solutions before the end time.</li><li>Participants must follow the contest rules and guidelines.</li><li>Participants must not cheat or plagiarize.</li></ol>',
     '<p><strong>Pre-determined Challenge Scores:</strong></p><p>Each challenge you conquer has a pre-set score waiting to be claimed. The more complex the challenge, the higher the score you can rack up!</p><p><br></p><p><strong>Test Cases: Your Gateway to Glory:</strong></p><p>Each challenge comes with a battery of test cases designed to put your code through its paces. Every test case you conquer translates into points towards your final score. The more test cases you dominate, the closer you get to scoring supremacy!</p><p><br></p><p><strong>Multiple Submissions? No Problem!</strong></p><p>Feeling creative and tinkering with different solutions? No sweat! We take your highest scoring submission for each challenge into account, so fire away with your best attempts.</p><p><br></p><p><strong>The Leaderboard Beckons: It''s All About the Rank</strong></p><p>Participants are ranked on the glorious leaderboard based on their total score. But what happens when coders achieve the same score? Buckle up, because things get exciting!</p><p><br></p><p><strong>Tie-Breaker Time: Speed Demons Unite!</strong></p><p>In the thrilling case of a tie, the tie-breaker comes down to <strong>speed</strong>. The participant who submitted their highest-scoring solution in the <strong>shortest amount of time</strong> reigns supreme! So, channel your inner coding ninja and blaze through those challenges for ultimate glory.</p>',
     'https://assets.leetcode.com/contest/weekly-contest-291/card_img_1654267951.png',
     '2024-09-09 09:30:00.000000+07',
     '2024-09-09 10:30:00.000000+07',
     'b029f559-52a8-4699-b595-71161498ed8c',
     'b029f559-52a8-4699-b595-71161498ed8c',
     false,
     null,
     true
    ),
    ('d215b5f8-0249-4dc5-89a3-51fd148cfb26', 'Weekly Contest 12',
     '<h3>Welcome to the 12th CodeDynamite Weekly Contest</h3><p><br></p><p>We are thrilled to present the inaugural CodeDynamite Weekly Contest, a premier event designed to challenge your coding skills and ignite your passion for programming. Whether you''re a seasoned developer or a coding enthusiast, this contest offers a unique opportunity to showcase your talents, compete with like-minded individuals, and win exciting prizes.</p><p><br></p><p><strong>About the contest:</strong></p><ul><li><strong>Sponsored by:</strong> CodeDynamite, your go-to platform for cutting-edge coding resources and community support.</li><li><strong>When:</strong> Every week, with fresh and exciting challenges that cater to various skill levels.</li><li><strong>Who Can Participate:</strong> Open to all coding enthusiasts, regardless of experience level.</li></ul><p><br></p><p><strong>Why Join?</strong></p><ul><li><strong>Challenge Yourself:</strong> Tackle a variety of coding problems that will test your creativity and problem-solving abilities.</li><li><strong>Learn and Grow:</strong> Gain new insights and improve your coding skills through hands-on practice and real-time competition.</li><li><strong>Win Prizes:</strong> Stand a chance to win amazing rewards and earn recognition within the coding community.</li></ul><p><br></p><p><strong>How to Register:</strong></p><ul><li>Simply click the registration link below and fill out the required details to secure your spot in the contest.</li><li>Registration is quick, easy, and free!</li></ul><p><br></p><p><strong>Don’t miss out on this fantastic opportunity to connect, compete, and code with the best!</strong></p><p><br></p><p><strong>Register for the contest now and let your coding journey begin!</strong></p><p><a href="https://codedynamite.site/#/contests/d215b5f8-0249-4dc5-89a3-51fd148cfb26/information" rel="noopener noreferrer" target="_blank">Link to register</a></p><p><br></p><p><br></p>',
     '<p><strong>🎉 Juicy Prizes Await You! 🎉</strong></p><p><br></p><p>Get ready to win some amazing rewards in the 1st CodeDynamite Weekly Contest! Here are the fantastic prizes up for grabs:</p><p><br></p><p><strong>1st Place:</strong></p><ul><li><strong>$500 Cash Prize</strong></li><li><strong>Exclusive CodeDynamite T-Shirt</strong></li><li><strong>Personalized Winner''s Certificate</strong></li></ul><p><br></p><p><strong>2nd Place:</strong></p><ul><li><strong>$250 Cash Prize</strong></li><li><strong>Exclusive CodeDynamite Hoodie</strong></li><li><strong>Personalized Runner-Up Certificate</strong></li></ul><p><br></p><p><strong>3rd Place:</strong></p><ul><li><strong>$100 Cash Prize</strong></li><li><strong>Exclusive CodeDynamite Mug</strong></li><li><strong>Personalized Certificate of Achievement</strong></li></ul><p><br></p><p>Don''t miss your chance to win these incredible prizes and gain recognition in the coding community. <a href="https://codedynamite.site/#/contests/d215b5f8-0249-4dc5-89a3-51fd148cfb16/information" rel="noopener noreferrer" target="_blank"><strong>Register now</strong></a> and let the competition begin!</p>',
     '<ol><li>Participants must submit their solutions before the end time.</li><li>Participants must follow the contest rules and guidelines.</li><li>Participants must not cheat or plagiarize.</li></ol>',
     '<p><strong>Pre-determined Challenge Scores:</strong></p><p>Each challenge you conquer has a pre-set score waiting to be claimed. The more complex the challenge, the higher the score you can rack up!</p><p><br></p><p><strong>Test Cases: Your Gateway to Glory:</strong></p><p>Each challenge comes with a battery of test cases designed to put your code through its paces. Every test case you conquer translates into points towards your final score. The more test cases you dominate, the closer you get to scoring supremacy!</p><p><br></p><p><strong>Multiple Submissions? No Problem!</strong></p><p>Feeling creative and tinkering with different solutions? No sweat! We take your highest scoring submission for each challenge into account, so fire away with your best attempts.</p><p><br></p><p><strong>The Leaderboard Beckons: It''s All About the Rank</strong></p><p>Participants are ranked on the glorious leaderboard based on their total score. But what happens when coders achieve the same score? Buckle up, because things get exciting!</p><p><br></p><p><strong>Tie-Breaker Time: Speed Demons Unite!</strong></p><p>In the thrilling case of a tie, the tie-breaker comes down to <strong>speed</strong>. The participant who submitted their highest-scoring solution in the <strong>shortest amount of time</strong> reigns supreme! So, channel your inner coding ninja and blaze through those challenges for ultimate glory.</p>',
     'https://assets.leetcode.com/contest/weekly-contest-291/card_img_1654267951.png',
     '2024-09-16 09:30:00.000000+07',
     '2024-09-16 10:30:00.000000+07',
     'b029f559-52a8-4699-b595-71161498ed8c',
     'b029f559-52a8-4699-b595-71161498ed8c',
     false,
     null,
     true
    ),
    ('d215b5f8-0249-4dc5-89a3-51fd148cfb27', 'Weekly Contest 13',
     '<h3>Welcome to the 13th CodeDynamite Weekly Contest</h3><p><br></p><p>We are thrilled to present the inaugural CodeDynamite Weekly Contest, a premier event designed to challenge your coding skills and ignite your passion for programming. Whether you''re a seasoned developer or a coding enthusiast, this contest offers a unique opportunity to showcase your talents, compete with like-minded individuals, and win exciting prizes.</p><p><br></p><p><strong>About the contest:</strong></p><ul><li><strong>Sponsored by:</strong> CodeDynamite, your go-to platform for cutting-edge coding resources and community support.</li><li><strong>When:</strong> Every week, with fresh and exciting challenges that cater to various skill levels.</li><li><strong>Who Can Participate:</strong> Open to all coding enthusiasts, regardless of experience level.</li></ul><p><br></p><p><strong>Why Join?</strong></p><ul><li><strong>Challenge Yourself:</strong> Tackle a variety of coding problems that will test your creativity and problem-solving abilities.</li><li><strong>Learn and Grow:</strong> Gain new insights and improve your coding skills through hands-on practice and real-time competition.</li><li><strong>Win Prizes:</strong> Stand a chance to win amazing rewards and earn recognition within the coding community.</li></ul><p><br></p><p><strong>How to Register:</strong></p><ul><li>Simply click the registration link below and fill out the required details to secure your spot in the contest.</li><li>Registration is quick, easy, and free!</li></ul><p><br></p><p><strong>Don’t miss out on this fantastic opportunity to connect, compete, and code with the best!</strong></p><p><br></p><p><strong>Register for the contest now and let your coding journey begin!</strong></p><p><a href="https://codedynamite.site/#/contests/d215b5f8-0249-4dc5-89a3-51fd148cfb27/information" rel="noopener noreferrer" target="_blank">Link to register</a></p><p><br></p><p><br></p>',
     '<p><strong>🎉 Juicy Prizes Await You! 🎉</strong></p><p><br></p><p>Get ready to win some amazing rewards in the 1st CodeDynamite Weekly Contest! Here are the fantastic prizes up for grabs:</p><p><br></p><p><strong>1st Place:</strong></p><ul><li><strong>$500 Cash Prize</strong></li><li><strong>Exclusive CodeDynamite T-Shirt</strong></li><li><strong>Personalized Winner''s Certificate</strong></li></ul><p><br></p><p><strong>2nd Place:</strong></p><ul><li><strong>$250 Cash Prize</strong></li><li><strong>Exclusive CodeDynamite Hoodie</strong></li><li><strong>Personalized Runner-Up Certificate</strong></li></ul><p><br></p><p><strong>3rd Place:</strong></p><ul><li><strong>$100 Cash Prize</strong></li><li><strong>Exclusive CodeDynamite Mug</strong></li><li><strong>Personalized Certificate of Achievement</strong></li></ul><p><br></p><p>Don''t miss your chance to win these incredible prizes and gain recognition in the coding community. <a href="https://codedynamite.site/#/contests/d215b5f8-0249-4dc5-89a3-51fd148cfb16/information" rel="noopener noreferrer" target="_blank"><strong>Register now</strong></a> and let the competition begin!</p>',
     '<ol><li>Participants must submit their solutions before the end time.</li><li>Participants must follow the contest rules and guidelines.</li><li>Participants must not cheat or plagiarize.</li></ol>',
     '<p><strong>Pre-determined Challenge Scores:</strong></p><p>Each challenge you conquer has a pre-set score waiting to be claimed. The more complex the challenge, the higher the score you can rack up!</p><p><br></p><p><strong>Test Cases: Your Gateway to Glory:</strong></p><p>Each challenge comes with a battery of test cases designed to put your code through its paces. Every test case you conquer translates into points towards your final score. The more test cases you dominate, the closer you get to scoring supremacy!</p><p><br></p><p><strong>Multiple Submissions? No Problem!</strong></p><p>Feeling creative and tinkering with different solutions? No sweat! We take your highest scoring submission for each challenge into account, so fire away with your best attempts.</p><p><br></p><p><strong>The Leaderboard Beckons: It''s All About the Rank</strong></p><p>Participants are ranked on the glorious leaderboard based on their total score. But what happens when coders achieve the same score? Buckle up, because things get exciting!</p><p><br></p><p><strong>Tie-Breaker Time: Speed Demons Unite!</strong></p><p>In the thrilling case of a tie, the tie-breaker comes down to <strong>speed</strong>. The participant who submitted their highest-scoring solution in the <strong>shortest amount of time</strong> reigns supreme! So, channel your inner coding ninja and blaze through those challenges for ultimate glory.</p>',
     'https://leetcode.com/_next/static/images/weekly-default-553ede7bcc8e1b4a44c28a9e4a32068c.png',
     '2024-09-23 09:30:00.000000+07',
     '2024-09-23 10:30:00.000000+07',
     'b029f559-52a8-4699-b595-71161498ed8c',
     'b029f559-52a8-4699-b595-71161498ed8c',
     false,
     null,
     true
    ),
    ('d215b5f8-0249-4dc5-89a3-51fd148cfb28',  'Weekly Contest 14',
     '<h3>Welcome to the 14th CodeDynamite Weekly Contest</h3><p><br></p><p>We are thrilled to present the inaugural CodeDynamite Weekly Contest, a premier event designed to challenge your coding skills and ignite your passion for programming. Whether you''re a seasoned developer or a coding enthusiast, this contest offers a unique opportunity to showcase your talents, compete with like-minded individuals, and win exciting prizes.</p><p><br></p><p><strong>About the contest:</strong></p><ul><li><strong>Sponsored by:</strong> CodeDynamite, your go-to platform for cutting-edge coding resources and community support.</li><li><strong>When:</strong> Every week, with fresh and exciting challenges that cater to various skill levels.</li><li><strong>Who Can Participate:</strong> Open to all coding enthusiasts, regardless of experience level.</li></ul><p><br></p><p><strong>Why Join?</strong></p><ul><li><strong>Challenge Yourself:</strong> Tackle a variety of coding problems that will test your creativity and problem-solving abilities.</li><li><strong>Learn and Grow:</strong> Gain new insights and improve your coding skills through hands-on practice and real-time competition.</li><li><strong>Win Prizes:</strong> Stand a chance to win amazing rewards and earn recognition within the coding community.</li></ul><p><br></p><p><strong>How to Register:</strong></p><ul><li>Simply click the registration link below and fill out the required details to secure your spot in the contest.</li><li>Registration is quick, easy, and free!</li></ul><p><br></p><p><strong>Don’t miss out on this fantastic opportunity to connect, compete, and code with the best!</strong></p><p><br></p><p><strong>Register for the contest now and let your coding journey begin!</strong></p><p><a href="https://codedynamite.site/#/contests/d215b5f8-0249-4dc5-89a3-51fd148cfb28/information" rel="noopener noreferrer" target="_blank">Link to register</a></p><p><br></p><p><br></p>',
     '<p><strong>🎉 Juicy Prizes Await You! 🎉</strong></p><p><br></p><p>Get ready to win some amazing rewards in the 1st CodeDynamite Weekly Contest! Here are the fantastic prizes up for grabs:</p><p><br></p><p><strong>1st Place:</strong></p><ul><li><strong>$500 Cash Prize</strong></li><li><strong>Exclusive CodeDynamite T-Shirt</strong></li><li><strong>Personalized Winner''s Certificate</strong></li></ul><p><br></p><p><strong>2nd Place:</strong></p><ul><li><strong>$250 Cash Prize</strong></li><li><strong>Exclusive CodeDynamite Hoodie</strong></li><li><strong>Personalized Runner-Up Certificate</strong></li></ul><p><br></p><p><strong>3rd Place:</strong></p><ul><li><strong>$100 Cash Prize</strong></li><li><strong>Exclusive CodeDynamite Mug</strong></li><li><strong>Personalized Certificate of Achievement</strong></li></ul><p><br></p><p>Don''t miss your chance to win these incredible prizes and gain recognition in the coding community. <a href="https://codedynamite.site/#/contests/d215b5f8-0249-4dc5-89a3-51fd148cfb16/information" rel="noopener noreferrer" target="_blank"><strong>Register now</strong></a> and let the competition begin!</p>',
     '<ol><li>Participants must submit their solutions before the end time.</li><li>Participants must follow the contest rules and guidelines.</li><li>Participants must not cheat or plagiarize.</li></ol>',
     '<p><strong>Pre-determined Challenge Scores:</strong></p><p>Each challenge you conquer has a pre-set score waiting to be claimed. The more complex the challenge, the higher the score you can rack up!</p><p><br></p><p><strong>Test Cases: Your Gateway to Glory:</strong></p><p>Each challenge comes with a battery of test cases designed to put your code through its paces. Every test case you conquer translates into points towards your final score. The more test cases you dominate, the closer you get to scoring supremacy!</p><p><br></p><p><strong>Multiple Submissions? No Problem!</strong></p><p>Feeling creative and tinkering with different solutions? No sweat! We take your highest scoring submission for each challenge into account, so fire away with your best attempts.</p><p><br></p><p><strong>The Leaderboard Beckons: It''s All About the Rank</strong></p><p>Participants are ranked on the glorious leaderboard based on their total score. But what happens when coders achieve the same score? Buckle up, because things get exciting!</p><p><br></p><p><strong>Tie-Breaker Time: Speed Demons Unite!</strong></p><p>In the thrilling case of a tie, the tie-breaker comes down to <strong>speed</strong>. The participant who submitted their highest-scoring solution in the <strong>shortest amount of time</strong> reigns supreme! So, channel your inner coding ninja and blaze through those challenges for ultimate glory.</p>',
     'https://leetcode.com/_next/static/images/biweekly-default-f5a8fc3be85b6c9175207fd8fd855d47.png',
     '2024-09-30 09:30:00.000000+07',
     '2024-09-30 10:30:00.000000+07',
     'b029f559-52a8-4699-b595-71161498ed8c',
     'b029f559-52a8-4699-b595-71161498ed8c',
     false,
     null,
     true
    ),
    ('d215b5f8-0249-4dc5-89a3-51fd148cfb29',  'Weekly Contest 15',
     '<h3>Welcome to the 15th CodeDynamite Weekly Contest</h3><p><br></p><p>We are thrilled to present the inaugural CodeDynamite Weekly Contest, a premier event designed to challenge your coding skills and ignite your passion for programming. Whether you''re a seasoned developer or a coding enthusiast, this contest offers a unique opportunity to showcase your talents, compete with like-minded individuals, and win exciting prizes.</p><p><br></p><p><strong>About the contest:</strong></p><ul><li><strong>Sponsored by:</strong> CodeDynamite, your go-to platform for cutting-edge coding resources and community support.</li><li><strong>When:</strong> Every week, with fresh and exciting challenges that cater to various skill levels.</li><li><strong>Who Can Participate:</strong> Open to all coding enthusiasts, regardless of experience level.</li></ul><p><br></p><p><strong>Why Join?</strong></p><ul><li><strong>Challenge Yourself:</strong> Tackle a variety of coding problems that will test your creativity and problem-solving abilities.</li><li><strong>Learn and Grow:</strong> Gain new insights and improve your coding skills through hands-on practice and real-time competition.</li><li><strong>Win Prizes:</strong> Stand a chance to win amazing rewards and earn recognition within the coding community.</li></ul><p><br></p><p><strong>How to Register:</strong></p><ul><li>Simply click the registration link below and fill out the required details to secure your spot in the contest.</li><li>Registration is quick, easy, and free!</li></ul><p><br></p><p><strong>Don’t miss out on this fantastic opportunity to connect, compete, and code with the best!</strong></p><p><br></p><p><strong>Register for the contest now and let your coding journey begin!</strong></p><p><a href="https://codedynamite.site/#/contests/d215b5f8-0249-4dc5-89a3-51fd148cfb29/information" rel="noopener noreferrer" target="_blank">Link to register</a></p><p><br></p><p><br></p>',
     '<p><strong>🎉 Juicy Prizes Await You! 🎉</strong></p><p><br></p><p>Get ready to win some amazing rewards in the 1st CodeDynamite Weekly Contest! Here are the fantastic prizes up for grabs:</p><p><br></p><p><strong>1st Place:</strong></p><ul><li><strong>$500 Cash Prize</strong></li><li><strong>Exclusive CodeDynamite T-Shirt</strong></li><li><strong>Personalized Winner''s Certificate</strong></li></ul><p><br></p><p><strong>2nd Place:</strong></p><ul><li><strong>$250 Cash Prize</strong></li><li><strong>Exclusive CodeDynamite Hoodie</strong></li><li><strong>Personalized Runner-Up Certificate</strong></li></ul><p><br></p><p><strong>3rd Place:</strong></p><ul><li><strong>$100 Cash Prize</strong></li><li><strong>Exclusive CodeDynamite Mug</strong></li><li><strong>Personalized Certificate of Achievement</strong></li></ul><p><br></p><p>Don''t miss your chance to win these incredible prizes and gain recognition in the coding community. <a href="https://codedynamite.site/#/contests/d215b5f8-0249-4dc5-89a3-51fd148cfb16/information" rel="noopener noreferrer" target="_blank"><strong>Register now</strong></a> and let the competition begin!</p>',
     '<ol><li>Participants must submit their solutions before the end time.</li><li>Participants must follow the contest rules and guidelines.</li><li>Participants must not cheat or plagiarize.</li></ol>',
     '<p><strong>Pre-determined Challenge Scores:</strong></p><p>Each challenge you conquer has a pre-set score waiting to be claimed. The more complex the challenge, the higher the score you can rack up!</p><p><br></p><p><strong>Test Cases: Your Gateway to Glory:</strong></p><p>Each challenge comes with a battery of test cases designed to put your code through its paces. Every test case you conquer translates into points towards your final score. The more test cases you dominate, the closer you get to scoring supremacy!</p><p><br></p><p><strong>Multiple Submissions? No Problem!</strong></p><p>Feeling creative and tinkering with different solutions? No sweat! We take your highest scoring submission for each challenge into account, so fire away with your best attempts.</p><p><br></p><p><strong>The Leaderboard Beckons: It''s All About the Rank</strong></p><p>Participants are ranked on the glorious leaderboard based on their total score. But what happens when coders achieve the same score? Buckle up, because things get exciting!</p><p><br></p><p><strong>Tie-Breaker Time: Speed Demons Unite!</strong></p><p>In the thrilling case of a tie, the tie-breaker comes down to <strong>speed</strong>. The participant who submitted their highest-scoring solution in the <strong>shortest amount of time</strong> reigns supreme! So, channel your inner coding ninja and blaze through those challenges for ultimate glory.</p>',
     'https://leetcode.com/_next/static/images/biweekly-default-f5a8fc3be85b6c9175207fd8fd855d47.png',
     '2024-10-07 09:30:00.000000+07',
     '2024-10-07 10:30:00.000000+07',
     'b029f559-52a8-4699-b595-71161498ed8c',
     'b029f559-52a8-4699-b595-71161498ed8c',
     false,
     null,
     true
    ),
    ('d215b5f8-0249-4dc5-89a3-51fd148cfb30',  'HCMUS Hackathon Contest',
     '<h3>Welcome to the HCMUS Hackathon Contest</h3><p><br></p><p>We are thrilled to present the inaugural CodeDynamite Weekly Contest, a premier event designed to challenge your coding skills and ignite your passion for programming. Whether you''re a seasoned developer or a coding enthusiast, this contest offers a unique opportunity to showcase your talents, compete with like-minded individuals, and win exciting prizes.</p><p><br></p><p><strong>About the contest:</strong></p><ul><li><strong>Sponsored by:</strong> CodeDynamite, your go-to platform for cutting-edge coding resources and community support.</li><li><strong>When:</strong> Every week, with fresh and exciting challenges that cater to various skill levels.</li><li><strong>Who Can Participate:</strong> Open to all coding enthusiasts, regardless of experience level.</li></ul><p><br></p><p><strong>Why Join?</strong></p><ul><li><strong>Challenge Yourself:</strong> Tackle a variety of coding problems that will test your creativity and problem-solving abilities.</li><li><strong>Learn and Grow:</strong> Gain new insights and improve your coding skills through hands-on practice and real-time competition.</li><li><strong>Win Prizes:</strong> Stand a chance to win amazing rewards and earn recognition within the coding community.</li></ul><p><br></p><p><strong>How to Register:</strong></p><ul><li>Simply click the registration link below and fill out the required details to secure your spot in the contest.</li><li>Registration is quick, easy, and free!</li></ul><p><br></p><p><strong>Don’t miss out on this fantastic opportunity to connect, compete, and code with the best!</strong></p><p><br></p><p><strong>Register for the contest now and let your coding journey begin!</strong></p><p><a href="https://codedynamite.site/#/contests/d215b5f8-0249-4dc5-89a3-51fd148cfb30/information" rel="noopener noreferrer" target="_blank">Link to register</a></p><p><br></p><p><br></p>',
     '<p><strong>🎉 Juicy Prizes Await You! 🎉</strong></p><p><br></p><p>Get ready to win some amazing rewards in the 1st CodeDynamite Weekly Contest! Here are the fantastic prizes up for grabs:</p><p><br></p><p><strong>1st Place:</strong></p><ul><li><strong>$500 Cash Prize</strong></li><li><strong>Exclusive CodeDynamite T-Shirt</strong></li><li><strong>Personalized Winner''s Certificate</strong></li></ul><p><br></p><p><strong>2nd Place:</strong></p><ul><li><strong>$250 Cash Prize</strong></li><li><strong>Exclusive CodeDynamite Hoodie</strong></li><li><strong>Personalized Runner-Up Certificate</strong></li></ul><p><br></p><p><strong>3rd Place:</strong></p><ul><li><strong>$100 Cash Prize</strong></li><li><strong>Exclusive CodeDynamite Mug</strong></li><li><strong>Personalized Certificate of Achievement</strong></li></ul><p><br></p><p>Don''t miss your chance to win these incredible prizes and gain recognition in the coding community. <a href="https://codedynamite.site/#/contests/d215b5f8-0249-4dc5-89a3-51fd148cfb16/information" rel="noopener noreferrer" target="_blank"><strong>Register now</strong></a> and let the competition begin!</p>',
     '<ol><li>Participants must submit their solutions before the end time.</li><li>Participants must follow the contest rules and guidelines.</li><li>Participants must not cheat or plagiarize.</li></ol>',
     '<p><strong>Pre-determined Challenge Scores:</strong></p><p>Each challenge you conquer has a pre-set score waiting to be claimed. The more complex the challenge, the higher the score you can rack up!</p><p><br></p><p><strong>Test Cases: Your Gateway to Glory:</strong></p><p>Each challenge comes with a battery of test cases designed to put your code through its paces. Every test case you conquer translates into points towards your final score. The more test cases you dominate, the closer you get to scoring supremacy!</p><p><br></p><p><strong>Multiple Submissions? No Problem!</strong></p><p>Feeling creative and tinkering with different solutions? No sweat! We take your highest scoring submission for each challenge into account, so fire away with your best attempts.</p><p><br></p><p><strong>The Leaderboard Beckons: It''s All About the Rank</strong></p><p>Participants are ranked on the glorious leaderboard based on their total score. But what happens when coders achieve the same score? Buckle up, because things get exciting!</p><p><br></p><p><strong>Tie-Breaker Time: Speed Demons Unite!</strong></p><p>In the thrilling case of a tie, the tie-breaker comes down to <strong>speed</strong>. The participant who submitted their highest-scoring solution in the <strong>shortest amount of time</strong> reigns supreme! So, channel your inner coding ninja and blaze through those challenges for ultimate glory.</p>',
     'https://leetcode.com/_next/static/images/biweekly-default-f5a8fc3be85b6c9175207fd8fd855d47.png',
     CURRENT_TIMESTAMP + INTERVAL '5 minutes',
     CURRENT_TIMESTAMP + INTERVAL '1 hour 5 minutes',
     'b029f559-52a8-4699-b595-71161498ed8c',
     'b029f559-52a8-4699-b595-71161498ed8c',
     true,
     '08b65a39-394f-4977-a5fa-3fe145b620f8',
     true
    ),
    ('d215b5f8-0249-4dc5-89a3-51fd148cfb31',  'HCMUS Algorithm Contest',
     '<h3>Welcome to the HCMUS Algorithm Contest</h3><p><br></p><p>We are thrilled to present the inaugural CodeDynamite Weekly Contest, a premier event designed to challenge your coding skills and ignite your passion for programming. Whether you''re a seasoned developer or a coding enthusiast, this contest offers a unique opportunity to showcase your talents, compete with like-minded individuals, and win exciting prizes.</p><p><br></p><p><strong>About the contest:</strong></p><ul><li><strong>Sponsored by:</strong> CodeDynamite, your go-to platform for cutting-edge coding resources and community support.</li><li><strong>When:</strong> Every week, with fresh and exciting challenges that cater to various skill levels.</li><li><strong>Who Can Participate:</strong> Open to all coding enthusiasts, regardless of experience level.</li></ul><p><br></p><p><strong>Why Join?</strong></p><ul><li><strong>Challenge Yourself:</strong> Tackle a variety of coding problems that will test your creativity and problem-solving abilities.</li><li><strong>Learn and Grow:</strong> Gain new insights and improve your coding skills through hands-on practice and real-time competition.</li><li><strong>Win Prizes:</strong> Stand a chance to win amazing rewards and earn recognition within the coding community.</li></ul><p><br></p><p><strong>How to Register:</strong></p><ul><li>Simply click the registration link below and fill out the required details to secure your spot in the contest.</li><li>Registration is quick, easy, and free!</li></ul><p><br></p><p><strong>Don’t miss out on this fantastic opportunity to connect, compete, and code with the best!</strong></p><p><br></p><p><strong>Register for the contest now and let your coding journey begin!</strong></p><p><a href="https://codedynamite.site/#/contests/d215b5f8-0249-4dc5-89a3-51fd148cfb31/information" rel="noopener noreferrer" target="_blank">Link to register</a></p><p><br></p><p><br></p>',
     '<p><strong>🎉 Juicy Prizes Await You! 🎉</strong></p><p><br></p><p>Get ready to win some amazing rewards in the 1st CodeDynamite Weekly Contest! Here are the fantastic prizes up for grabs:</p><p><br></p><p><strong>1st Place:</strong></p><ul><li><strong>$500 Cash Prize</strong></li><li><strong>Exclusive CodeDynamite T-Shirt</strong></li><li><strong>Personalized Winner''s Certificate</strong></li></ul><p><br></p><p><strong>2nd Place:</strong></p><ul><li><strong>$250 Cash Prize</strong></li><li><strong>Exclusive CodeDynamite Hoodie</strong></li><li><strong>Personalized Runner-Up Certificate</strong></li></ul><p><br></p><p><strong>3rd Place:</strong></p><ul><li><strong>$100 Cash Prize</strong></li><li><strong>Exclusive CodeDynamite Mug</strong></li><li><strong>Personalized Certificate of Achievement</strong></li></ul><p><br></p><p>Don''t miss your chance to win these incredible prizes and gain recognition in the coding community. <a href="https://codedynamite.site/#/contests/d215b5f8-0249-4dc5-89a3-51fd148cfb16/information" rel="noopener noreferrer" target="_blank"><strong>Register now</strong></a> and let the competition begin!</p>',
     '<ol><li>Participants must submit their solutions before the end time.</li><li>Participants must follow the contest rules and guidelines.</li><li>Participants must not cheat or plagiarize.</li></ol>',
     '<p><strong>Pre-determined Challenge Scores:</strong></p><p>Each challenge you conquer has a pre-set score waiting to be claimed. The more complex the challenge, the higher the score you can rack up!</p><p><br></p><p><strong>Test Cases: Your Gateway to Glory:</strong></p><p>Each challenge comes with a battery of test cases designed to put your code through its paces. Every test case you conquer translates into points towards your final score. The more test cases you dominate, the closer you get to scoring supremacy!</p><p><br></p><p><strong>Multiple Submissions? No Problem!</strong></p><p>Feeling creative and tinkering with different solutions? No sweat! We take your highest scoring submission for each challenge into account, so fire away with your best attempts.</p><p><br></p><p><strong>The Leaderboard Beckons: It''s All About the Rank</strong></p><p>Participants are ranked on the glorious leaderboard based on their total score. But what happens when coders achieve the same score? Buckle up, because things get exciting!</p><p><br></p><p><strong>Tie-Breaker Time: Speed Demons Unite!</strong></p><p>In the thrilling case of a tie, the tie-breaker comes down to <strong>speed</strong>. The participant who submitted their highest-scoring solution in the <strong>shortest amount of time</strong> reigns supreme! So, channel your inner coding ninja and blaze through those challenges for ultimate glory.</p>',
     'https://leetcode.com/_next/static/images/biweekly-default-f5a8fc3be85b6c9175207fd8fd855d47.png',
     CURRENT_TIMESTAMP + INTERVAL '10 minutes',
     CURRENT_TIMESTAMP + INTERVAL '1 hour 10 minutes',
     'b029f559-52a8-4699-b595-71161498ed8c',
     'b029f559-52a8-4699-b595-71161498ed8c',
     true,
     '08b65a39-394f-4977-a5fa-3fe145b620f8',
     true
    ),
    ('d215b5f8-0249-4dc5-89a3-51fd148cfb32',  'HCMUS Code-A-Thon Contest',
     '<h3>Welcome to the HCMUS Code-A-Thon Contest</h3><p><br></p><p>We are thrilled to present the inaugural CodeDynamite Weekly Contest, a premier event designed to challenge your coding skills and ignite your passion for programming. Whether you''re a seasoned developer or a coding enthusiast, this contest offers a unique opportunity to showcase your talents, compete with like-minded individuals, and win exciting prizes.</p><p><br></p><p><strong>About the contest:</strong></p><ul><li><strong>Sponsored by:</strong> CodeDynamite, your go-to platform for cutting-edge coding resources and community support.</li><li><strong>When:</strong> Every week, with fresh and exciting challenges that cater to various skill levels.</li><li><strong>Who Can Participate:</strong> Open to all coding enthusiasts, regardless of experience level.</li></ul><p><br></p><p><strong>Why Join?</strong></p><ul><li><strong>Challenge Yourself:</strong> Tackle a variety of coding problems that will test your creativity and problem-solving abilities.</li><li><strong>Learn and Grow:</strong> Gain new insights and improve your coding skills through hands-on practice and real-time competition.</li><li><strong>Win Prizes:</strong> Stand a chance to win amazing rewards and earn recognition within the coding community.</li></ul><p><br></p><p><strong>How to Register:</strong></p><ul><li>Simply click the registration link below and fill out the required details to secure your spot in the contest.</li><li>Registration is quick, easy, and free!</li></ul><p><br></p><p><strong>Don’t miss out on this fantastic opportunity to connect, compete, and code with the best!</strong></p><p><br></p><p><strong>Register for the contest now and let your coding journey begin!</strong></p><p><a href="https://codedynamite.site/#/contests/d215b5f8-0249-4dc5-89a3-51fd148cfb32/information" rel="noopener noreferrer" target="_blank">Link to register</a></p><p><br></p><p><br></p>',
     '<p><strong>🎉 Juicy Prizes Await You! 🎉</strong></p><p><br></p><p>Get ready to win some amazing rewards in the 1st CodeDynamite Weekly Contest! Here are the fantastic prizes up for grabs:</p><p><br></p><p><strong>1st Place:</strong></p><ul><li><strong>$500 Cash Prize</strong></li><li><strong>Exclusive CodeDynamite T-Shirt</strong></li><li><strong>Personalized Winner''s Certificate</strong></li></ul><p><br></p><p><strong>2nd Place:</strong></p><ul><li><strong>$250 Cash Prize</strong></li><li><strong>Exclusive CodeDynamite Hoodie</strong></li><li><strong>Personalized Runner-Up Certificate</strong></li></ul><p><br></p><p><strong>3rd Place:</strong></p><ul><li><strong>$100 Cash Prize</strong></li><li><strong>Exclusive CodeDynamite Mug</strong></li><li><strong>Personalized Certificate of Achievement</strong></li></ul><p><br></p><p>Don''t miss your chance to win these incredible prizes and gain recognition in the coding community. <a href="https://codedynamite.site/#/contests/d215b5f8-0249-4dc5-89a3-51fd148cfb16/information" rel="noopener noreferrer" target="_blank"><strong>Register now</strong></a> and let the competition begin!</p>',
     '<ol><li>Participants must submit their solutions before the end time.</li><li>Participants must follow the contest rules and guidelines.</li><li>Participants must not cheat or plagiarize.</li></ol>',
     '<p><strong>Pre-determined Challenge Scores:</strong></p><p>Each challenge you conquer has a pre-set score waiting to be claimed. The more complex the challenge, the higher the score you can rack up!</p><p><br></p><p><strong>Test Cases: Your Gateway to Glory:</strong></p><p>Each challenge comes with a battery of test cases designed to put your code through its paces. Every test case you conquer translates into points towards your final score. The more test cases you dominate, the closer you get to scoring supremacy!</p><p><br></p><p><strong>Multiple Submissions? No Problem!</strong></p><p>Feeling creative and tinkering with different solutions? No sweat! We take your highest scoring submission for each challenge into account, so fire away with your best attempts.</p><p><br></p><p><strong>The Leaderboard Beckons: It''s All About the Rank</strong></p><p>Participants are ranked on the glorious leaderboard based on their total score. But what happens when coders achieve the same score? Buckle up, because things get exciting!</p><p><br></p><p><strong>Tie-Breaker Time: Speed Demons Unite!</strong></p><p>In the thrilling case of a tie, the tie-breaker comes down to <strong>speed</strong>. The participant who submitted their highest-scoring solution in the <strong>shortest amount of time</strong> reigns supreme! So, channel your inner coding ninja and blaze through those challenges for ultimate glory.</p>',
     'https://leetcode.com/_next/static/images/biweekly-default-f5a8fc3be85b6c9175207fd8fd855d47.png',
     CURRENT_TIMESTAMP + INTERVAL '1 hours',
     CURRENT_TIMESTAMP + INTERVAL '2 hours',
     'b029f559-52a8-4699-b595-71161498ed8c',
     'b029f559-52a8-4699-b595-71161498ed8c',
     true,
     '08b65a39-394f-4977-a5fa-3fe145b620f8',
     true
    ),
    ('d215b5f8-0249-4dc5-89a3-51fd148cfb33',  'HCMUS Coding Contest',
     '<h3>Welcome to the HCMUS Coding Contest</h3><p><br></p><p>We are thrilled to present the inaugural CodeDynamite Weekly Contest, a premier event designed to challenge your coding skills and ignite your passion for programming. Whether you''re a seasoned developer or a coding enthusiast, this contest offers a unique opportunity to showcase your talents, compete with like-minded individuals, and win exciting prizes.</p><p><br></p><p><strong>About the contest:</strong></p><ul><li><strong>Sponsored by:</strong> CodeDynamite, your go-to platform for cutting-edge coding resources and community support.</li><li><strong>When:</strong> Every week, with fresh and exciting challenges that cater to various skill levels.</li><li><strong>Who Can Participate:</strong> Open to all coding enthusiasts, regardless of experience level.</li></ul><p><br></p><p><strong>Why Join?</strong></p><ul><li><strong>Challenge Yourself:</strong> Tackle a variety of coding problems that will test your creativity and problem-solving abilities.</li><li><strong>Learn and Grow:</strong> Gain new insights and improve your coding skills through hands-on practice and real-time competition.</li><li><strong>Win Prizes:</strong> Stand a chance to win amazing rewards and earn recognition within the coding community.</li></ul><p><br></p><p><strong>How to Register:</strong></p><ul><li>Simply click the registration link below and fill out the required details to secure your spot in the contest.</li><li>Registration is quick, easy, and free!</li></ul><p><br></p><p><strong>Don’t miss out on this fantastic opportunity to connect, compete, and code with the best!</strong></p><p><br></p><p><strong>Register for the contest now and let your coding journey begin!</strong></p><p><a href="https://codedynamite.site/#/contests/d215b5f8-0249-4dc5-89a3-51fd148cfb33/information" rel="noopener noreferrer" target="_blank">Link to register</a></p><p><br></p><p><br></p>',
     '<p><strong>🎉 Juicy Prizes Await You! 🎉</strong></p><p><br></p><p>Get ready to win some amazing rewards in the 1st CodeDynamite Weekly Contest! Here are the fantastic prizes up for grabs:</p><p><br></p><p><strong>1st Place:</strong></p><ul><li><strong>$500 Cash Prize</strong></li><li><strong>Exclusive CodeDynamite T-Shirt</strong></li><li><strong>Personalized Winner''s Certificate</strong></li></ul><p><br></p><p><strong>2nd Place:</strong></p><ul><li><strong>$250 Cash Prize</strong></li><li><strong>Exclusive CodeDynamite Hoodie</strong></li><li><strong>Personalized Runner-Up Certificate</strong></li></ul><p><br></p><p><strong>3rd Place:</strong></p><ul><li><strong>$100 Cash Prize</strong></li><li><strong>Exclusive CodeDynamite Mug</strong></li><li><strong>Personalized Certificate of Achievement</strong></li></ul><p><br></p><p>Don''t miss your chance to win these incredible prizes and gain recognition in the coding community. <a href="https://codedynamite.site/#/contests/d215b5f8-0249-4dc5-89a3-51fd148cfb16/information" rel="noopener noreferrer" target="_blank"><strong>Register now</strong></a> and let the competition begin!</p>',
     '<ol><li>Participants must submit their solutions before the end time.</li><li>Participants must follow the contest rules and guidelines.</li><li>Participants must not cheat or plagiarize.</li></ol>',
     '<p><strong>Pre-determined Challenge Scores:</strong></p><p>Each challenge you conquer has a pre-set score waiting to be claimed. The more complex the challenge, the higher the score you can rack up!</p><p><br></p><p><strong>Test Cases: Your Gateway to Glory:</strong></p><p>Each challenge comes with a battery of test cases designed to put your code through its paces. Every test case you conquer translates into points towards your final score. The more test cases you dominate, the closer you get to scoring supremacy!</p><p><br></p><p><strong>Multiple Submissions? No Problem!</strong></p><p>Feeling creative and tinkering with different solutions? No sweat! We take your highest scoring submission for each challenge into account, so fire away with your best attempts.</p><p><br></p><p><strong>The Leaderboard Beckons: It''s All About the Rank</strong></p><p>Participants are ranked on the glorious leaderboard based on their total score. But what happens when coders achieve the same score? Buckle up, because things get exciting!</p><p><br></p><p><strong>Tie-Breaker Time: Speed Demons Unite!</strong></p><p>In the thrilling case of a tie, the tie-breaker comes down to <strong>speed</strong>. The participant who submitted their highest-scoring solution in the <strong>shortest amount of time</strong> reigns supreme! So, channel your inner coding ninja and blaze through those challenges for ultimate glory.</p>',
     'https://leetcode.com/_next/static/images/biweekly-default-f5a8fc3be85b6c9175207fd8fd855d47.png',
     CURRENT_TIMESTAMP + INTERVAL '1 days',
     CURRENT_TIMESTAMP + INTERVAL '1 days 1 hours',
     'b029f559-52a8-4699-b595-71161498ed8c',
     'b029f559-52a8-4699-b595-71161498ed8c',
     true,
     '08b65a39-394f-4977-a5fa-3fe145b620f8',
     true
    ),
    ('d215b5f8-0249-4dc5-89a3-51fd148cfb34',  'HCMUT Hackathon Contest',
     '<h3>Welcome to the HCMUT Hackathon Contest</h3><p><br></p><p>We are thrilled to present the inaugural CodeDynamite Weekly Contest, a premier event designed to challenge your coding skills and ignite your passion for programming. Whether you''re a seasoned developer or a coding enthusiast, this contest offers a unique opportunity to showcase your talents, compete with like-minded individuals, and win exciting prizes.</p><p><br></p><p><strong>About the contest:</strong></p><ul><li><strong>Sponsored by:</strong> CodeDynamite, your go-to platform for cutting-edge coding resources and community support.</li><li><strong>When:</strong> Every week, with fresh and exciting challenges that cater to various skill levels.</li><li><strong>Who Can Participate:</strong> Open to all coding enthusiasts, regardless of experience level.</li></ul><p><br></p><p><strong>Why Join?</strong></p><ul><li><strong>Challenge Yourself:</strong> Tackle a variety of coding problems that will test your creativity and problem-solving abilities.</li><li><strong>Learn and Grow:</strong> Gain new insights and improve your coding skills through hands-on practice and real-time competition.</li><li><strong>Win Prizes:</strong> Stand a chance to win amazing rewards and earn recognition within the coding community.</li></ul><p><br></p><p><strong>How to Register:</strong></p><ul><li>Simply click the registration link below and fill out the required details to secure your spot in the contest.</li><li>Registration is quick, easy, and free!</li></ul><p><br></p><p><strong>Don’t miss out on this fantastic opportunity to connect, compete, and code with the best!</strong></p><p><br></p><p><strong>Register for the contest now and let your coding journey begin!</strong></p><p><a href="https://codedynamite.site/#/contests/d215b5f8-0249-4dc5-89a3-51fd148cfb34/information" rel="noopener noreferrer" target="_blank">Link to register</a></p><p><br></p><p><br></p>',
     '<p><strong>🎉 Juicy Prizes Await You! 🎉</strong></p><p><br></p><p>Get ready to win some amazing rewards in the 1st CodeDynamite Weekly Contest! Here are the fantastic prizes up for grabs:</p><p><br></p><p><strong>1st Place:</strong></p><ul><li><strong>$500 Cash Prize</strong></li><li><strong>Exclusive CodeDynamite T-Shirt</strong></li><li><strong>Personalized Winner''s Certificate</strong></li></ul><p><br></p><p><strong>2nd Place:</strong></p><ul><li><strong>$250 Cash Prize</strong></li><li><strong>Exclusive CodeDynamite Hoodie</strong></li><li><strong>Personalized Runner-Up Certificate</strong></li></ul><p><br></p><p><strong>3rd Place:</strong></p><ul><li><strong>$100 Cash Prize</strong></li><li><strong>Exclusive CodeDynamite Mug</strong></li><li><strong>Personalized Certificate of Achievement</strong></li></ul><p><br></p><p>Don''t miss your chance to win these incredible prizes and gain recognition in the coding community. <a href="https://codedynamite.site/#/contests/d215b5f8-0249-4dc5-89a3-51fd148cfb16/information" rel="noopener noreferrer" target="_blank"><strong>Register now</strong></a> and let the competition begin!</p>',
     '<ol><li>Participants must submit their solutions before the end time.</li><li>Participants must follow the contest rules and guidelines.</li><li>Participants must not cheat or plagiarize.</li></ol>',
     '<p><strong>Pre-determined Challenge Scores:</strong></p><p>Each challenge you conquer has a pre-set score waiting to be claimed. The more complex the challenge, the higher the score you can rack up!</p><p><br></p><p><strong>Test Cases: Your Gateway to Glory:</strong></p><p>Each challenge comes with a battery of test cases designed to put your code through its paces. Every test case you conquer translates into points towards your final score. The more test cases you dominate, the closer you get to scoring supremacy!</p><p><br></p><p><strong>Multiple Submissions? No Problem!</strong></p><p>Feeling creative and tinkering with different solutions? No sweat! We take your highest scoring submission for each challenge into account, so fire away with your best attempts.</p><p><br></p><p><strong>The Leaderboard Beckons: It''s All About the Rank</strong></p><p>Participants are ranked on the glorious leaderboard based on their total score. But what happens when coders achieve the same score? Buckle up, because things get exciting!</p><p><br></p><p><strong>Tie-Breaker Time: Speed Demons Unite!</strong></p><p>In the thrilling case of a tie, the tie-breaker comes down to <strong>speed</strong>. The participant who submitted their highest-scoring solution in the <strong>shortest amount of time</strong> reigns supreme! So, channel your inner coding ninja and blaze through those challenges for ultimate glory.</p>',
     'https://leetcode.com/_next/static/images/biweekly-default-f5a8fc3be85b6c9175207fd8fd855d47.png',
     CURRENT_TIMESTAMP + INTERVAL '30 minutes',
     CURRENT_TIMESTAMP + INTERVAL '1 hour 30 minutes',
     'b029f559-52a8-4699-b595-71161498ed8c',
     'b029f559-52a8-4699-b595-71161498ed8c',
     true,
     'cb69c0bf-c454-4f15-be10-791f6749dac7',
     true
    ),
    ('d215b5f8-0249-4dc5-89a3-51fd148cfb35',  'HCMUT Algorithm Contest',
     '<h3>Welcome to the HCMUT Algorithm Contest</h3><p><br></p><p>We are thrilled to present the inaugural CodeDynamite Weekly Contest, a premier event designed to challenge your coding skills and ignite your passion for programming. Whether you''re a seasoned developer or a coding enthusiast, this contest offers a unique opportunity to showcase your talents, compete with like-minded individuals, and win exciting prizes.</p><p><br></p><p><strong>About the contest:</strong></p><ul><li><strong>Sponsored by:</strong> CodeDynamite, your go-to platform for cutting-edge coding resources and community support.</li><li><strong>When:</strong> Every week, with fresh and exciting challenges that cater to various skill levels.</li><li><strong>Who Can Participate:</strong> Open to all coding enthusiasts, regardless of experience level.</li></ul><p><br></p><p><strong>Why Join?</strong></p><ul><li><strong>Challenge Yourself:</strong> Tackle a variety of coding problems that will test your creativity and problem-solving abilities.</li><li><strong>Learn and Grow:</strong> Gain new insights and improve your coding skills through hands-on practice and real-time competition.</li><li><strong>Win Prizes:</strong> Stand a chance to win amazing rewards and earn recognition within the coding community.</li></ul><p><br></p><p><strong>How to Register:</strong></p><ul><li>Simply click the registration link below and fill out the required details to secure your spot in the contest.</li><li>Registration is quick, easy, and free!</li></ul><p><br></p><p><strong>Don’t miss out on this fantastic opportunity to connect, compete, and code with the best!</strong></p><p><br></p><p><strong>Register for the contest now and let your coding journey begin!</strong></p><p><a href="https://codedynamite.site/#/contests/d215b5f8-0249-4dc5-89a3-51fd148cfb35/information" rel="noopener noreferrer" target="_blank">Link to register</a></p><p><br></p><p><br></p>',
     '<p><strong>🎉 Juicy Prizes Await You! 🎉</strong></p><p><br></p><p>Get ready to win some amazing rewards in the 1st CodeDynamite Weekly Contest! Here are the fantastic prizes up for grabs:</p><p><br></p><p><strong>1st Place:</strong></p><ul><li><strong>$500 Cash Prize</strong></li><li><strong>Exclusive CodeDynamite T-Shirt</strong></li><li><strong>Personalized Winner''s Certificate</strong></li></ul><p><br></p><p><strong>2nd Place:</strong></p><ul><li><strong>$250 Cash Prize</strong></li><li><strong>Exclusive CodeDynamite Hoodie</strong></li><li><strong>Personalized Runner-Up Certificate</strong></li></ul><p><br></p><p><strong>3rd Place:</strong></p><ul><li><strong>$100 Cash Prize</strong></li><li><strong>Exclusive CodeDynamite Mug</strong></li><li><strong>Personalized Certificate of Achievement</strong></li></ul><p><br></p><p>Don''t miss your chance to win these incredible prizes and gain recognition in the coding community. <a href="https://codedynamite.site/#/contests/d215b5f8-0249-4dc5-89a3-51fd148cfb16/information" rel="noopener noreferrer" target="_blank"><strong>Register now</strong></a> and let the competition begin!</p>',
     '<ol><li>Participants must submit their solutions before the end time.</li><li>Participants must follow the contest rules and guidelines.</li><li>Participants must not cheat or plagiarize.</li></ol>',
     '<p><strong>Pre-determined Challenge Scores:</strong></p><p>Each challenge you conquer has a pre-set score waiting to be claimed. The more complex the challenge, the higher the score you can rack up!</p><p><br></p><p><strong>Test Cases: Your Gateway to Glory:</strong></p><p>Each challenge comes with a battery of test cases designed to put your code through its paces. Every test case you conquer translates into points towards your final score. The more test cases you dominate, the closer you get to scoring supremacy!</p><p><br></p><p><strong>Multiple Submissions? No Problem!</strong></p><p>Feeling creative and tinkering with different solutions? No sweat! We take your highest scoring submission for each challenge into account, so fire away with your best attempts.</p><p><br></p><p><strong>The Leaderboard Beckons: It''s All About the Rank</strong></p><p>Participants are ranked on the glorious leaderboard based on their total score. But what happens when coders achieve the same score? Buckle up, because things get exciting!</p><p><br></p><p><strong>Tie-Breaker Time: Speed Demons Unite!</strong></p><p>In the thrilling case of a tie, the tie-breaker comes down to <strong>speed</strong>. The participant who submitted their highest-scoring solution in the <strong>shortest amount of time</strong> reigns supreme! So, channel your inner coding ninja and blaze through those challenges for ultimate glory.</p>',
     'https://leetcode.com/_next/static/images/biweekly-default-f5a8fc3be85b6c9175207fd8fd855d47.png',
     CURRENT_TIMESTAMP + INTERVAL '1 hours',
     CURRENT_TIMESTAMP + INTERVAL '2 hours',
     'b029f559-52a8-4699-b595-71161498ed8c',
     'b029f559-52a8-4699-b595-71161498ed8c',
     true,
     'cb69c0bf-c454-4f15-be10-791f6749dac7',
     true
    ),
    ('d215b5f8-0249-4dc5-89a3-51fd148cfb36',  'Coding Hackathon Contest',
     '<h3>Welcome to the Coding Hackathon Contest</h3><p><br></p><p>We are thrilled to present the inaugural CodeDynamite Weekly Contest, a premier event designed to challenge your coding skills and ignite your passion for programming. Whether you''re a seasoned developer or a coding enthusiast, this contest offers a unique opportunity to showcase your talents, compete with like-minded individuals, and win exciting prizes.</p><p><br></p><p><strong>About the contest:</strong></p><ul><li><strong>Sponsored by:</strong> CodeDynamite, your go-to platform for cutting-edge coding resources and community support.</li><li><strong>When:</strong> Every week, with fresh and exciting challenges that cater to various skill levels.</li><li><strong>Who Can Participate:</strong> Open to all coding enthusiasts, regardless of experience level.</li></ul><p><br></p><p><strong>Why Join?</strong></p><ul><li><strong>Challenge Yourself:</strong> Tackle a variety of coding problems that will test your creativity and problem-solving abilities.</li><li><strong>Learn and Grow:</strong> Gain new insights and improve your coding skills through hands-on practice and real-time competition.</li><li><strong>Win Prizes:</strong> Stand a chance to win amazing rewards and earn recognition within the coding community.</li></ul><p><br></p><p><strong>How to Register:</strong></p><ul><li>Simply click the registration link below and fill out the required details to secure your spot in the contest.</li><li>Registration is quick, easy, and free!</li></ul><p><br></p><p><strong>Don’t miss out on this fantastic opportunity to connect, compete, and code with the best!</strong></p><p><br></p><p><strong>Register for the contest now and let your coding journey begin!</strong></p><p><a href="https://codedynamite.site/#/contests/d215b5f8-0249-4dc5-89a3-51fd148cfb36/information" rel="noopener noreferrer" target="_blank">Link to register</a></p><p><br></p><p><br></p>',
     '<p><strong>🎉 Juicy Prizes Await You! 🎉</strong></p><p><br></p><p>Get ready to win some amazing rewards in the 1st CodeDynamite Weekly Contest! Here are the fantastic prizes up for grabs:</p><p><br></p><p><strong>1st Place:</strong></p><ul><li><strong>$500 Cash Prize</strong></li><li><strong>Exclusive CodeDynamite T-Shirt</strong></li><li><strong>Personalized Winner''s Certificate</strong></li></ul><p><br></p><p><strong>2nd Place:</strong></p><ul><li><strong>$250 Cash Prize</strong></li><li><strong>Exclusive CodeDynamite Hoodie</strong></li><li><strong>Personalized Runner-Up Certificate</strong></li></ul><p><br></p><p><strong>3rd Place:</strong></p><ul><li><strong>$100 Cash Prize</strong></li><li><strong>Exclusive CodeDynamite Mug</strong></li><li><strong>Personalized Certificate of Achievement</strong></li></ul><p><br></p><p>Don''t miss your chance to win these incredible prizes and gain recognition in the coding community. <a href="https://codedynamite.site/#/contests/d215b5f8-0249-4dc5-89a3-51fd148cfb16/information" rel="noopener noreferrer" target="_blank"><strong>Register now</strong></a> and let the competition begin!</p>',
     '<ol><li>Participants must submit their solutions before the end time.</li><li>Participants must follow the contest rules and guidelines.</li><li>Participants must not cheat or plagiarize.</li></ol>',
     '<p><strong>Pre-determined Challenge Scores:</strong></p><p>Each challenge you conquer has a pre-set score waiting to be claimed. The more complex the challenge, the higher the score you can rack up!</p><p><br></p><p><strong>Test Cases: Your Gateway to Glory:</strong></p><p>Each challenge comes with a battery of test cases designed to put your code through its paces. Every test case you conquer translates into points towards your final score. The more test cases you dominate, the closer you get to scoring supremacy!</p><p><br></p><p><strong>Multiple Submissions? No Problem!</strong></p><p>Feeling creative and tinkering with different solutions? No sweat! We take your highest scoring submission for each challenge into account, so fire away with your best attempts.</p><p><br></p><p><strong>The Leaderboard Beckons: It''s All About the Rank</strong></p><p>Participants are ranked on the glorious leaderboard based on their total score. But what happens when coders achieve the same score? Buckle up, because things get exciting!</p><p><br></p><p><strong>Tie-Breaker Time: Speed Demons Unite!</strong></p><p>In the thrilling case of a tie, the tie-breaker comes down to <strong>speed</strong>. The participant who submitted their highest-scoring solution in the <strong>shortest amount of time</strong> reigns supreme! So, channel your inner coding ninja and blaze through those challenges for ultimate glory.</p>',
     'https://leetcode.com/_next/static/images/biweekly-default-f5a8fc3be85b6c9175207fd8fd855d47.png',
     CURRENT_TIMESTAMP + INTERVAL '1 days',
     CURRENT_TIMESTAMP + INTERVAL '1 days 1 hours',
     'b029f559-52a8-4699-b595-71161498ed8c',
     'b029f559-52a8-4699-b595-71161498ed8c',
     true,
     null,
     true
    ),
    ('d215b5f8-0249-4dc5-89a3-51fd148cfb37',  'Fresher Coding Contest',
     '<h3>Welcome to the Fresher Coding Contest</h3><p><br></p><p>We are thrilled to present the inaugural CodeDynamite Weekly Contest, a premier event designed to challenge your coding skills and ignite your passion for programming. Whether you''re a seasoned developer or a coding enthusiast, this contest offers a unique opportunity to showcase your talents, compete with like-minded individuals, and win exciting prizes.</p><p><br></p><p><strong>About the contest:</strong></p><ul><li><strong>Sponsored by:</strong> CodeDynamite, your go-to platform for cutting-edge coding resources and community support.</li><li><strong>When:</strong> Every week, with fresh and exciting challenges that cater to various skill levels.</li><li><strong>Who Can Participate:</strong> Open to all coding enthusiasts, regardless of experience level.</li></ul><p><br></p><p><strong>Why Join?</strong></p><ul><li><strong>Challenge Yourself:</strong> Tackle a variety of coding problems that will test your creativity and problem-solving abilities.</li><li><strong>Learn and Grow:</strong> Gain new insights and improve your coding skills through hands-on practice and real-time competition.</li><li><strong>Win Prizes:</strong> Stand a chance to win amazing rewards and earn recognition within the coding community.</li></ul><p><br></p><p><strong>How to Register:</strong></p><ul><li>Simply click the registration link below and fill out the required details to secure your spot in the contest.</li><li>Registration is quick, easy, and free!</li></ul><p><br></p><p><strong>Don’t miss out on this fantastic opportunity to connect, compete, and code with the best!</strong></p><p><br></p><p><strong>Register for the contest now and let your coding journey begin!</strong></p><p><a href="https://codedynamite.site/#/contests/d215b5f8-0249-4dc5-89a3-51fd148cfb37/information" rel="noopener noreferrer" target="_blank">Link to register</a></p><p><br></p><p><br></p>',
     '<p><strong>🎉 Juicy Prizes Await You! 🎉</strong></p><p><br></p><p>Get ready to win some amazing rewards in the 1st CodeDynamite Weekly Contest! Here are the fantastic prizes up for grabs:</p><p><br></p><p><strong>1st Place:</strong></p><ul><li><strong>$500 Cash Prize</strong></li><li><strong>Exclusive CodeDynamite T-Shirt</strong></li><li><strong>Personalized Winner''s Certificate</strong></li></ul><p><br></p><p><strong>2nd Place:</strong></p><ul><li><strong>$250 Cash Prize</strong></li><li><strong>Exclusive CodeDynamite Hoodie</strong></li><li><strong>Personalized Runner-Up Certificate</strong></li></ul><p><br></p><p><strong>3rd Place:</strong></p><ul><li><strong>$100 Cash Prize</strong></li><li><strong>Exclusive CodeDynamite Mug</strong></li><li><strong>Personalized Certificate of Achievement</strong></li></ul><p><br></p><p>Don''t miss your chance to win these incredible prizes and gain recognition in the coding community. <a href="https://codedynamite.site/#/contests/d215b5f8-0249-4dc5-89a3-51fd148cfb16/information" rel="noopener noreferrer" target="_blank"><strong>Register now</strong></a> and let the competition begin!</p>',
     '<ol><li>Participants must submit their solutions before the end time.</li><li>Participants must follow the contest rules and guidelines.</li><li>Participants must not cheat or plagiarize.</li></ol>',
     '<p><strong>Pre-determined Challenge Scores:</strong></p><p>Each challenge you conquer has a pre-set score waiting to be claimed. The more complex the challenge, the higher the score you can rack up!</p><p><br></p><p><strong>Test Cases: Your Gateway to Glory:</strong></p><p>Each challenge comes with a battery of test cases designed to put your code through its paces. Every test case you conquer translates into points towards your final score. The more test cases you dominate, the closer you get to scoring supremacy!</p><p><br></p><p><strong>Multiple Submissions? No Problem!</strong></p><p>Feeling creative and tinkering with different solutions? No sweat! We take your highest scoring submission for each challenge into account, so fire away with your best attempts.</p><p><br></p><p><strong>The Leaderboard Beckons: It''s All About the Rank</strong></p><p>Participants are ranked on the glorious leaderboard based on their total score. But what happens when coders achieve the same score? Buckle up, because things get exciting!</p><p><br></p><p><strong>Tie-Breaker Time: Speed Demons Unite!</strong></p><p>In the thrilling case of a tie, the tie-breaker comes down to <strong>speed</strong>. The participant who submitted their highest-scoring solution in the <strong>shortest amount of time</strong> reigns supreme! So, channel your inner coding ninja and blaze through those challenges for ultimate glory.</p>',
     'https://leetcode.com/_next/static/images/biweekly-default-f5a8fc3be85b6c9175207fd8fd855d47.png',
     CURRENT_TIMESTAMP + INTERVAL '2 days',
     CURRENT_TIMESTAMP + INTERVAL '2 days 1 hours',
     'b029f559-52a8-4699-b595-71161498ed8c',
     'b029f559-52a8-4699-b595-71161498ed8c',
     true,
     null,
     true
    ),
    ('d215b5f8-0249-4dc5-89a3-51fd148cfb38',  'Junior Coding Contest',
     '<h3>Welcome to the Junior Coding Contest</h3><p><br></p><p>We are thrilled to present the inaugural CodeDynamite Weekly Contest, a premier event designed to challenge your coding skills and ignite your passion for programming. Whether you''re a seasoned developer or a coding enthusiast, this contest offers a unique opportunity to showcase your talents, compete with like-minded individuals, and win exciting prizes.</p><p><br></p><p><strong>About the contest:</strong></p><ul><li><strong>Sponsored by:</strong> CodeDynamite, your go-to platform for cutting-edge coding resources and community support.</li><li><strong>When:</strong> Every week, with fresh and exciting challenges that cater to various skill levels.</li><li><strong>Who Can Participate:</strong> Open to all coding enthusiasts, regardless of experience level.</li></ul><p><br></p><p><strong>Why Join?</strong></p><ul><li><strong>Challenge Yourself:</strong> Tackle a variety of coding problems that will test your creativity and problem-solving abilities.</li><li><strong>Learn and Grow:</strong> Gain new insights and improve your coding skills through hands-on practice and real-time competition.</li><li><strong>Win Prizes:</strong> Stand a chance to win amazing rewards and earn recognition within the coding community.</li></ul><p><br></p><p><strong>How to Register:</strong></p><ul><li>Simply click the registration link below and fill out the required details to secure your spot in the contest.</li><li>Registration is quick, easy, and free!</li></ul><p><br></p><p><strong>Don’t miss out on this fantastic opportunity to connect, compete, and code with the best!</strong></p><p><br></p><p><strong>Register for the contest now and let your coding journey begin!</strong></p><p><a href="https://codedynamite.site/#/contests/d215b5f8-0249-4dc5-89a3-51fd148cfb38/information" rel="noopener noreferrer" target="_blank">Link to register</a></p><p><br></p><p><br></p>',
     '<p><strong>🎉 Juicy Prizes Await You! 🎉</strong></p><p><br></p><p>Get ready to win some amazing rewards in the 1st CodeDynamite Weekly Contest! Here are the fantastic prizes up for grabs:</p><p><br></p><p><strong>1st Place:</strong></p><ul><li><strong>$500 Cash Prize</strong></li><li><strong>Exclusive CodeDynamite T-Shirt</strong></li><li><strong>Personalized Winner''s Certificate</strong></li></ul><p><br></p><p><strong>2nd Place:</strong></p><ul><li><strong>$250 Cash Prize</strong></li><li><strong>Exclusive CodeDynamite Hoodie</strong></li><li><strong>Personalized Runner-Up Certificate</strong></li></ul><p><br></p><p><strong>3rd Place:</strong></p><ul><li><strong>$100 Cash Prize</strong></li><li><strong>Exclusive CodeDynamite Mug</strong></li><li><strong>Personalized Certificate of Achievement</strong></li></ul><p><br></p><p>Don''t miss your chance to win these incredible prizes and gain recognition in the coding community. <a href="https://codedynamite.site/#/contests/d215b5f8-0249-4dc5-89a3-51fd148cfb16/information" rel="noopener noreferrer" target="_blank"><strong>Register now</strong></a> and let the competition begin!</p>',
     '<ol><li>Participants must submit their solutions before the end time.</li><li>Participants must follow the contest rules and guidelines.</li><li>Participants must not cheat or plagiarize.</li></ol>',
     '<p><strong>Pre-determined Challenge Scores:</strong></p><p>Each challenge you conquer has a pre-set score waiting to be claimed. The more complex the challenge, the higher the score you can rack up!</p><p><br></p><p><strong>Test Cases: Your Gateway to Glory:</strong></p><p>Each challenge comes with a battery of test cases designed to put your code through its paces. Every test case you conquer translates into points towards your final score. The more test cases you dominate, the closer you get to scoring supremacy!</p><p><br></p><p><strong>Multiple Submissions? No Problem!</strong></p><p>Feeling creative and tinkering with different solutions? No sweat! We take your highest scoring submission for each challenge into account, so fire away with your best attempts.</p><p><br></p><p><strong>The Leaderboard Beckons: It''s All About the Rank</strong></p><p>Participants are ranked on the glorious leaderboard based on their total score. But what happens when coders achieve the same score? Buckle up, because things get exciting!</p><p><br></p><p><strong>Tie-Breaker Time: Speed Demons Unite!</strong></p><p>In the thrilling case of a tie, the tie-breaker comes down to <strong>speed</strong>. The participant who submitted their highest-scoring solution in the <strong>shortest amount of time</strong> reigns supreme! So, channel your inner coding ninja and blaze through those challenges for ultimate glory.</p>',
     'https://leetcode.com/_next/static/images/biweekly-default-f5a8fc3be85b6c9175207fd8fd855d47.png',
     CURRENT_TIMESTAMP + INTERVAL '3 days',
     CURRENT_TIMESTAMP + INTERVAL '3 days 1 hours',
     'b029f559-52a8-4699-b595-71161498ed8c',
     'b029f559-52a8-4699-b595-71161498ed8c',
     true,
     null,
     true
    ),
    ('d215b5f8-0249-4dc5-89a3-51fd148cfb39',  'Senior Coding Contest',
     '<h3>Welcome to the Senior Coding Contest</h3><p><br></p><p>We are thrilled to present the inaugural CodeDynamite Weekly Contest, a premier event designed to challenge your coding skills and ignite your passion for programming. Whether you''re a seasoned developer or a coding enthusiast, this contest offers a unique opportunity to showcase your talents, compete with like-minded individuals, and win exciting prizes.</p><p><br></p><p><strong>About the contest:</strong></p><ul><li><strong>Sponsored by:</strong> CodeDynamite, your go-to platform for cutting-edge coding resources and community support.</li><li><strong>When:</strong> Every week, with fresh and exciting challenges that cater to various skill levels.</li><li><strong>Who Can Participate:</strong> Open to all coding enthusiasts, regardless of experience level.</li></ul><p><br></p><p><strong>Why Join?</strong></p><ul><li><strong>Challenge Yourself:</strong> Tackle a variety of coding problems that will test your creativity and problem-solving abilities.</li><li><strong>Learn and Grow:</strong> Gain new insights and improve your coding skills through hands-on practice and real-time competition.</li><li><strong>Win Prizes:</strong> Stand a chance to win amazing rewards and earn recognition within the coding community.</li></ul><p><br></p><p><strong>How to Register:</strong></p><ul><li>Simply click the registration link below and fill out the required details to secure your spot in the contest.</li><li>Registration is quick, easy, and free!</li></ul><p><br></p><p><strong>Don’t miss out on this fantastic opportunity to connect, compete, and code with the best!</strong></p><p><br></p><p><strong>Register for the contest now and let your coding journey begin!</strong></p><p><a href="https://codedynamite.site/#/contests/d215b5f8-0249-4dc5-89a3-51fd148cfb39/information" rel="noopener noreferrer" target="_blank">Link to register</a></p><p><br></p><p><br></p>',
     '<p><strong>🎉 Juicy Prizes Await You! 🎉</strong></p><p><br></p><p>Get ready to win some amazing rewards in the 1st CodeDynamite Weekly Contest! Here are the fantastic prizes up for grabs:</p><p><br></p><p><strong>1st Place:</strong></p><ul><li><strong>$500 Cash Prize</strong></li><li><strong>Exclusive CodeDynamite T-Shirt</strong></li><li><strong>Personalized Winner''s Certificate</strong></li></ul><p><br></p><p><strong>2nd Place:</strong></p><ul><li><strong>$250 Cash Prize</strong></li><li><strong>Exclusive CodeDynamite Hoodie</strong></li><li><strong>Personalized Runner-Up Certificate</strong></li></ul><p><br></p><p><strong>3rd Place:</strong></p><ul><li><strong>$100 Cash Prize</strong></li><li><strong>Exclusive CodeDynamite Mug</strong></li><li><strong>Personalized Certificate of Achievement</strong></li></ul><p><br></p><p>Don''t miss your chance to win these incredible prizes and gain recognition in the coding community. <a href="https://codedynamite.site/#/contests/d215b5f8-0249-4dc5-89a3-51fd148cfb16/information" rel="noopener noreferrer" target="_blank"><strong>Register now</strong></a> and let the competition begin!</p>',
     '<ol><li>Participants must submit their solutions before the end time.</li><li>Participants must follow the contest rules and guidelines.</li><li>Participants must not cheat or plagiarize.</li></ol>',
     '<p><strong>Pre-determined Challenge Scores:</strong></p><p>Each challenge you conquer has a pre-set score waiting to be claimed. The more complex the challenge, the higher the score you can rack up!</p><p><br></p><p><strong>Test Cases: Your Gateway to Glory:</strong></p><p>Each challenge comes with a battery of test cases designed to put your code through its paces. Every test case you conquer translates into points towards your final score. The more test cases you dominate, the closer you get to scoring supremacy!</p><p><br></p><p><strong>Multiple Submissions? No Problem!</strong></p><p>Feeling creative and tinkering with different solutions? No sweat! We take your highest scoring submission for each challenge into account, so fire away with your best attempts.</p><p><br></p><p><strong>The Leaderboard Beckons: It''s All About the Rank</strong></p><p>Participants are ranked on the glorious leaderboard based on their total score. But what happens when coders achieve the same score? Buckle up, because things get exciting!</p><p><br></p><p><strong>Tie-Breaker Time: Speed Demons Unite!</strong></p><p>In the thrilling case of a tie, the tie-breaker comes down to <strong>speed</strong>. The participant who submitted their highest-scoring solution in the <strong>shortest amount of time</strong> reigns supreme! So, channel your inner coding ninja and blaze through those challenges for ultimate glory.</p>',
     'https://leetcode.com/_next/static/images/biweekly-default-f5a8fc3be85b6c9175207fd8fd855d47.png',
     CURRENT_TIMESTAMP + INTERVAL '5 days',
     CURRENT_TIMESTAMP + INTERVAL '5 days 1 hours',
     'b029f559-52a8-4699-b595-71161498ed8c',
     'b029f559-52a8-4699-b595-71161498ed8c',
     true,
     null,
     true
    ),
    ('d215b5f8-0249-4dc5-89a3-51fd148cfb40',  'Tech Coding Contest',
     '<h3>Welcome to the Tech Coding Contest</h3><p><br></p><p>We are thrilled to present the inaugural CodeDynamite Weekly Contest, a premier event designed to challenge your coding skills and ignite your passion for programming. Whether you''re a seasoned developer or a coding enthusiast, this contest offers a unique opportunity to showcase your talents, compete with like-minded individuals, and win exciting prizes.</p><p><br></p><p><strong>About the contest:</strong></p><ul><li><strong>Sponsored by:</strong> CodeDynamite, your go-to platform for cutting-edge coding resources and community support.</li><li><strong>When:</strong> Every week, with fresh and exciting challenges that cater to various skill levels.</li><li><strong>Who Can Participate:</strong> Open to all coding enthusiasts, regardless of experience level.</li></ul><p><br></p><p><strong>Why Join?</strong></p><ul><li><strong>Challenge Yourself:</strong> Tackle a variety of coding problems that will test your creativity and problem-solving abilities.</li><li><strong>Learn and Grow:</strong> Gain new insights and improve your coding skills through hands-on practice and real-time competition.</li><li><strong>Win Prizes:</strong> Stand a chance to win amazing rewards and earn recognition within the coding community.</li></ul><p><br></p><p><strong>How to Register:</strong></p><ul><li>Simply click the registration link below and fill out the required details to secure your spot in the contest.</li><li>Registration is quick, easy, and free!</li></ul><p><br></p><p><strong>Don’t miss out on this fantastic opportunity to connect, compete, and code with the best!</strong></p><p><br></p><p><strong>Register for the contest now and let your coding journey begin!</strong></p><p><a href="https://codedynamite.site/#/contests/d215b5f8-0249-4dc5-89a3-51fd148cfb40/information" rel="noopener noreferrer" target="_blank">Link to register</a></p><p><br></p><p><br></p>',
     '<p><strong>🎉 Juicy Prizes Await You! 🎉</strong></p><p><br></p><p>Get ready to win some amazing rewards in the 1st CodeDynamite Weekly Contest! Here are the fantastic prizes up for grabs:</p><p><br></p><p><strong>1st Place:</strong></p><ul><li><strong>$500 Cash Prize</strong></li><li><strong>Exclusive CodeDynamite T-Shirt</strong></li><li><strong>Personalized Winner''s Certificate</strong></li></ul><p><br></p><p><strong>2nd Place:</strong></p><ul><li><strong>$250 Cash Prize</strong></li><li><strong>Exclusive CodeDynamite Hoodie</strong></li><li><strong>Personalized Runner-Up Certificate</strong></li></ul><p><br></p><p><strong>3rd Place:</strong></p><ul><li><strong>$100 Cash Prize</strong></li><li><strong>Exclusive CodeDynamite Mug</strong></li><li><strong>Personalized Certificate of Achievement</strong></li></ul><p><br></p><p>Don''t miss your chance to win these incredible prizes and gain recognition in the coding community. <a href="https://codedynamite.site/#/contests/d215b5f8-0249-4dc5-89a3-51fd148cfb16/information" rel="noopener noreferrer" target="_blank"><strong>Register now</strong></a> and let the competition begin!</p>',
     '<ol><li>Participants must submit their solutions before the end time.</li><li>Participants must follow the contest rules and guidelines.</li><li>Participants must not cheat or plagiarize.</li></ol>',
     '<p><strong>Pre-determined Challenge Scores:</strong></p><p>Each challenge you conquer has a pre-set score waiting to be claimed. The more complex the challenge, the higher the score you can rack up!</p><p><br></p><p><strong>Test Cases: Your Gateway to Glory:</strong></p><p>Each challenge comes with a battery of test cases designed to put your code through its paces. Every test case you conquer translates into points towards your final score. The more test cases you dominate, the closer you get to scoring supremacy!</p><p><br></p><p><strong>Multiple Submissions? No Problem!</strong></p><p>Feeling creative and tinkering with different solutions? No sweat! We take your highest scoring submission for each challenge into account, so fire away with your best attempts.</p><p><br></p><p><strong>The Leaderboard Beckons: It''s All About the Rank</strong></p><p>Participants are ranked on the glorious leaderboard based on their total score. But what happens when coders achieve the same score? Buckle up, because things get exciting!</p><p><br></p><p><strong>Tie-Breaker Time: Speed Demons Unite!</strong></p><p>In the thrilling case of a tie, the tie-breaker comes down to <strong>speed</strong>. The participant who submitted their highest-scoring solution in the <strong>shortest amount of time</strong> reigns supreme! So, channel your inner coding ninja and blaze through those challenges for ultimate glory.</p>',
     'https://leetcode.com/_next/static/images/biweekly-default-f5a8fc3be85b6c9175207fd8fd855d47.png',
     CURRENT_TIMESTAMP + INTERVAL '10 days',
     CURRENT_TIMESTAMP + INTERVAL '10 days 1 hours',
     'b029f559-52a8-4699-b595-71161498ed8c',
     'b029f559-52a8-4699-b595-71161498ed8c',
     true,
     null,
     true
    ),
    ('d215b5f8-0249-4dc5-89a3-51fd148cfb41',  'Code-A-Thon Contest',
     '<h3>Welcome to the Code-A-Thon Contest</h3><p><br></p><p>We are thrilled to present the inaugural CodeDynamite Weekly Contest, a premier event designed to challenge your coding skills and ignite your passion for programming. Whether you''re a seasoned developer or a coding enthusiast, this contest offers a unique opportunity to showcase your talents, compete with like-minded individuals, and win exciting prizes.</p><p><br></p><p><strong>About the contest:</strong></p><ul><li><strong>Sponsored by:</strong> CodeDynamite, your go-to platform for cutting-edge coding resources and community support.</li><li><strong>When:</strong> Every week, with fresh and exciting challenges that cater to various skill levels.</li><li><strong>Who Can Participate:</strong> Open to all coding enthusiasts, regardless of experience level.</li></ul><p><br></p><p><strong>Why Join?</strong></p><ul><li><strong>Challenge Yourself:</strong> Tackle a variety of coding problems that will test your creativity and problem-solving abilities.</li><li><strong>Learn and Grow:</strong> Gain new insights and improve your coding skills through hands-on practice and real-time competition.</li><li><strong>Win Prizes:</strong> Stand a chance to win amazing rewards and earn recognition within the coding community.</li></ul><p><br></p><p><strong>How to Register:</strong></p><ul><li>Simply click the registration link below and fill out the required details to secure your spot in the contest.</li><li>Registration is quick, easy, and free!</li></ul><p><br></p><p><strong>Don’t miss out on this fantastic opportunity to connect, compete, and code with the best!</strong></p><p><br></p><p><strong>Register for the contest now and let your coding journey begin!</strong></p><p><a href="https://codedynamite.site/#/contests/d215b5f8-0249-4dc5-89a3-51fd148cfb41/information" rel="noopener noreferrer" target="_blank">Link to register</a></p><p><br></p><p><br></p>',
     '<p><strong>🎉 Juicy Prizes Await You! 🎉</strong></p><p><br></p><p>Get ready to win some amazing rewards in the 1st CodeDynamite Weekly Contest! Here are the fantastic prizes up for grabs:</p><p><br></p><p><strong>1st Place:</strong></p><ul><li><strong>$500 Cash Prize</strong></li><li><strong>Exclusive CodeDynamite T-Shirt</strong></li><li><strong>Personalized Winner''s Certificate</strong></li></ul><p><br></p><p><strong>2nd Place:</strong></p><ul><li><strong>$250 Cash Prize</strong></li><li><strong>Exclusive CodeDynamite Hoodie</strong></li><li><strong>Personalized Runner-Up Certificate</strong></li></ul><p><br></p><p><strong>3rd Place:</strong></p><ul><li><strong>$100 Cash Prize</strong></li><li><strong>Exclusive CodeDynamite Mug</strong></li><li><strong>Personalized Certificate of Achievement</strong></li></ul><p><br></p><p>Don''t miss your chance to win these incredible prizes and gain recognition in the coding community. <a href="https://codedynamite.site/#/contests/d215b5f8-0249-4dc5-89a3-51fd148cfb16/information" rel="noopener noreferrer" target="_blank"><strong>Register now</strong></a> and let the competition begin!</p>',
     '<ol><li>Participants must submit their solutions before the end time.</li><li>Participants must follow the contest rules and guidelines.</li><li>Participants must not cheat or plagiarize.</li></ol>',
     '<p><strong>Pre-determined Challenge Scores:</strong></p><p>Each challenge you conquer has a pre-set score waiting to be claimed. The more complex the challenge, the higher the score you can rack up!</p><p><br></p><p><strong>Test Cases: Your Gateway to Glory:</strong></p><p>Each challenge comes with a battery of test cases designed to put your code through its paces. Every test case you conquer translates into points towards your final score. The more test cases you dominate, the closer you get to scoring supremacy!</p><p><br></p><p><strong>Multiple Submissions? No Problem!</strong></p><p>Feeling creative and tinkering with different solutions? No sweat! We take your highest scoring submission for each challenge into account, so fire away with your best attempts.</p><p><br></p><p><strong>The Leaderboard Beckons: It''s All About the Rank</strong></p><p>Participants are ranked on the glorious leaderboard based on their total score. But what happens when coders achieve the same score? Buckle up, because things get exciting!</p><p><br></p><p><strong>Tie-Breaker Time: Speed Demons Unite!</strong></p><p>In the thrilling case of a tie, the tie-breaker comes down to <strong>speed</strong>. The participant who submitted their highest-scoring solution in the <strong>shortest amount of time</strong> reigns supreme! So, channel your inner coding ninja and blaze through those challenges for ultimate glory.</p>',
     'https://leetcode.com/_next/static/images/biweekly-default-f5a8fc3be85b6c9175207fd8fd855d47.png',
     CURRENT_TIMESTAMP + INTERVAL '5 minutes',
     CURRENT_TIMESTAMP + INTERVAL '1 hours 5 minutes',
     'b029f559-52a8-4699-b595-71161498ed8c',
     'b029f559-52a8-4699-b595-71161498ed8c',
     true,
     null,
     true
    );

INSERT INTO public.contest_user(contest_id, user_id)
VALUES
    ('d215b5f8-0249-4dc5-89a3-51fd148cfb15', '9ba179ed-d26d-4828-a0f6-8836c2063992'),
    ('d215b5f8-0249-4dc5-89a3-51fd148cfb15', 'b029f559-52a8-4699-b595-71161498ed8c'),
    ('d215b5f8-0249-4dc5-89a3-51fd148cfb15', '8c98e9e1-a9e7-49ee-b9fd-0cb5bd7814f7'),
    ('d215b5f8-0249-4dc5-89a3-51fd148cfb16', 'b029f559-52a8-4699-b595-71161498ed8c'),
    ('d215b5f8-0249-4dc5-89a3-51fd148cfb16', '9ba179ed-d26d-4828-a0f6-8836c2063992'),
    ('d215b5f8-0249-4dc5-89a3-51fd148cfb16', '8c98e9e1-a9e7-49ee-b9fd-0cb5bd7814f7'),
    ('d215b5f8-0249-4dc5-89a3-51fd148cfb16', 'cb2c22ac-87de-44e4-9638-35979f6af667'),
    ('d215b5f8-0249-4dc5-89a3-51fd148cfb17', '8c98e9e1-a9e7-49ee-b9fd-0cb5bd7814f7'),
    ('d215b5f8-0249-4dc5-89a3-51fd148cfb18', '9ba179ed-d26d-4828-a0f6-8836c2063992'),
    ('d215b5f8-0249-4dc5-89a3-51fd148cfb30', '9ba179ed-d26d-4828-a0f6-8836c2063992'),
    ('d215b5f8-0249-4dc5-89a3-51fd148cfb30', 'b029f559-52a8-4699-b595-71161498ed8c'),
    ('d215b5f8-0249-4dc5-89a3-51fd148cfb30', '8c98e9e1-a9e7-49ee-b9fd-0cb5bd7814f7'),
    ('d215b5f8-0249-4dc5-89a3-51fd148cfb31', '9ba179ed-d26d-4828-a0f6-8836c2063992'),
    ('d215b5f8-0249-4dc5-89a3-51fd148cfb31', 'b029f559-52a8-4699-b595-71161498ed8c'),
    ('d215b5f8-0249-4dc5-89a3-51fd148cfb31', '8c98e9e1-a9e7-49ee-b9fd-0cb5bd7814f7'),
    ('d215b5f8-0249-4dc5-89a3-51fd148cfb35', '9ba179ed-d26d-4828-a0f6-8836c2063992'),
    ('d215b5f8-0249-4dc5-89a3-51fd148cfb35', 'b029f559-52a8-4699-b595-71161498ed8c'),
    ('d215b5f8-0249-4dc5-89a3-51fd148cfb35', '8c98e9e1-a9e7-49ee-b9fd-0cb5bd7814f7'),
    ('d215b5f8-0249-4dc5-89a3-51fd148cfb38', '9ba179ed-d26d-4828-a0f6-8836c2063992'),
    ('d215b5f8-0249-4dc5-89a3-51fd148cfb38', 'b029f559-52a8-4699-b595-71161498ed8c'),
    ('d215b5f8-0249-4dc5-89a3-51fd148cfb38', '8c98e9e1-a9e7-49ee-b9fd-0cb5bd7814f7'),
    ('d215b5f8-0249-4dc5-89a3-51fd148cfb41', '9ba179ed-d26d-4828-a0f6-8836c2063992'),
    ('d215b5f8-0249-4dc5-89a3-51fd148cfb41', 'b029f559-52a8-4699-b595-71161498ed8c'),
    ('d215b5f8-0249-4dc5-89a3-51fd148cfb41', '8c98e9e1-a9e7-49ee-b9fd-0cb5bd7814f7');


-- Pick Random question type code from public.question and each contest will have at least 4 questions
INSERT INTO public.contest_question(contest_id, question_id)
VALUES
    ('d215b5f8-0249-4dc5-89a3-51fd148cfb15', 'b6484e21-6937-489c-b031-b71767994221'),
    ('d215b5f8-0249-4dc5-89a3-51fd148cfb15', 'b6484e21-6937-489c-b031-b71767994736'),
    ('d215b5f8-0249-4dc5-89a3-51fd148cfb15', 'b6484e21-6937-489c-b031-b71767994737'),
    ('d215b5f8-0249-4dc5-89a3-51fd148cfb15', 'b6484e21-6937-489c-b031-b71767994738'),
    ('d215b5f8-0249-4dc5-89a3-51fd148cfb16', 'b6484e21-6937-489c-b031-b71767994739'),
    ('d215b5f8-0249-4dc5-89a3-51fd148cfb16', 'b6484e21-6937-489c-b031-b71767994740'),
    ('d215b5f8-0249-4dc5-89a3-51fd148cfb16', 'b6484e21-6937-489c-b031-b71767994741'),
    ('d215b5f8-0249-4dc5-89a3-51fd148cfb16', 'b6484e21-6937-489c-b031-b71767994742'),
    ('d215b5f8-0249-4dc5-89a3-51fd148cfb17', 'b6484e21-6937-489c-b031-b71767994743'),
    ('d215b5f8-0249-4dc5-89a3-51fd148cfb17', 'b6484e21-6937-489c-b031-b71767994744'),
    ('d215b5f8-0249-4dc5-89a3-51fd148cfb17', 'b6484e21-6937-489c-b031-b71767994745'),
    ('d215b5f8-0249-4dc5-89a3-51fd148cfb17', 'b6484e21-6937-489c-b031-b71767994746'),
    ('d215b5f8-0249-4dc5-89a3-51fd148cfb18', 'b6484e21-6937-489c-b031-b71767994747'),
    ('d215b5f8-0249-4dc5-89a3-51fd148cfb18', 'b6484e21-6937-489c-b031-b71767994748'),
    ('d215b5f8-0249-4dc5-89a3-51fd148cfb18', 'b6484e21-6937-489c-b031-b71767994749'),
    ('d215b5f8-0249-4dc5-89a3-51fd148cfb18', 'b6484e21-6937-489c-b031-b71767994750'),
    ('d215b5f8-0249-4dc5-89a3-51fd148cfb19', 'b6484e21-6937-489c-b031-b71767994754'),
    ('d215b5f8-0249-4dc5-89a3-51fd148cfb19', 'b6484e21-6937-489c-b031-b71767994755'),
    ('d215b5f8-0249-4dc5-89a3-51fd148cfb19', 'b6484e21-6937-489c-b031-b71767994756'),
    ('d215b5f8-0249-4dc5-89a3-51fd148cfb19', 'b6484e21-6937-489c-b031-b71767994757'),
    ('d215b5f8-0249-4dc5-89a3-51fd148cfb20', 'b6484e21-6937-489c-b031-b71767994755'),
    ('d215b5f8-0249-4dc5-89a3-51fd148cfb20', 'b6484e21-6937-489c-b031-b71767994756'),
    ('d215b5f8-0249-4dc5-89a3-51fd148cfb20', 'b6484e21-6937-489c-b031-b71767994757'),
    ('d215b5f8-0249-4dc5-89a3-51fd148cfb20', 'b6484e21-6937-489c-b031-b71767994758'),
    ('d215b5f8-0249-4dc5-89a3-51fd148cfb21', 'b6484e21-6937-489c-b031-b71767994759'),
    ('d215b5f8-0249-4dc5-89a3-51fd148cfb21', 'b6484e21-6937-489c-b031-b71767994760'),
    ('d215b5f8-0249-4dc5-89a3-51fd148cfb21', 'b6484e21-6937-489c-b031-b71767994761'),
    ('d215b5f8-0249-4dc5-89a3-51fd148cfb21', 'b6484e21-6937-489c-b031-b71767994762'),
    ('d215b5f8-0249-4dc5-89a3-51fd148cfb22', 'b6484e21-6937-489c-b031-b71767994763'),
    ('d215b5f8-0249-4dc5-89a3-51fd148cfb22', 'b6484e21-6937-489c-b031-b71767994221'),
    ('d215b5f8-0249-4dc5-89a3-51fd148cfb22', 'b6484e21-6937-489c-b031-b71767994736'),
    ('d215b5f8-0249-4dc5-89a3-51fd148cfb22', 'b6484e21-6937-489c-b031-b71767994737'),
    ('d215b5f8-0249-4dc5-89a3-51fd148cfb23', 'b6484e21-6937-489c-b031-b71767994738'),
    ('d215b5f8-0249-4dc5-89a3-51fd148cfb23', 'b6484e21-6937-489c-b031-b71767994739'),
    ('d215b5f8-0249-4dc5-89a3-51fd148cfb23', 'b6484e21-6937-489c-b031-b71767994740'),
    ('d215b5f8-0249-4dc5-89a3-51fd148cfb23', 'b6484e21-6937-489c-b031-b71767994741'),
    ('d215b5f8-0249-4dc5-89a3-51fd148cfb24', 'b6484e21-6937-489c-b031-b71767994742'),
    ('d215b5f8-0249-4dc5-89a3-51fd148cfb24', 'b6484e21-6937-489c-b031-b71767994743'),
    ('d215b5f8-0249-4dc5-89a3-51fd148cfb24', 'b6484e21-6937-489c-b031-b71767994744'),
    ('d215b5f8-0249-4dc5-89a3-51fd148cfb24', 'b6484e21-6937-489c-b031-b71767994745'),
    ('d215b5f8-0249-4dc5-89a3-51fd148cfb25', 'b6484e21-6937-489c-b031-b71767994746'),
    ('d215b5f8-0249-4dc5-89a3-51fd148cfb25', 'b6484e21-6937-489c-b031-b71767994747'),
    ('d215b5f8-0249-4dc5-89a3-51fd148cfb25', 'b6484e21-6937-489c-b031-b71767994748'),
    ('d215b5f8-0249-4dc5-89a3-51fd148cfb25', 'b6484e21-6937-489c-b031-b71767994749'),
    ('d215b5f8-0249-4dc5-89a3-51fd148cfb26', 'b6484e21-6937-489c-b031-b71767994750'),
    ('d215b5f8-0249-4dc5-89a3-51fd148cfb26', 'b6484e21-6937-489c-b031-b71767994754'),
    ('d215b5f8-0249-4dc5-89a3-51fd148cfb26', 'b6484e21-6937-489c-b031-b71767994755'),
    ('d215b5f8-0249-4dc5-89a3-51fd148cfb26', 'b6484e21-6937-489c-b031-b71767994756'),
    ('d215b5f8-0249-4dc5-89a3-51fd148cfb27', 'b6484e21-6937-489c-b031-b71767994754'),
    ('d215b5f8-0249-4dc5-89a3-51fd148cfb27', 'b6484e21-6937-489c-b031-b71767994755'),
    ('d215b5f8-0249-4dc5-89a3-51fd148cfb27', 'b6484e21-6937-489c-b031-b71767994756'),
    ('d215b5f8-0249-4dc5-89a3-51fd148cfb27', 'b6484e21-6937-489c-b031-b71767994757'),
    ('d215b5f8-0249-4dc5-89a3-51fd148cfb28', 'b6484e21-6937-489c-b031-b71767994758'),
    ('d215b5f8-0249-4dc5-89a3-51fd148cfb28', 'b6484e21-6937-489c-b031-b71767994759'),
    ('d215b5f8-0249-4dc5-89a3-51fd148cfb28', 'b6484e21-6937-489c-b031-b71767994760'),
    ('d215b5f8-0249-4dc5-89a3-51fd148cfb28', 'b6484e21-6937-489c-b031-b71767994761'),
    ('d215b5f8-0249-4dc5-89a3-51fd148cfb29', 'b6484e21-6937-489c-b031-b71767994762'),
    ('d215b5f8-0249-4dc5-89a3-51fd148cfb29', 'b6484e21-6937-489c-b031-b71767994763'),
    ('d215b5f8-0249-4dc5-89a3-51fd148cfb29', 'b6484e21-6937-489c-b031-b71767994221'),
    ('d215b5f8-0249-4dc5-89a3-51fd148cfb29', 'b6484e21-6937-489c-b031-b71767994736'),
    ('d215b5f8-0249-4dc5-89a3-51fd148cfb30', 'b6484e21-6937-489c-b031-b71767994221'),
    ('d215b5f8-0249-4dc5-89a3-51fd148cfb30', 'b6484e21-6937-489c-b031-b71767994736'),
    ('d215b5f8-0249-4dc5-89a3-51fd148cfb30', 'b6484e21-6937-489c-b031-b71767994737'),
    ('d215b5f8-0249-4dc5-89a3-51fd148cfb30', 'b6484e21-6937-489c-b031-b71767994738'),
    ('d215b5f8-0249-4dc5-89a3-51fd148cfb31', 'b6484e21-6937-489c-b031-b71767994739'),
    ('d215b5f8-0249-4dc5-89a3-51fd148cfb31', 'b6484e21-6937-489c-b031-b71767994740'),
    ('d215b5f8-0249-4dc5-89a3-51fd148cfb31', 'b6484e21-6937-489c-b031-b71767994741'),
    ('d215b5f8-0249-4dc5-89a3-51fd148cfb31', 'b6484e21-6937-489c-b031-b71767994742'),
    ('d215b5f8-0249-4dc5-89a3-51fd148cfb32', 'b6484e21-6937-489c-b031-b71767994743'),
    ('d215b5f8-0249-4dc5-89a3-51fd148cfb32', 'b6484e21-6937-489c-b031-b71767994744'),
    ('d215b5f8-0249-4dc5-89a3-51fd148cfb32', 'b6484e21-6937-489c-b031-b71767994745'),
    ('d215b5f8-0249-4dc5-89a3-51fd148cfb32', 'b6484e21-6937-489c-b031-b71767994746'),
    ('d215b5f8-0249-4dc5-89a3-51fd148cfb33', 'b6484e21-6937-489c-b031-b71767994747'),
    ('d215b5f8-0249-4dc5-89a3-51fd148cfb33', 'b6484e21-6937-489c-b031-b71767994748'),
    ('d215b5f8-0249-4dc5-89a3-51fd148cfb33', 'b6484e21-6937-489c-b031-b71767994749'),
    ('d215b5f8-0249-4dc5-89a3-51fd148cfb33', 'b6484e21-6937-489c-b031-b71767994750'),
    ('d215b5f8-0249-4dc5-89a3-51fd148cfb34', 'b6484e21-6937-489c-b031-b71767994754'),
    ('d215b5f8-0249-4dc5-89a3-51fd148cfb34', 'b6484e21-6937-489c-b031-b71767994755'),
    ('d215b5f8-0249-4dc5-89a3-51fd148cfb34', 'b6484e21-6937-489c-b031-b71767994756'),
    ('d215b5f8-0249-4dc5-89a3-51fd148cfb34', 'b6484e21-6937-489c-b031-b71767994757'),
    ('d215b5f8-0249-4dc5-89a3-51fd148cfb35', 'b6484e21-6937-489c-b031-b71767994755'),
    ('d215b5f8-0249-4dc5-89a3-51fd148cfb35', 'b6484e21-6937-489c-b031-b71767994756'),
    ('d215b5f8-0249-4dc5-89a3-51fd148cfb35', 'b6484e21-6937-489c-b031-b71767994757'),
    ('d215b5f8-0249-4dc5-89a3-51fd148cfb35', 'b6484e21-6937-489c-b031-b71767994758'),
    ('d215b5f8-0249-4dc5-89a3-51fd148cfb36', 'b6484e21-6937-489c-b031-b71767994759'),
    ('d215b5f8-0249-4dc5-89a3-51fd148cfb36', 'b6484e21-6937-489c-b031-b71767994760'),
    ('d215b5f8-0249-4dc5-89a3-51fd148cfb36', 'b6484e21-6937-489c-b031-b71767994761'),
    ('d215b5f8-0249-4dc5-89a3-51fd148cfb36', 'b6484e21-6937-489c-b031-b71767994762'),
    ('d215b5f8-0249-4dc5-89a3-51fd148cfb37', 'b6484e21-6937-489c-b031-b71767994763'),
    ('d215b5f8-0249-4dc5-89a3-51fd148cfb37', 'b6484e21-6937-489c-b031-b71767994221'),
    ('d215b5f8-0249-4dc5-89a3-51fd148cfb37', 'b6484e21-6937-489c-b031-b71767994736'),
    ('d215b5f8-0249-4dc5-89a3-51fd148cfb37', 'b6484e21-6937-489c-b031-b71767994737'),
    ('d215b5f8-0249-4dc5-89a3-51fd148cfb38', 'b6484e21-6937-489c-b031-b71767994738'),
    ('d215b5f8-0249-4dc5-89a3-51fd148cfb38', 'b6484e21-6937-489c-b031-b71767994739'),
    ('d215b5f8-0249-4dc5-89a3-51fd148cfb38', 'b6484e21-6937-489c-b031-b71767994740'),
    ('d215b5f8-0249-4dc5-89a3-51fd148cfb38', 'b6484e21-6937-489c-b031-b71767994741'),
    ('d215b5f8-0249-4dc5-89a3-51fd148cfb39', 'b6484e21-6937-489c-b031-b71767994742'),
    ('d215b5f8-0249-4dc5-89a3-51fd148cfb39', 'b6484e21-6937-489c-b031-b71767994743'),
    ('d215b5f8-0249-4dc5-89a3-51fd148cfb39', 'b6484e21-6937-489c-b031-b71767994744'),
    ('d215b5f8-0249-4dc5-89a3-51fd148cfb39', 'b6484e21-6937-489c-b031-b71767994745'),
    ('d215b5f8-0249-4dc5-89a3-51fd148cfb40', 'b6484e21-6937-489c-b031-b71767994746'),
    ('d215b5f8-0249-4dc5-89a3-51fd148cfb40', 'b6484e21-6937-489c-b031-b71767994747'),
    ('d215b5f8-0249-4dc5-89a3-51fd148cfb40', 'b6484e21-6937-489c-b031-b71767994748'),
    ('d215b5f8-0249-4dc5-89a3-51fd148cfb40', 'b6484e21-6937-489c-b031-b71767994749'),
    ('d215b5f8-0249-4dc5-89a3-51fd148cfb41', 'b6484e21-6937-489c-b031-b71767994750'),
    ('d215b5f8-0249-4dc5-89a3-51fd148cfb41', 'b6484e21-6937-489c-b031-b71767994754'),
    ('d215b5f8-0249-4dc5-89a3-51fd148cfb41', 'b6484e21-6937-489c-b031-b71767994755'),
    ('d215b5f8-0249-4dc5-89a3-51fd148cfb41', 'b6484e21-6937-489c-b031-b71767994756');


INSERT INTO public.question
(id, org_id, "difficulty", "name", question_text, general_feedback, default_mark, "qtype", created_by, copy_state, created_at, updated_by, updated_at, question_bank_category_id, is_org_question_bank)
VALUES('20d06a81-f597-41bc-a60c-480d5c38eb80'::uuid, '08b65a39-394f-4977-a5fa-3fe145b620f8'::uuid, 'EASY'::public."difficulty", 'Câu 1', '<p><span style="color: rgb(51, 51, 51);">Hãy cho biết ý tưởng nào sau đây nói về phương pháp sắp xếp chọn tăng dần (select sort)?</span></p>', '', 1.00, 'MULTIPLE_CHOICE'::public."qtype", '64412e27-169e-44ea-a101-74ebf8cb82d9'::uuid, 'CREATED'::public."copystate", '2024-06-20 21:22:31.589', '64412e27-169e-44ea-a101-74ebf8cb82d9'::uuid, '2024-06-20 21:22:31.589', NULL, false);
INSERT INTO public.question
(id, org_id, "difficulty", "name", question_text, general_feedback, default_mark, "qtype", created_by, copy_state, created_at, updated_by, updated_at, question_bank_category_id, is_org_question_bank)
VALUES('82a72f33-69d1-417a-bc4a-54e4a3f42a06'::uuid, '08b65a39-394f-4977-a5fa-3fe145b620f8'::uuid, 'EASY'::public."difficulty", 'Câu 2', '<h4><a href="https://khoahoc.vietjack.com/question/958165/phuong-phap-nao-sau-day-chinh-la-phuong-phap-sap-xep-nhanh-quick-sort" rel="noopener noreferrer" target="_blank" style="color: rgb(0, 0, 0); background-color: transparent;">Phương pháp nào sau đây chính là phương pháp sắp xếp nhanh (Quick sort)?</a></h4><p><br></p>', '', 1.00, 'MULTIPLE_CHOICE'::public."qtype", '64412e27-169e-44ea-a101-74ebf8cb82d9'::uuid, 'CREATED'::public."copystate", '2024-06-20 21:24:16.622', '64412e27-169e-44ea-a101-74ebf8cb82d9'::uuid, '2024-06-20 21:24:16.622', NULL, false);
INSERT INTO public.question
(id, org_id, "difficulty", "name", question_text, general_feedback, default_mark, "qtype", created_by, copy_state, created_at, updated_by, updated_at, question_bank_category_id, is_org_question_bank)
VALUES('fe65d7df-69ac-4a17-805c-f1f2b65b9972'::uuid, '08b65a39-394f-4977-a5fa-3fe145b620f8'::uuid, 'EASY'::public."difficulty", 'Câu 3', '<h4><a href="https://khoahoc.vietjack.com/question/958164/hay-cho-biet-y-tuong-nao-sau-day-noi-ve-phuong-phap-sap-xep-nhanh-quick-sort" rel="noopener noreferrer" target="_blank" style="color: rgb(0, 0, 0); background-color: transparent;">Hãy cho biết ý tưởng nào sau đây nói về phương pháp sắp xếp nhanh (Quick sort)?</a></h4><p><br></p>', '', 1.00, 'MULTIPLE_CHOICE'::public."qtype", '64412e27-169e-44ea-a101-74ebf8cb82d9'::uuid, 'CREATED'::public."copystate", '2024-06-20 21:25:55.996', '64412e27-169e-44ea-a101-74ebf8cb82d9'::uuid, '2024-06-20 21:25:55.996', NULL, false);
INSERT INTO public.question
(id, org_id, "difficulty", "name", question_text, general_feedback, default_mark, "qtype", created_by, copy_state, created_at, updated_by, updated_at, question_bank_category_id, is_org_question_bank)
VALUES('53ce35a7-9dcf-4741-a4ed-872874daf829'::uuid, '08b65a39-394f-4977-a5fa-3fe145b620f8'::uuid, 'EASY'::public."difficulty", 'Câu 4', '<p><a href="https://vietjack.online/cau-hoi/958554/giai-thuat-de-quy-la-a-trong-giai-thuat-cua-no-co-loi-goi-toi-chinh-no" rel="noopener noreferrer" target="_blank" style="color: rgb(0, 0, 0); background-color: transparent;">Giải thuật đệ quy là:</a></p>', '', 1.00, 'MULTIPLE_CHOICE'::public."qtype", '64412e27-169e-44ea-a101-74ebf8cb82d9'::uuid, 'CREATED'::public."copystate", '2024-06-20 21:28:16.197', '64412e27-169e-44ea-a101-74ebf8cb82d9'::uuid, '2024-06-20 21:28:16.197', NULL, false);
INSERT INTO public.question
(id, org_id, "difficulty", "name", question_text, general_feedback, default_mark, "qtype", created_by, copy_state, created_at, updated_by, updated_at, question_bank_category_id, is_org_question_bank)
VALUES('0fe5d2ee-6892-4f62-a6e6-83284f2430bc'::uuid, '08b65a39-394f-4977-a5fa-3fe145b620f8'::uuid, 'EASY'::public."difficulty", 'Câu 5', '<p>QUEUE hoạt động như thế nào?</p>', '', 1.00, 'SHORT_ANSWER'::public."qtype", '64412e27-169e-44ea-a101-74ebf8cb82d9'::uuid, 'CREATED'::public."copystate", '2024-06-20 21:29:18.256', '64412e27-169e-44ea-a101-74ebf8cb82d9'::uuid, '2024-06-20 21:29:18.256', NULL, false);
INSERT INTO public.question
(id, org_id, "difficulty", "name", question_text, general_feedback, default_mark, "qtype", created_by, copy_state, created_at, updated_by, updated_at, question_bank_category_id, is_org_question_bank)
VALUES('513a7e58-00d0-450b-8f0d-78af23898b81'::uuid, '08b65a39-394f-4977-a5fa-3fe145b620f8'::uuid, 'EASY'::public."difficulty", 'Câu 6', '<p>Sinh viên IT mới ra trường lương nghìn $ ?</p>', '', 1.00, 'TRUE_FALSE'::public."qtype", '64412e27-169e-44ea-a101-74ebf8cb82d9'::uuid, 'CREATED'::public."copystate", '2024-06-20 21:30:29.529', '64412e27-169e-44ea-a101-74ebf8cb82d9'::uuid, '2024-06-20 21:30:29.529', NULL, false);
INSERT INTO public.question
(id, org_id, "difficulty", "name", question_text, general_feedback, default_mark, "qtype", created_by, copy_state, created_at, updated_by, updated_at, question_bank_category_id, is_org_question_bank)
VALUES('1168fba1-8391-4294-b1cb-2c108f96af1f'::uuid, '08b65a39-394f-4977-a5fa-3fe145b620f8'::uuid, 'EASY'::public."difficulty", 'Câu 7', '<p>Trường HCMUS top 1 IT?</p>', '', 1.00, 'TRUE_FALSE'::public."qtype", '64412e27-169e-44ea-a101-74ebf8cb82d9'::uuid, 'CREATED'::public."copystate", '2024-06-20 21:31:55.692', '64412e27-169e-44ea-a101-74ebf8cb82d9'::uuid, '2024-06-20 21:31:55.692', NULL, false);
INSERT INTO public.question
(id, org_id, "difficulty", "name", question_text, general_feedback, default_mark, "qtype", created_by, copy_state, created_at, updated_by, updated_at, question_bank_category_id, is_org_question_bank)
VALUES('c4b3219f-9d83-4497-ad15-d46772141bd5'::uuid, '08b65a39-394f-4977-a5fa-3fe145b620f8'::uuid, 'EASY'::public."difficulty", 'Câu 8', '<p>STACK hoạt động như nào?</p>', '', 1.00, 'SHORT_ANSWER'::public."qtype", '64412e27-169e-44ea-a101-74ebf8cb82d9'::uuid, 'CREATED'::public."copystate", '2024-06-20 21:33:16.328', '64412e27-169e-44ea-a101-74ebf8cb82d9'::uuid, '2024-06-20 21:33:16.328', NULL, false);
INSERT INTO public.question
(id, org_id, "difficulty", "name", question_text, general_feedback, default_mark, "qtype", created_by, copy_state, created_at, updated_by, updated_at, question_bank_category_id, is_org_question_bank)
VALUES('29a71c20-290b-471d-acc8-4c5c929f96a8'::uuid, '08b65a39-394f-4977-a5fa-3fe145b620f8'::uuid, 'EASY'::public."difficulty", 'Câu 9', '<p>Đầu vào trường Ú rất dễ?</p>', '', 1.00, 'TRUE_FALSE'::public."qtype", '64412e27-169e-44ea-a101-74ebf8cb82d9'::uuid, 'CREATED'::public."copystate", '2024-06-20 21:34:55.796', '64412e27-169e-44ea-a101-74ebf8cb82d9'::uuid, '2024-06-20 21:34:55.796', NULL, false);
INSERT INTO public.question
(id, org_id, "difficulty", "name", question_text, general_feedback, default_mark, "qtype", created_by, copy_state, created_at, updated_by, updated_at, question_bank_category_id, is_org_question_bank)
VALUES('1ca8c89a-1bd0-41b2-adf0-4f7b55f8b256'::uuid, '08b65a39-394f-4977-a5fa-3fe145b620f8'::uuid, 'EASY'::public."difficulty", 'Câu 10', '<p>Thầy cô trường Ú dễ thương</p>', '', 1.00, 'TRUE_FALSE'::public."qtype", '64412e27-169e-44ea-a101-74ebf8cb82d9'::uuid, 'CREATED'::public."copystate", '2024-06-20 21:35:23.054', '64412e27-169e-44ea-a101-74ebf8cb82d9'::uuid, '2024-06-20 21:35:23.054', NULL, false);


INSERT INTO public.qtype_multichoice_question
(id, question_id, single, shuffle_answers, correct_feedback, partially_correct_feedback, incorrect_feedback, answer_numbering, show_num_correct, show_standard_instruction)
VALUES('43455ada-fee6-4da7-b688-9a044662609f'::uuid, '20d06a81-f597-41bc-a60c-480d5c38eb80'::uuid, true, true, '', NULL, '', 'abc', 1, '1');
INSERT INTO public.qtype_multichoice_question
(id, question_id, single, shuffle_answers, correct_feedback, partially_correct_feedback, incorrect_feedback, answer_numbering, show_num_correct, show_standard_instruction)
VALUES('f6a3859e-a5b7-4f57-83a1-62bd1d4af10f'::uuid, '82a72f33-69d1-417a-bc4a-54e4a3f42a06'::uuid, true, true, '', NULL, '', 'abc', 1, '1');
INSERT INTO public.qtype_multichoice_question
(id, question_id, single, shuffle_answers, correct_feedback, partially_correct_feedback, incorrect_feedback, answer_numbering, show_num_correct, show_standard_instruction)
VALUES('a2e49b15-fd74-4911-aa70-bee57cfca69c'::uuid, 'fe65d7df-69ac-4a17-805c-f1f2b65b9972'::uuid, true, true, '', NULL, '', 'abc', 1, '1');
INSERT INTO public.qtype_multichoice_question
(id, question_id, single, shuffle_answers, correct_feedback, partially_correct_feedback, incorrect_feedback, answer_numbering, show_num_correct, show_standard_instruction)
VALUES('ff9dbd27-698c-438a-bb4d-9572c845e521'::uuid, '53ce35a7-9dcf-4741-a4ed-872874daf829'::uuid, true, true, '', NULL, '', 'abc', 1, '1');
INSERT INTO public.qtype_multichoice_question
(id, question_id, single, shuffle_answers, correct_feedback, partially_correct_feedback, incorrect_feedback, answer_numbering, show_num_correct, show_standard_instruction)
VALUES('5dd4f23a-e2eb-4dc4-96a1-07285d57a37d'::uuid, '513a7e58-00d0-450b-8f0d-78af23898b81'::uuid, true, false, '', NULL, '', NULL, 1, '1');
INSERT INTO public.qtype_multichoice_question
(id, question_id, single, shuffle_answers, correct_feedback, partially_correct_feedback, incorrect_feedback, answer_numbering, show_num_correct, show_standard_instruction)
VALUES('3e9bb601-6109-4a20-b529-1a070282e47f'::uuid, '1168fba1-8391-4294-b1cb-2c108f96af1f'::uuid, true, false, '', NULL, '', NULL, 1, '1');
INSERT INTO public.qtype_multichoice_question
(id, question_id, single, shuffle_answers, correct_feedback, partially_correct_feedback, incorrect_feedback, answer_numbering, show_num_correct, show_standard_instruction)
VALUES('0feadb2c-9dfd-4ebb-8a75-beb9d9eed408'::uuid, '29a71c20-290b-471d-acc8-4c5c929f96a8'::uuid, true, false, '', NULL, '', NULL, 1, '1');
INSERT INTO public.qtype_multichoice_question
(id, question_id, single, shuffle_answers, correct_feedback, partially_correct_feedback, incorrect_feedback, answer_numbering, show_num_correct, show_standard_instruction)
VALUES('400a2f4d-c880-4e00-94be-d4b4afebccbd'::uuid, '1ca8c89a-1bd0-41b2-adf0-4f7b55f8b256'::uuid, true, false, '', NULL, '', NULL, 1, '1');

INSERT INTO public.qtype_shortanswer_question
(id, question_id, case_sensitive)
VALUES('fa860cec-afa7-4b4d-948c-d8ab1d5a384e'::uuid, '0fe5d2ee-6892-4f62-a6e6-83284f2430bc'::uuid, true);
INSERT INTO public.qtype_shortanswer_question
(id, question_id, case_sensitive)
VALUES('78d62d6f-e323-4a40-bdaf-31b352227f29'::uuid, 'c4b3219f-9d83-4497-ad15-d46772141bd5'::uuid, true);

INSERT INTO public.answer_of_question
(id, question_id, feedback, answer, fraction)
VALUES('f13af228-9d17-45b1-b3e5-7a34f590b145'::uuid, '20d06a81-f597-41bc-a60c-480d5c38eb80'::uuid, '<p><span style="color: rgb(63, 63, 63);">Phân đoạn dãy thành nhiều dãy con và lần lượt trộn hai dãy con thành dãy lớn hơn, cho đến khi thu được dãy ban đầu đã được sắp xếp</span></p>', '<p><span style="color: rgb(63, 63, 63);">Phân đoạn dãy thành nhiều dãy con và lần lượt trộn hai dãy con thành dãy lớn hơn, cho đến khi thu được dãy ban đầu đã được sắp xếp</span></p>', 0.00);
INSERT INTO public.answer_of_question
(id, question_id, feedback, answer, fraction)
VALUES('da47f572-a86b-4250-9596-fabf92ffb150'::uuid, '20d06a81-f597-41bc-a60c-480d5c38eb80'::uuid, '<p><span style="color: rgb(63, 63, 63);">Lần lượt lấy phần tử của danh sách chèn vị trí thích hợp của nó trong dãy</span></p>', '<p><span style="color: rgb(63, 63, 63);">Lần lượt lấy phần tử của danh sách chèn vị trí thích hợp của nó trong dãy</span></p>', 0.00);
INSERT INTO public.answer_of_question
(id, question_id, feedback, answer, fraction)
VALUES('20ba7b11-9b6a-48d6-96e5-5b49a4127bf7'::uuid, '20d06a81-f597-41bc-a60c-480d5c38eb80'::uuid, '<p><span style="color: rgb(63, 63, 63);">Chọn phần tử bé nhất xếp vào vị trí thứ nhất bằng cách đổi chổ phần tử bé nhất với phần tử thứ nhất; Tương tự đối với phần tử nhỏ thứ hai cho đến phần tử cuối cùng</span></p>', '<p><span style="color: rgb(63, 63, 63);">Chọn phần tử bé nhất xếp vào vị trí thứ nhất bằng cách đổi chổ phần tử bé nhất với phần tử thứ nhất; Tương tự đối với phần tử nhỏ thứ hai cho đến phần tử cuối cùng</span></p>', 1.00);
INSERT INTO public.answer_of_question
(id, question_id, feedback, answer, fraction)
VALUES('797744cf-8e04-486c-a3ef-778b71ab4303'::uuid, '20d06a81-f597-41bc-a60c-480d5c38eb80'::uuid, '<p><span style="color: rgb(63, 63, 63);">Bắt đầu từ cuối dãy đến đầu dãy, ta lần lượt so sánh hai phần tử kế tiếp nhau, nếu phần tử nào bé hơn được cho lên vị trí trên</span></p>', '<p><span style="color: rgb(63, 63, 63);">Bắt đầu từ cuối dãy đến đầu dãy, ta lần lượt so sánh hai phần tử kế tiếp nhau, nếu phần tử nào bé hơn được cho lên vị trí trên</span></p>', 0.00);
INSERT INTO public.answer_of_question
(id, question_id, feedback, answer, fraction)
VALUES('c057f9a7-29f2-4510-bda6-20282e084548'::uuid, '82a72f33-69d1-417a-bc4a-54e4a3f42a06'::uuid, '<p><span style="color: rgb(63, 63, 63);">Phương phap trộn</span></p>', '<p><span style="color: rgb(63, 63, 63);">Phương phap trộn</span></p>', 0.00);
INSERT INTO public.answer_of_question
(id, question_id, feedback, answer, fraction)
VALUES('73dce995-e874-4839-a4ed-b024534adb68'::uuid, '82a72f33-69d1-417a-bc4a-54e4a3f42a06'::uuid, '<p><span style="color: rgb(63, 63, 63);">Phương pháp vun đống</span></p>', '<p><span style="color: rgb(63, 63, 63);">Phương pháp vun đống</span></p>', 0.00);
INSERT INTO public.answer_of_question
(id, question_id, feedback, answer, fraction)
VALUES('b35e54ea-7b0d-4ed6-a1e5-3a24c1296670'::uuid, '82a72f33-69d1-417a-bc4a-54e4a3f42a06'::uuid, '<p><span style="color: rgb(63, 63, 63);">Phương pháp chèn</span></p>', '<p><span style="color: rgb(63, 63, 63);">Phương pháp chèn</span></p>', 0.00);
INSERT INTO public.answer_of_question
(id, question_id, feedback, answer, fraction)
VALUES('1350a0b1-43c6-43c5-a9e1-34bce3e6759e'::uuid, '82a72f33-69d1-417a-bc4a-54e4a3f42a06'::uuid, '<p><span style="color: rgb(63, 63, 63);">Phương pháp phân đoạn</span></p>', '<p><span style="color: rgb(63, 63, 63);">Phương pháp phân đoạn</span></p>', 1.00);
INSERT INTO public.answer_of_question
(id, question_id, feedback, answer, fraction)
VALUES('d64eda1d-8a47-4d01-9396-2362d55621d5'::uuid, 'fe65d7df-69ac-4a17-805c-f1f2b65b9972'::uuid, '<p><span style="color: rgb(63, 63, 63);">Chọn phần tử bé nhất xếp vào vị trí thứ nhất bằng cách đổi chổ phần tử bé nhất với phần tử thứ nhất; Tương tự đối với phần tử nhỏ thứ hai cho đến phần tử cuối cùng</span></p>', '<p><span style="color: rgb(63, 63, 63);">Chọn phần tử bé nhất xếp vào vị trí thứ nhất bằng cách đổi chổ phần tử bé nhất với phần tử thứ nhất; Tương tự đối với phần tử nhỏ thứ hai cho đến phần tử cuối cùng</span></p>', 0.00);
INSERT INTO public.answer_of_question
(id, question_id, feedback, answer, fraction)
VALUES('a0444c51-ede9-4c42-a821-e9e3b6124761'::uuid, 'fe65d7df-69ac-4a17-805c-f1f2b65b9972'::uuid, '<p><span style="color: rgb(63, 63, 63);">Bắt đầu từ cuối dãy đến đầu dãy, ta lần lượt so sánh hai phần tử kế tiếpnh u, nếu phần tử nào nhỏ hơn được đứng vị trí trên</span></p>', '<p><span style="color: rgb(63, 63, 63);">Bắt đầu từ cuối dãy đến đầu dãy, ta lần lượt so sánh hai phần tử kế tiếpnh u, nếu phần tử nào nhỏ hơn được đứng vị trí trên</span></p>', 0.00);
INSERT INTO public.answer_of_question
(id, question_id, feedback, answer, fraction)
VALUES('ca665a4c-0f11-4144-9f52-025fd9887870'::uuid, 'fe65d7df-69ac-4a17-805c-f1f2b65b9972'::uuid, '<p><span style="color: rgb(63, 63, 63);">Phân đoạn dãy thành nhiều dãy con và lần lượt trộn hai dãy con thành dãy lớn hơn, cho đến khi thu được dãy ban đầu đã được sắp xếp</span></p>', '<p><span style="color: rgb(63, 63, 63);">Phân đoạn dãy thành nhiều dãy con và lần lượt trộn hai dãy con thành dãy lớn hơn, cho đến khi thu được dãy ban đầu đã được sắp xếp</span></p>', 0.00);
INSERT INTO public.answer_of_question
(id, question_id, feedback, answer, fraction)
VALUES('e7a9f1de-b7bb-48d4-a7d9-c41c805c112a'::uuid, 'fe65d7df-69ac-4a17-805c-f1f2b65b9972'::uuid, '<p><span style="color: rgb(63, 63, 63);">Lần lượt chia dãy phần tử thành hai dãy con bởi một phần tử khoá (dãy con trước khoá gồm các phần tử nhỏ hơn khoá và dãy còn lại gồm các phần tử lớn hơn khoá)</span></p>', '<p><span style="color: rgb(63, 63, 63);">Lần lượt chia dãy phần tử thành hai dãy con bởi một phần tử khoá (dãy con trước khoá gồm các phần tử nhỏ hơn khoá và dãy còn lại gồm các phần tử lớn hơn khoá)</span></p>', 1.00);
INSERT INTO public.answer_of_question
(id, question_id, feedback, answer, fraction)
VALUES('7d39a4d4-a392-4929-9e0f-9317aa079a89'::uuid, '53ce35a7-9dcf-4741-a4ed-872874daf829'::uuid, '<p><span style="color: rgb(63, 63, 63);">Trong giải thuật của nó có lời gọi tới chính nó</span></p>', '<p><span style="color: rgb(63, 63, 63);">Trong giải thuật của nó có lời gọi tới chính nó</span></p>', 0.00);
INSERT INTO public.answer_of_question
(id, question_id, feedback, answer, fraction)
VALUES('b8eb7450-9483-4b7f-a42c-a74c13db3842'::uuid, '53ce35a7-9dcf-4741-a4ed-872874daf829'::uuid, '<p><span style="color: rgb(63, 63, 63);">Trong giải thuật của nó có lời gọi tới chính nó nhưng với phạm vi lớn hơn</span></p>', '<p><span style="color: rgb(63, 63, 63);">Trong giải thuật của nó có lời gọi tới chính nó nhưng với phạm vi lớn hơn</span></p>', 0.00);
INSERT INTO public.answer_of_question
(id, question_id, feedback, answer, fraction)
VALUES('085c69a6-858c-4c79-aa19-2308f04844ce'::uuid, '53ce35a7-9dcf-4741-a4ed-872874daf829'::uuid, '<p><span style="color: rgb(63, 63, 63);">Trong giải thuật của nó có lời gọi tới chính nó nhưng với phạm vi nhỏ hơn</span></p>', '<p><span style="color: rgb(63, 63, 63);">Trong giải thuật của nó có lời gọi tới chính nó nhưng với phạm vi nhỏ hơn</span></p>', 1.00);
INSERT INTO public.answer_of_question
(id, question_id, feedback, answer, fraction)
VALUES('8b9b49af-f8da-4df7-b1dc-039dc7d94e2a'::uuid, '53ce35a7-9dcf-4741-a4ed-872874daf829'::uuid, '<p><span style="color: rgb(63, 63, 63);">Trong giải thuật của nó có lời gọi tới một giải thuật khác đã biết kết quả</span></p>', '<p><span style="color: rgb(63, 63, 63);">Trong giải thuật của nó có lời gọi tới một giải thuật khác đã biết kết quả</span></p>', 0.00);
INSERT INTO public.answer_of_question
(id, question_id, feedback, answer, fraction)
VALUES('ee0be7d0-c592-4e40-8bba-871b6c9f7272'::uuid, '0fe5d2ee-6892-4f62-a6e6-83284f2430bc'::uuid, '<p>FILO</p>', 'FILO', 1.00);
INSERT INTO public.answer_of_question
(id, question_id, feedback, answer, fraction)
VALUES('c791aa62-c177-45de-b015-44b0679654d2'::uuid, '513a7e58-00d0-450b-8f0d-78af23898b81'::uuid, 'Correct', 'true', 1.00);
INSERT INTO public.answer_of_question
(id, question_id, feedback, answer, fraction)
VALUES('80c171ab-25c9-4371-ae3d-f6de0b36c505'::uuid, '1168fba1-8391-4294-b1cb-2c108f96af1f'::uuid, 'Correct', 'true', 1.00);
INSERT INTO public.answer_of_question
(id, question_id, feedback, answer, fraction)
VALUES('b06ddec2-cbe0-4488-8cde-228c55e43a26'::uuid, 'c4b3219f-9d83-4497-ad15-d46772141bd5'::uuid, '<p>FIFO</p>', 'FIFO', 0.00);
INSERT INTO public.answer_of_question
(id, question_id, feedback, answer, fraction)
VALUES('022472ef-31ab-4876-8509-8f1108ae9dbb'::uuid, '29a71c20-290b-471d-acc8-4c5c929f96a8'::uuid, 'Correct', 'true', 1.00);
INSERT INTO public.answer_of_question
(id, question_id, feedback, answer, fraction)
VALUES('c85f2ef4-5cb6-4e4a-a8d0-01947ae1007e'::uuid, '1ca8c89a-1bd0-41b2-adf0-4f7b55f8b256'::uuid, 'Correct', 'true', 1.00);

INSERT INTO public.chapter (id,certificate_course_id,"no",title,description,created_by,created_at,updated_by,updated_at) VALUES
     ('d4e96c46-8eca-4c7c-945b-5d818ccba76a','452371a5-2f58-4bfa-947b-af3140671057',0,'Hello World','<p><span style="color: rgb(16, 22, 47);">Write, compile, and execute your first C++ program!</span></p>','b029f559-52a8-4699-b595-71161498ed8c','2024-07-10 21:20:18.180','b029f559-52a8-4699-b595-71161498ed8c','2024-07-10 21:20:18.180'),
     ('9eba7550-8813-4635-b4a7-ceaab1dc05cf','452371a5-2f58-4bfa-947b-af3140671057',1,'Variables','<p>Introduction to variables and basic data types.</p>','b029f559-52a8-4699-b595-71161498ed8c','2024-07-10 21:20:18.196','b029f559-52a8-4699-b595-71161498ed8c','2024-07-10 21:20:18.196'),
     ('edf65030-c389-49c8-a1f1-1578aa081c70','452371a5-2f58-4bfa-947b-af3140671057',2,'Conditionals & Logic','<p>Learn how to use conditionals and logic to build programs that generate different outcomes.</p>','b029f559-52a8-4699-b595-71161498ed8c','2024-07-10 21:20:18.204','b029f559-52a8-4699-b595-71161498ed8c','2024-07-10 21:20:18.204'),
     ('653d19ee-ff27-4f28-b462-1f75be8dd0d2','452371a5-2f58-4bfa-947b-af3140671057',3,'Loops','<p>Loops, loops, loops, loops, loops.</p>','b029f559-52a8-4699-b595-71161498ed8c','2024-07-10 21:20:18.214','b029f559-52a8-4699-b595-71161498ed8c','2024-07-10 21:20:18.214'),
     ('8853dea9-519c-46fd-b501-09dd00343e06','452371a5-2f58-4bfa-947b-af3140671057',4,'Vectors','<p>Learn how to use C++ vectors, a great way to keep your data organized.</p><p><br></p><p><br></p>','b029f559-52a8-4699-b595-71161498ed8c','2024-07-10 21:20:18.218','b029f559-52a8-4699-b595-71161498ed8c','2024-07-10 21:20:18.218'),
     ('3f7f6777-67c0-4bb5-ba2e-e39ece683f0c','452371a5-2f58-4bfa-947b-af3140671057',5,'Functions','<p>Use C++ functions to write more flexible, modular, reusable code.</p>','b029f559-52a8-4699-b595-71161498ed8c','2024-07-10 21:20:18.223','b029f559-52a8-4699-b595-71161498ed8c','2024-07-10 21:20:18.223'),
     ('c4bd0e29-2130-48a7-975f-09b6bd1dd157','452371a5-2f58-4bfa-947b-af3140671057',6,'Classes & Objects','<p>Use C++ classes and objects to build more scalable, modular programs.</p>','b029f559-52a8-4699-b595-71161498ed8c','2024-07-10 21:20:18.229','b029f559-52a8-4699-b595-71161498ed8c','2024-07-10 21:20:18.229');

INSERT INTO public.chapter_resource (id,"no",chapter_id,resource_type,title,question_id,lesson_html,youtube_video_url) VALUES
                                                                                                                           ('77936b94-d112-463e-89b7-ec3e73bc72ac',0,'d4e96c46-8eca-4c7c-945b-5d818ccba76a','LESSON','Hello World!',NULL,'<p>Take a look at the&nbsp;<strong>hello.cpp</strong>&nbsp;file in the code editor that is placed in the middle of the screen. It’s a C++ program!</p><p>In our code editor, the file name is displayed at the top:</p><p><img src="https://i.ibb.co/SPphDcX/image.png"></p><p><a href="https://www.codecademy.com/resources/docs/cpp?page_ref=catalog" rel="noopener noreferrer" target="_blank" style="color: var(--color-primary); background-color: transparent;">C++</a>&nbsp;programs are stored in&nbsp;<a href="https://www.codecademy.com/resources/docs/cpp/files" rel="noopener noreferrer" target="_blank" style="color: var(--color-primary); background-color: transparent;">files</a>&nbsp;which usually have the file extension&nbsp;<strong>.cpp</strong>, which simply stands for “C Plus Plus”.</p><p>The code inside our C++ file is a classic first step all new programmers take — they greet the world through the terminal!</p><p>The&nbsp;<a href="https://www.codecademy.com/resources/docs/command-line/terminal?page_ref=catalog" rel="noopener noreferrer" target="_blank" style="color: var(--color-primary); background-color: transparent;"><em>terminal</em></a>&nbsp;is the black panel on the right. It should be blank right now. The code in the text editor will print text out onto the terminal. More specifically, it will print the phrase&nbsp;<code style="color: rgb(21, 20, 31); background-color: rgb(234, 233, 237);">Hello World!</code>.</p>',''),
                                                                                                                           ('0d8c0a3a-83cf-40fd-8b27-deea40d228c8',1,'d4e96c46-8eca-4c7c-945b-5d818ccba76a','CODE','Calculate sum of cubes','b6484e21-6937-489c-b031-b71767994756','Calculate sum of cubes',''),
                                                                                                                           ('212182d1-9099-42f6-b246-95b55b739fad',2,'d4e96c46-8eca-4c7c-945b-5d818ccba76a','LESSON','Compile & Excute',NULL,'<h3>Code → Save → Compile → Execute</h3><p>C++ is a compiled language. That means that to get a C++ program to run, you must first translate it from a human-readable form to something a machine can “understand.” That translation is done by a program called a&nbsp;<em>compiler</em>.</p><p>When you program in C++, you mainly go through 4 phases during development:</p><ol><li><strong>Code</strong>&nbsp;— writing the program</li><li><strong>Save</strong>&nbsp;— saving the program</li><li><strong>Compile</strong>&nbsp;— compiling via the&nbsp;<a href="https://www.codecademy.com/resources/docs/command-line/terminal" rel="noopener noreferrer" target="_blank" style="color: var(--color-primary); background-color: transparent;">terminal</a></li><li><strong>Execute</strong>&nbsp;— executing via the terminal</li></ol><p>And repeat (debug the&nbsp;<a href="https://www.codecademy.com/resources/docs/cpp/errors" rel="noopener noreferrer" target="_blank" style="color: var(--color-primary); background-color: transparent;">errors</a>&nbsp;if needed).</p>',''),
                                                                                                                           ('e65601a4-c729-42bb-8d75-3a990a37ccb2',3,'d4e96c46-8eca-4c7c-945b-5d818ccba76a','LESSON','Compile & Execute (Advanced)',NULL,'<h2>The Process</h2><p>C++ is a compiled language. That means that to get a program to run, you must first translate it from the human-readable form to something a machine can “understand.” That translation is done by a program called a&nbsp;<em>compiler</em>.</p><p>What you read and write is called&nbsp;<em>source code</em>&nbsp;(usually it’s in an English-like language like C++), and what the computer executes is called&nbsp;<em>executable</em>,&nbsp;<em>object code</em>, or&nbsp;<a href="https://www.codecademy.com/resources/docs/general/machine-code?page_ref=catalog" rel="noopener noreferrer" target="_blank" style="color: var(--color-yellow); background-color: transparent;"><em>machine code</em></a>&nbsp;(a machine language).</p><p>Typically C++ source code files are given the suffix:</p><ul><li><strong>.cpp</strong>&nbsp;(ex:&nbsp;<strong>hello.cpp</strong>) or</li><li><strong>.h</strong>&nbsp;(ex:&nbsp;<strong>std_lib_facilities.h</strong>).</li></ul><p><img src="https://i.ibb.co/mq0FwpL/image.png"></p><h4>Compile:</h4><pre class="ql-syntax" spellcheck="false">g++ hello.cpp -o hello

</pre><p>A compiler translates the C++ program into machine language code which it stores on the disk as a file with the extension&nbsp;<strong>.o</strong>&nbsp;(e.g.&nbsp;<strong>hello.o</strong>). A linker then links the object code with standard library routines that the program may use and creates an executable image which is also saved on disk, usually as a file with the file name without any extension (e.g.&nbsp;<strong>hello</strong>).</p><h4>Execute:</h4><pre class="ql-syntax" spellcheck="false">./hello

</pre><p>The executable is loaded from the disk to memory and the computer’s&nbsp;<a href="https://www.codecademy.com/resources/docs/general/computer-hardware/cpu?page_ref=catalog" rel="noopener noreferrer" target="_blank" style="color: var(--color-yellow); background-color: transparent;">CPU</a>&nbsp;(<strong>C</strong>entral&nbsp;<strong>P</strong>rocessing&nbsp;<strong>U</strong>nit) executes the program one instruction at a time.</p><h4>Running Hello World Locally:</h4><p>On the Mac, it’s called the&nbsp;<a href="https://www.codecademy.com/resources/docs/command-line/terminal?page_ref=catalog" rel="noopener noreferrer" target="_blank" style="color: var(--color-yellow); background-color: transparent;">Terminal</a>. On Windows, it’s called the Command Prompt.</p><p><span style="background-color: rgb(255, 255, 255); color: rgb(255, 255, 255);"><img src="https://i.imgur.com/GQLYcJI.png"></span></p>',''),
                                                                                                                           ('0e048c4f-af78-4807-b690-bcfd39782c70',4,'d4e96c46-8eca-4c7c-945b-5d818ccba76a','VIDEO','Running Hello World via Terminal (Mac)',NULL,'','https://www.youtube.com/watch?v=N4796qsD-H8'),
                                                                                                                           ('c40eaa2f-46b6-4288-a54e-b91008202451',5,'d4e96c46-8eca-4c7c-945b-5d818ccba76a','VIDEO','Running Hello World via Command Prompt (Windows)',NULL,'','https://www.youtube.com/watch?v=GxHLErBLgI8'),
                                                                                                                           ('2873614d-40e4-43ef-b50c-68c8033f97f8',0,'9eba7550-8813-4635-b4a7-ceaab1dc05cf','LESSON','Variables',NULL,'<h3>Introduction to Variables</h3><p>1 min</p><p>The&nbsp;<code style="color: rgb(21, 20, 31); background-color: rgb(234, 233, 237);">"Hello World!"</code>&nbsp;program simply writes to the screen. It does not read anything, calculate anything, or allow for&nbsp;<a href="https://www.codecademy.com/resources/docs/cpp/user-input" rel="noopener noreferrer" target="_blank" style="color: var(--color-primary); background-color: transparent;">user input</a>. That’s no fun!</p><p>Real programs tend to produce results based on some input that the user of the program gives, rather than just outputting the same thing every time.</p><p>To read something from the keyboard, we first need somewhere in the computer’s memory to&nbsp;<em>store data</em>. That is where variables come in.</p><p>A&nbsp;<a href="https://www.codecademy.com/resources/docs/cpp/variables?page_ref=catalog" rel="noopener noreferrer" target="_blank" style="color: var(--color-primary); background-color: transparent;"><strong>variable</strong></a>&nbsp;is simply a name that represents a particular piece of your computer’s memory that has been set aside for you to store, retrieve, and use data.</p><p>In this lesson, we will learn about some of the basic&nbsp;<a href="https://www.codecademy.com/resources/docs/cpp/data-types?page_ref=catalog" rel="noopener noreferrer" target="_blank" style="color: var(--color-primary); background-color: transparent;">data types</a>:</p><ul><li><code style="color: rgb(21, 20, 31); background-color: rgb(234, 233, 237);">int</code>: integer numbers</li><li><code style="color: rgb(21, 20, 31); background-color: rgb(234, 233, 237);">double</code>: floating-point numbers</li><li><code style="color: rgb(21, 20, 31); background-color: rgb(234, 233, 237);">char</code>: individual characters</li><li><code style="color: rgb(21, 20, 31); background-color: rgb(234, 233, 237);">string</code>: a sequence of characters</li><li><code style="color: rgb(21, 20, 31); background-color: rgb(234, 233, 237);">bool</code>: true/false values</li></ul><p>Every variable has a&nbsp;<strong>type</strong>, which represents the kind of information you can store inside of it. It tells your compiler how much memory to set aside for the variable, and it defines what you can do with the variable.</p>',''),
                                                                                                                           ('b5b615da-b929-4e2f-8d69-9cb48935d413',1,'9eba7550-8813-4635-b4a7-ceaab1dc05cf','LESSON','Basic Data Types',NULL,'<h4>Basic Data Types:</h4><p><a href="https://www.codecademy.com/resources/docs/cpp?page_ref=catalog" rel="noopener noreferrer" target="_blank" style="color: var(--color-yellow); background-color: transparent;">C++</a>&nbsp;provides a rather large number of&nbsp;<a href="https://www.codecademy.com/resources/docs/cpp/data-types?page_ref=catalog" rel="noopener noreferrer" target="_blank" style="color: var(--color-yellow); background-color: transparent;">types</a>. However, you can write perfectly good programs using only five of those:</p><p><span style="background-color: rgb(255, 255, 255); color: var(--color-text);"><img src="https://content.codecademy.com/courses/learn-cpp/variables/data-types.gif"></span></p><p>Here are some examples of declaring and initializing&nbsp;<a href="https://www.codecademy.com/resources/docs/cpp/variables?page_ref=catalog" rel="noopener noreferrer" target="_blank" style="color: var(--color-yellow); background-color: transparent;">variables</a>:</p><pre class="ql-syntax" spellcheck="false">int age =&nbsp;28;

double price =&nbsp;8.99;

char grade =&nbsp;''A'';

std::string message =&nbsp;"Game Over";

bool late_to_work =&nbsp;true;

</pre><h4>Datatype Modifiers:</h4><p>As the name implies, datatype modifiers are used with built-in data types to modify the length of data that a particular data type can hold. Data type modifiers in C++ are:</p><ul><li><code style="color: rgb(79, 224, 176); background-color: transparent;"><strong>signed</strong></code></li><li><code style="color: rgb(79, 224, 176); background-color: transparent;"><strong>unsigned</strong></code></li><li><code style="color: rgb(79, 224, 176); background-color: transparent;"><strong>short</strong></code></li><li><code style="color: rgb(79, 224, 176); background-color: transparent;"><strong>long</strong></code></li></ul><p>We will learn about these in a bit!</p><h4>Const:</h4><p><code style="color: rgb(79, 224, 176); background-color: transparent;"><strong>const</strong></code>&nbsp;(constant) variables cannot be changed by your program during execution.</p><pre class="ql-syntax" spellcheck="false">const double quarter =&nbsp;0.25;

// and now variable quarter can only be 0.25

</pre><p>Simply add the keyword&nbsp;<code style="color: rgb(79, 224, 176); background-color: transparent;"><strong>const</strong></code>&nbsp;before the data type during declaration to make the variable not modifiable.</p><h4>Type Conversion:</h4><p>A type cast is basically a conversion from one type to another.</p><p>The notation&nbsp;<code style="color: rgb(79, 224, 176); background-color: transparent;"><strong>(type) value</strong></code>&nbsp;means “convert&nbsp;<code style="color: rgb(79, 224, 176); background-color: transparent;"><strong>value</strong></code>&nbsp;to&nbsp;<code style="color: rgb(79, 224, 176); background-color: transparent;"><strong>type</strong></code>“. So for example:</p><pre class="ql-syntax" spellcheck="false">double weight1;
int weight2;

weight1 =&nbsp;154.49;
weight2 =&nbsp;(int) weight1;

// weight2 is now 154

</pre><p><strong>Note:</strong>&nbsp;Going from a&nbsp;<code style="color: rgb(79, 224, 176); background-color: transparent;"><strong>double</strong></code>&nbsp;to an&nbsp;<code style="color: rgb(79, 224, 176); background-color: transparent;"><strong>int</strong></code>&nbsp;simply removes the decimal. There’s no rounding involved.</p>',''),
                                                                                                                           ('f9b4842d-4d08-44c8-965a-5f0981bec1eb',2,'9eba7550-8813-4635-b4a7-ceaab1dc05cf','VIDEO','C++ Data Types',NULL,'','https://www.youtube.com/watch?v=8GJqjFoY7UQ'),
                                                                                                                           ('9a2be62c-4d5b-4231-8f65-0a682b036e85',3,'9eba7550-8813-4635-b4a7-ceaab1dc05cf','CODE','Sign number','b6484e21-6937-489c-b031-b71767994750','Same sign number','');
INSERT INTO public.chapter_resource (id,"no",chapter_id,resource_type,title,question_id,lesson_html,youtube_video_url) VALUES
                                                                                                                           ('d45aa90f-620c-4fc7-bf3b-c5a4f74f07cd',4,'9eba7550-8813-4635-b4a7-ceaab1dc05cf','VIDEO','Data type sizes',NULL,'','https://www.youtube.com/watch?v=Bgs9PxHuF1M'),
                                                                                                                           ('69e1f17e-371e-4476-9a78-529b27dd6f36',0,'edf65030-c389-49c8-a1f1-1578aa081c70','LESSON','Conditionals & Logic',NULL,'<h3>Introduction to Conditionals &amp; Logic</h3><p>&lt;1 min</p><p>Every program we’ve seen so far has only had one possible path of execution — they all execute line by line, from top to bottom. And every time you run one of those programs, it gives you the same exact result. But it’s the twenty-first century, and we like options!</p><p>In this lesson, we will explore how programs make decisions by evaluating conditions and introduce logic into our code!</p><p>We’ll be covering the following concepts:</p><ul><li><code style="color: rgb(21, 20, 31); background-color: rgb(234, 233, 237);">if</code>,&nbsp;<code style="color: rgb(21, 20, 31); background-color: rgb(234, 233, 237);">else if</code>, and&nbsp;<code style="color: rgb(21, 20, 31); background-color: rgb(234, 233, 237);">else</code>&nbsp;statements</li><li><code style="color: rgb(21, 20, 31); background-color: rgb(234, 233, 237);"><a href="https://www.codecademy.com/resources/docs/cpp/switch?page_ref=catalog" rel="noopener noreferrer" target="_blank">switch</a></code>&nbsp;statements</li><li><a href="https://www.codecademy.com/resources/docs/cpp/operators?page_ref=cataloglink" rel="noopener noreferrer" target="_blank" style="color: var(--color-primary); background-color: transparent;">Relational operators</a></li><li><a href="https://www.codecademy.com/resources/docs/cpp/operators?page_ref=catalog" rel="noopener noreferrer" target="_blank" style="color: var(--color-primary); background-color: transparent;">Logical operators</a></li></ul><p>So…&nbsp;<em>if</em>&nbsp;you’ve already learned these concepts in another language, go to the next lesson —&nbsp;<em>else</em>, prepare yourself and let’s get started!</p>',''),
                                                                                                                           ('f7803ee4-46c9-4913-9455-687b794bc6ad',1,'edf65030-c389-49c8-a1f1-1578aa081c70','LESSON','Logical Operators',NULL,'<h3>Introduction to Logical Operators</h3><p>1 min</p><p>Often, when we are trying to create a control flow for our program, we’ll encounter situations where the logic cannot be satisfied with a single condition.</p><p><a href="https://www.codecademy.com/resources/docs/cpp/operators?page_ref=catalog" rel="noopener noreferrer" target="_blank" style="color: var(--color-primary); background-color: transparent;"><em>Logical operators</em></a>&nbsp;are used to combine two or more conditions. They allow programs to make more flexible decisions. The result of the operation of a logical operator is a&nbsp;<code style="color: rgb(21, 20, 31); background-color: rgb(234, 233, 237);">bool</code>&nbsp;value of either&nbsp;<code style="color: rgb(21, 20, 31); background-color: rgb(234, 233, 237);">true</code>&nbsp;or&nbsp;<code style="color: rgb(21, 20, 31); background-color: rgb(234, 233, 237);">false</code>.</p><p>There are three logical operators that we will cover:</p><ul><li><code style="color: rgb(21, 20, 31); background-color: rgb(234, 233, 237);">&amp;&amp;</code>: the&nbsp;<code style="color: rgb(21, 20, 31); background-color: rgb(234, 233, 237);">and</code>&nbsp;logical operator</li><li><code style="color: rgb(21, 20, 31); background-color: rgb(234, 233, 237);">||</code>: the&nbsp;<code style="color: rgb(21, 20, 31); background-color: rgb(234, 233, 237);">or</code>&nbsp;logical operator</li><li><code style="color: rgb(21, 20, 31); background-color: rgb(234, 233, 237);">!</code>: the&nbsp;<code style="color: rgb(21, 20, 31); background-color: rgb(234, 233, 237);">not</code>&nbsp;logical operator</li></ul><p>We will also discuss the order of operations.</p>',''),
                                                                                                                           ('f997afca-b3f8-4f64-9e32-fc706aaf8ebb',2,'edf65030-c389-49c8-a1f1-1578aa081c70','CODE','Prime number','b6484e21-6937-489c-b031-b71767994758','Check prime number',''),
                                                                                                                           ('03df1177-2e48-4695-9618-89428aea5da9',3,'edf65030-c389-49c8-a1f1-1578aa081c70','VIDEO','Operators in C++',NULL,'','https://www.youtube.com/watch?v=ezqsL-st8qg'),
                                                                                                                           ('f1c17dd9-cde7-48aa-936c-4fef50a30007',4,'edf65030-c389-49c8-a1f1-1578aa081c70','CODE','Sum of two integer','b6484e21-6937-489c-b031-b71767994221','Sum of two integer',''),
                                                                                                                           ('21ee0ffe-f104-42ad-abf3-ccad4dbdd545',5,'edf65030-c389-49c8-a1f1-1578aa081c70','CODE','Three sum closest','b6484e21-6937-489c-b031-b71767994739','Three sum closest',''),
                                                                                                                           ('5f256d67-dc15-4f04-9248-a6e2eab9c728',0,'653d19ee-ff27-4f28-b462-1f75be8dd0d2','LESSON','Loops',NULL,'<h3>Introduction to Loops</h3><p>&lt;1 min</p><p>A&nbsp;<strong>loop</strong>&nbsp;is a programming tool that&nbsp;<em>repeats</em>&nbsp;some code or a set of instructions until a specified condition is reached. As a programmer, you’ll find that you rely on&nbsp;<a href="https://www.codecademy.com/resources/docs/cpp/loops" rel="noopener noreferrer" target="_blank" style="color: var(--color-primary); background-color: transparent;">loops</a>&nbsp;all the time! You’ll hear the generic term “iterate” when referring to loops;&nbsp;<em>iterate</em>&nbsp;simply means “to repeat”.</p><p>When we see that a process has to repeat multiple times in a row, we write a loop. Loops allow us to create efficient code that automates processes to make scalable, manageable programs.</p><p>In this lesson, we will learn about two types of loops:&nbsp;<code style="color: rgb(21, 20, 31); background-color: rgb(234, 233, 237);">while</code>&nbsp;loops and&nbsp;<code style="color: rgb(21, 20, 31); background-color: rgb(234, 233, 237);">for</code>&nbsp;loops!</p>',''),
                                                                                                                           ('48d087bd-bd7d-4555-9c84-ffedd6d31ba3',1,'653d19ee-ff27-4f28-b462-1f75be8dd0d2','LESSON','Errors',NULL,'<h3>Introduction to Bugs</h3><p>1 min</p><p><em>“First actual case of bug being found.”</em></p><p>The story goes that on September 9th, 1947, computer scientist&nbsp;<a href="https://en.wikipedia.org/wiki/Grace_Hopper" rel="noopener noreferrer" target="_blank" style="color: var(--color-primary); background-color: transparent;">Grace Hopper</a>&nbsp;found a moth in the Harvard Mark II computer’s log book and reported the world’s first literal computer bug. However, the term “bug”, in the sense of technical error, dates back at least to 1878 and with Thomas Edison.</p><p>On your programming journey, you are destined to encounter innumerable red errors. Some even say, that debugging is over 75% of the development time. But what makes a programmer successful isn’t avoiding errors, it’s knowing how to find the solution.</p><p>In C++, there are many different ways of classifying errors, but they can be boiled down to four categories:</p><ul><li><strong>Compile-time errors:</strong>&nbsp;Errors found by the compiler.</li><li><strong>Link-time errors:</strong>&nbsp;Errors found by the linker when it is trying to combine object files into an executable program.</li><li><strong>Run-time errors:</strong>&nbsp;Errors found by checks in a running program.</li><li><strong>Logic errors:</strong>&nbsp;Errors found by the programmer looking for the causes of erroneous results.</li></ul><p>In this mini-lesson, we will be looking at different errors and different error messages, and we’ll teach you how to think about errors in your code a little differently.</p>',''),
                                                                                                                           ('d6c4e55a-9345-468a-a760-982e2f016aa2',2,'653d19ee-ff27-4f28-b462-1f75be8dd0d2','CODE','FizzBuzz','b6484e21-6937-489c-b031-b71767994737','FizzBuzz','');

INSERT INTO public.chapter_resource (id,"no",chapter_id,resource_type,title,question_id,lesson_html,youtube_video_url) VALUES
                                                                                                                           ('3c026c9e-8f14-40ff-b913-ab89a6edfff2',0,'8853dea9-519c-46fd-b501-09dd00343e06','LESSON','Vectors',NULL,'<h3>Introduction to Vectors</h3><p>1 min</p><p>To do just about anything of interest in a program, we need a group of data to work with.</p><p>For example, our program might need:</p><ul><li>A list of Twitter’s trending tags</li><li>A set of payment options for a car</li><li>A catalog of eBooks read over the last year</li></ul><p>The need for storing a collection of data is endless.</p><p>We are familiar with&nbsp;<a href="https://www.codecademy.com/resources/docs/cpp/data-types" rel="noopener noreferrer" target="_blank" style="background-color: transparent; color: var(--color-primary);">data types</a>&nbsp;like&nbsp;<code style="background-color: rgb(234, 233, 237); color: rgb(21, 20, 31);">int</code>&nbsp;and&nbsp;<code style="background-color: rgb(234, 233, 237); color: rgb(21, 20, 31);">double</code>, but how do we store a group of&nbsp;<code style="background-color: rgb(234, 233, 237); color: rgb(21, 20, 31);">int</code>s or a group of&nbsp;<code style="background-color: rgb(234, 233, 237); color: rgb(21, 20, 31);">double</code>s?</p><p>In this lesson, we will start with one of the simplest, and arguably the most useful, ways of storing data in C++: a vector.</p><p>A&nbsp;<em>vector</em>&nbsp;is a sequence of elements that you can access by index.</p>',''),
                                                                                                                           ('55010698-9e5b-49fc-a777-0be509845d94',1,'8853dea9-519c-46fd-b501-09dd00343e06','LESSON','Arrays',NULL,'<p><strong>Like vectors, the array is a data structure used in C++ to store a sequential collection of elements. Unlike vectors, its size cannot be changed.</strong></p><p>Being able to store multiple pieces of related information in the same structure is very useful when writing C++ programs. One way we can do that is by using vectors:</p><pre class="ql-syntax" spellcheck="false">std::vector&lt;int&gt; favoriteNums =&nbsp;{7, 9, 15, 16};

std::cout &lt;&lt; favoriteNums[2]; // Prints: 15

</pre><p>Vectors are a modern approach to handling information. But C++ also inherits a more low-level means of doing this from its parent language, C, called&nbsp;<em>arrays</em>.</p><p>Arrays in C++ are similar to vectors in that they allow us to store groups of information. However, arrays are ultimately lower-level constructs and require some more work on the part of the user.</p><h2>Arrays vs. Vectors</h2><p>If you’ve used C++ vectors in the past, you may be wondering what exactly the difference is between them and arrays, and when you should use which.</p><p>As was mentioned earlier, arrays are inherited from C, C++’s parent language. They are a low-level data structure and are incredibly rigid.&nbsp;<em>With arrays, you can’t add or remove elements; you can only modify existing elements.</em></p><p>Vectors are originated from arrays. Early in the creation of C++, the language developers took these basic arrays and wrote code to enhance them and make them more flexible and powerful. Therefore you can think of vectors as super arrays!</p><p>Vectors don’t require a static size. It’s possible to add and remove elements from them, as well as access their current size at any time.</p><h2>Creating an Array</h2><p>When creating an array, you have to keep two pieces of information in mind:</p><ol><li>The type of data you want to store inside of it.</li><li>How many items you want it to be able to hold (its size).</li></ol><p>We can create an array a lot like we create normal variables, by specifying the data type, giving it a descriptive name, and also specifying its size:</p><pre class="ql-syntax" spellcheck="false">int favoriteNums[4];

</pre><p>In the above code example, we’ve created an array with a size of&nbsp;<code style="background-color: transparent; color: rgb(79, 224, 176);"><strong>4</strong></code>, meaning it can hold four integers (all four elements will initially have the default&nbsp;<code style="background-color: transparent; color: rgb(79, 224, 176);"><strong>int</strong></code>&nbsp;value of&nbsp;<code style="background-color: transparent; color: rgb(79, 224, 176);"><strong>0</strong></code>).</p><p>In many cases, you won’t know what data needs to go in the array until after you’ve created it, but if you do happen to know the contents of the array ahead of time, you can initialize it with custom values upfront:</p><pre class="ql-syntax" spellcheck="false">int favoriteNums[] =&nbsp;{7, 9, 15, 16};

</pre><p>This array would also have a size of&nbsp;<code style="background-color: transparent; color: rgb(79, 224, 176);"><strong>4</strong></code>, but we don’t need to explicitly specify that when we initialize it in this way.</p><h2>Array Indices</h2><p>Like vectors, each element in an array is assigned a specific index starting at zero. To access or modify an element in the array you may simply refer to it by its index and operate on it accordingly.</p><pre class="ql-syntax" spellcheck="false">char vowels[] =&nbsp;{''a'', ''e'', ''i'', ''o'', ''u''};
//&nbsp;&nbsp;&nbsp;&nbsp;&nbsp;&nbsp;indexes:&nbsp;&nbsp;0&nbsp;&nbsp;&nbsp;&nbsp;1&nbsp;&nbsp;&nbsp;&nbsp;2&nbsp;&nbsp;&nbsp;&nbsp;3&nbsp;&nbsp;&nbsp;&nbsp;4

std::cout &lt;&lt; vowels[0]; // Prints: a

vowels[0] =&nbsp;''r'';

std::cout &lt;&lt; vowels[0]; // Prints: r

</pre><p>In the case above we initialized an array of&nbsp;<code style="background-color: transparent; color: rgb(79, 224, 176);"><strong>char</strong></code>s with all of the vowels, and then printed out the first element in the array at index&nbsp;<code style="background-color: transparent; color: rgb(79, 224, 176);"><strong>0</strong></code>. We then modified the element at index&nbsp;<code style="background-color: transparent; color: rgb(79, 224, 176);"><strong>0</strong></code>&nbsp;by assigning it a new value of&nbsp;<code style="background-color: transparent; color: rgb(79, 224, 176);"><strong>r</strong></code>, which got printed out below.</p><p>Arrays in C++ have a set size, meaning you can’t add or remove elements once the array has been created. You may only modify existing elements without changing the total size or shape of the structure.</p>',''),
                                                                                                                           ('ec621f78-f520-4568-850d-8854124b0ec0',2,'8853dea9-519c-46fd-b501-09dd00343e06','VIDEO','Passing Vectors to Functions',NULL,'','https://www.youtube.com/watch?v=aUhYCyU2Meo'),
                                                                                                                           ('dee0ffda-5df8-4ab0-b234-25031ea864bd',3,'8853dea9-519c-46fd-b501-09dd00343e06','CODE','Array sum','b6484e21-6937-489c-b031-b71767994736','Sum of an array',''),
                                                                                                                           ('4791ea80-a5b1-40ef-85e8-dc9058fa8145',0,'3f7f6777-67c0-4bb5-ba2e-e39ece683f0c','LESSON','Functions',NULL,'<h3>The Function of Functions</h3><p>4 min</p><p>As a programmer, you will find yourself reusing the same blocks of code over and over throughout your program. In times like these, you can turn to functions.</p><p>Also known as a method or procedure, a&nbsp;<em>function</em>&nbsp;is a named group of code statements that accomplish something together, a bit like a factory machine.</p><p><img src="https://content.codecademy.com/courses/learn-cpp/functions/functions-conceptual.gif">There are some great reasons to use functions in your code:</p><ul><li>A single line can make all that code fire off instead of a whole bunch of lines.</li><li>You can build DRY (Don’t Repeat Yourself) code, reusing the code you already wrote.</li><li>Functions help make your code flexible and&nbsp;<em>modular</em>, meaning you can group your code more easily by task.</li></ul><p>In fact, every C++ program has at least one function. “Hold on,” you may be thinking, “I’ve written some C++ programs, but I haven’t written any functions yet!”</p><p>Well, as it happens,&nbsp;<code style="color: rgb(21, 20, 31); background-color: rgb(234, 233, 237);">main()</code>&nbsp;is a function that you’ve already used! And you’ll understand it a bit more as you learn how functions work.</p>',''),
                                                                                                                           ('1f39ff11-eb22-4b98-b8a3-648b7729d778',1,'3f7f6777-67c0-4bb5-ba2e-e39ece683f0c','LESSON','C++ Functions challenge',NULL,'<h3>How It Works</h3><p>&lt;1 min</p><p>Roll up your sleeves and get yourself in the mood for&nbsp;<a href="https://www.codecademy.com/resources/docs/cpp/functions" rel="noopener noreferrer" target="_blank" style="color: var(--color-primary); background-color: transparent;">functions</a>, because it’s code challenge time!</p><p>Say what? Here’s how it works:</p><ul><li>Each exercise in this lesson has a C++ function for you to build.</li><li>Each challenge has many solutions and we encourage you to be creative.</li><li>We don’t care what goes on in the function as long as it works the way it should. (Notice those tests in&nbsp;<code style="color: rgb(21, 20, 31); background-color: rgb(234, 233, 237);">main()</code>&nbsp;for each function.)</li></ul><p>As a refresher, C++ function syntax looks like this:</p><pre class="ql-syntax" spellcheck="false">return_type function_name(paramater1, parameter2) {

&nbsp;&nbsp;&nbsp;// Code block here

&nbsp;&nbsp;&nbsp;return output_if_there_is_any;

}

</pre><p>For example, with real code this might look like:</p><pre class="ql-syntax" spellcheck="false">bool is_even(int number) {

&nbsp;&nbsp;if (number %&nbsp;2 == 0) {

&nbsp;&nbsp;&nbsp;&nbsp;return true;

&nbsp;&nbsp;}

&nbsp;&nbsp;return false;

}

</pre><p>Best of luck!</p>',''),
                                                                                                                           ('0c01ade9-9dc7-49ee-a596-8e67386b17d5',2,'3f7f6777-67c0-4bb5-ba2e-e39ece683f0c','LESSON','FUNCTIONS: SCOPE & FLEXIBILITY',NULL,'<h3>The Scope of Things</h3><p>7 min</p><p>Take a look at the program below. We have a&nbsp;<code style="color: rgb(21, 20, 31); background-color: rgb(234, 233, 237);">void</code>&nbsp;function named&nbsp;<code style="color: rgb(21, 20, 31); background-color: rgb(234, 233, 237);">favorite_animal()</code>&nbsp;and&nbsp;<code style="color: rgb(21, 20, 31); background-color: rgb(234, 233, 237);">main()</code>&nbsp;with a few statements inside.</p><pre class="ql-syntax" spellcheck="false">#include &lt;iostream&gt;

std::string sea_animal =&nbsp;"manatee";

void favorite_animal(std::string best_animal) {

&nbsp;&nbsp;std::string animal =&nbsp;best_animal;
&nbsp;&nbsp;std::cout &lt;&lt; "Best animal: " &lt;&lt; animal &lt;&lt; "\n";

}

int main() {

&nbsp;&nbsp;favorite_animal("jaguar");

&nbsp;&nbsp;std::cout &lt;&lt; sea_animal &lt;&lt; "\n";
&nbsp;&nbsp;std::cout &lt;&lt; animal &lt;&lt; "\n";

}

</pre><p>When this program is compiled and executed,&nbsp;<code style="color: rgb(21, 20, 31); background-color: rgb(234, 233, 237);">sea_animal</code>&nbsp;will print, but&nbsp;<code style="color: rgb(21, 20, 31); background-color: rgb(234, 233, 237);">animal</code>&nbsp;won’t. Why do you think that’s the case?</p><p><em>Scope</em>&nbsp;is the region of code that can access or view a given element.</p><ul><li><a href="https://www.codecademy.com/resources/docs/cpp/variables" rel="noopener noreferrer" target="_blank" style="color: var(--color-primary); background-color: transparent;">Variables</a>&nbsp;defined in&nbsp;<em>global scope</em>&nbsp;are accessible throughout the program.</li><li>Variables defined in a function have&nbsp;<em>local scope</em>&nbsp;and are only accessible inside the function.</li></ul><p><code style="color: rgb(21, 20, 31); background-color: rgb(234, 233, 237);">sea_animal</code>&nbsp;was defined in global scope at the top of the program, outside of&nbsp;<code style="color: rgb(21, 20, 31); background-color: rgb(234, 233, 237);">main()</code>. So&nbsp;<code style="color: rgb(21, 20, 31); background-color: rgb(234, 233, 237);">sea_animal</code>&nbsp;is defined everywhere in the program.</p><p>Because&nbsp;<code style="color: rgb(21, 20, 31); background-color: rgb(234, 233, 237);">animal</code>&nbsp;was only defined within&nbsp;<code style="color: rgb(21, 20, 31); background-color: rgb(234, 233, 237);">favorite_animal()</code>&nbsp;and not returned, it is not accessible to the rest of the program.</p>',''),
                                                                                                                           ('bcfc123c-08ce-408d-8cdc-5ce5328e60ac',3,'3f7f6777-67c0-4bb5-ba2e-e39ece683f0c','CODE','2^k','b6484e21-6937-489c-b031-b71767994745','Check 2^k',''),
                                                                                                                           ('34e8463a-686d-4cc4-92b3-b2bfce8f33e5',0,'c4bd0e29-2130-48a7-975f-09b6bd1dd157','VIDEO','Classes & Objects',NULL,'','https://www.youtube.com/watch?v=nVrQO2eVU7A'),
                                                                                                                           ('74c05fb2-2d72-43da-a2cf-67bc5726afd9',1,'c4bd0e29-2130-48a7-975f-09b6bd1dd157','LESSON','Classes & Objects',NULL,'<h3>Getting Classy with C++</h3><p>3 min</p><p>So far, we’ve used several&nbsp;<a href="https://www.codecademy.com/resources/docs/cpp/data-types" rel="noopener noreferrer" target="_blank" style="background-color: transparent; color: var(--color-primary);">data types</a>, including&nbsp;<code style="background-color: rgb(234, 233, 237); color: rgb(21, 20, 31);">int</code>,&nbsp;<code style="background-color: rgb(234, 233, 237); color: rgb(21, 20, 31);">double</code>,&nbsp;<code style="background-color: rgb(234, 233, 237); color: rgb(21, 20, 31);">std::string</code>, and&nbsp;<code style="background-color: rgb(234, 233, 237); color: rgb(21, 20, 31);">bool</code>. When we work with&nbsp;<code style="background-color: rgb(234, 233, 237); color: rgb(21, 20, 31);">int</code>&nbsp;or&nbsp;<code style="background-color: rgb(234, 233, 237); color: rgb(21, 20, 31);">std::string</code>, we can create&nbsp;<a href="https://www.codecademy.com/resources/docs/cpp/variables" rel="noopener noreferrer" target="_blank" style="background-color: transparent; color: var(--color-primary);">variables</a>&nbsp;with certain properties and&nbsp;<a href="https://www.codecademy.com/resources/docs/cpp/methods" rel="noopener noreferrer" target="_blank" style="background-color: transparent; color: var(--color-primary);">methods</a>&nbsp;specific to those types. For example:</p><pre class="ql-syntax" spellcheck="false">int age =&nbsp;33;
age++; // age is now 34

</pre><p>But what happens when you want to create a “type” for something else? You can make your own! Bjarne Stroustrup developed C++ because he wanted to add a feature known as “classes” to the C language. A C++&nbsp;<em>class</em>&nbsp;is a user-defined type.</p><p>The class serves as a blueprint for&nbsp;<a href="https://www.codecademy.com/resources/docs/cpp/objects" rel="noopener noreferrer" target="_blank" style="background-color: transparent; color: var(--color-primary);"><em>objects</em></a>, which are instances of the class (just like&nbsp;<code style="background-color: rgb(234, 233, 237); color: rgb(21, 20, 31);">age</code>&nbsp;is an instance of&nbsp;<code style="background-color: rgb(234, 233, 237); color: rgb(21, 20, 31);">int</code>). An object gets characteristics and behaviors from its class.</p><p>We can create an empty C++ class like this in a header file:</p><pre class="ql-syntax" spellcheck="false">class City {
&nbsp;&nbsp;
}; // &lt;-- notice this semicolon!

</pre><p><strong>Fun fact:</strong>&nbsp;C++’s original name was “C with&nbsp;<a href="https://www.codecademy.com/resources/docs/cpp/classes" rel="noopener noreferrer" target="_blank" style="background-color: transparent; color: var(--color-primary);">Classes</a>.”</p>','');
INSERT INTO public.chapter_resource (id,"no",chapter_id,resource_type,title,question_id,lesson_html,youtube_video_url) VALUES
                                                                                                                           ('3ee623ef-7f74-4b16-8ad6-4f654100eeff',2,'c4bd0e29-2130-48a7-975f-09b6bd1dd157','LESSON','Why Object-Oriented Programming?',NULL,'<h1>Why Object-Oriented Programming?</h1><p><strong>Why has object-oriented programming become a major programming paradigm?</strong></p><p>So far, you’ve built two kinds of C++ programs:</p><ul><li>Procedural: The program moves through a linear series of instructions.</li><li>Functional: The program moves from one function to another.</li></ul><p>But there is another very common way to structure C++ code: object-oriented programming.</p><p>Let’s consider a physical object: a light bulb. A light (usually) has two possible states: on and off. It also has functionality that allows you to change its state: you can turn it on and you turn it off. Thankfully, you don’t need to know electrical engineering to use the light! You only need to know how to interact with it.</p><p><em>Object-oriented programming (OOP)</em>&nbsp;is a programming paradigm that allows you to package together data states and functionality to modify those data states, while keeping the details hidden away (like with the lightbulb). As a result, code with OOP design is flexible, modular, and abstract. This makes it particularly useful when you create larger programs.</p><p>In C++, you can apply OOP in your code with classes and objects. And the C++ objects you create will have states and functionality.</p><p>There are four major benefits to object-oriented programming:</p><ul><li><strong>Encapsulation:</strong>&nbsp;in OOP, you bundle code into a single unit where you can determine the scope of each piece of data.</li><li><strong>Abstraction:</strong>&nbsp;by using classes, you are able to generalize your object types, simplifying your program.</li><li><strong>Inheritance:</strong>&nbsp;because a class can inherit attributes and behaviors from another class, you are able to reuse more code.</li><li><strong>Polymorphism:</strong>&nbsp;one class can be used to create many objects, all from the same flexible piece of code.</li></ul><p><br></p>',''),
                                                                                                                           ('c5247fcf-6369-4b0f-8bad-926a5c7b09ac',3,'c4bd0e29-2130-48a7-975f-09b6bd1dd157','VIDEO','Why Object-Oriented Programming?',NULL,'','https://www.youtube.com/watch?v=u8gRq4OojXY&embeds_referring_euri=https%3A%2F%2Fwww.codecademy.com%2F&embeds_referring_origin=https%3A%2F%2Fwww.codecademy.com&feature=emb_imp_woyt');
-------------------
INSERT INTO public.question
(id, org_id, "difficulty", "name", question_text, general_feedback, default_mark, "qtype", created_by, copy_state, created_at, updated_by, updated_at, question_bank_category_id, is_org_question_bank, is_lecturer_private)
VALUES('90cdac0a-a9a7-4809-a5d1-20fc58437390'::uuid, '08b65a39-394f-4977-a5fa-3fe145b620f8'::uuid, 'EASY'::public."difficulty", 'Mô hình OSI có bao nhiêu tầng? Liệt kê các tầng đó.', '<p>Mô hình OSI có bao nhiêu tầng? Liệt kê các tầng đó.</p>', '', 1.00, 'SHORT_ANSWER'::public."qtype", '64412e27-169e-44ea-a101-74ebf8cb82d9'::uuid, 'CREATING'::public."copystate", '2024-07-13 21:25:24.082', '64412e27-169e-44ea-a101-74ebf8cb82d9'::uuid, '2024-07-13 21:25:24.082', 'd8fed7b0-bd98-436e-9c4d-36b8fe9f372e'::uuid, true, false);
INSERT INTO public.question
(id, org_id, "difficulty", "name", question_text, general_feedback, default_mark, "qtype", created_by, copy_state, created_at, updated_by, updated_at, question_bank_category_id, is_org_question_bank, is_lecturer_private)
VALUES('9d49b11a-bdd1-47d0-a51a-2da85810ee82'::uuid, '08b65a39-394f-4977-a5fa-3fe145b620f8'::uuid, 'EASY'::public."difficulty", 'DHCP là một giao thức cho phép thiết bị tự động nhận địa chỉ IP.', '<p>DHCP là một giao thức cho phép thiết bị tự động nhận địa chỉ IP.</p>', '', 1.00, 'TRUE_FALSE'::public."qtype", '64412e27-169e-44ea-a101-74ebf8cb82d9'::uuid, 'CREATING'::public."copystate", '2024-07-13 21:26:09.454', '64412e27-169e-44ea-a101-74ebf8cb82d9'::uuid, '2024-07-13 21:26:09.454', 'd8fed7b0-bd98-436e-9c4d-36b8fe9f372e'::uuid, true, false);
INSERT INTO public.question
(id, org_id, "difficulty", "name", question_text, general_feedback, default_mark, "qtype", created_by, copy_state, created_at, updated_by, updated_at, question_bank_category_id, is_org_question_bank, is_lecturer_private)
VALUES('f00c5bb1-3eb4-4d02-a0a1-65f65c27ada9'::uuid, '08b65a39-394f-4977-a5fa-3fe145b620f8'::uuid, 'EASY'::public."difficulty", 'Địa chỉ IP là gì?', '<p>Địa chỉ IP là gì?</p>', '', 1.00, 'SHORT_ANSWER'::public."qtype", '64412e27-169e-44ea-a101-74ebf8cb82d9'::uuid, 'CREATING'::public."copystate", '2024-07-13 21:26:43.495', '64412e27-169e-44ea-a101-74ebf8cb82d9'::uuid, '2024-07-13 21:26:43.495', 'd8fed7b0-bd98-436e-9c4d-36b8fe9f372e'::uuid, true, false);
INSERT INTO public.question
(id, org_id, "difficulty", "name", question_text, general_feedback, default_mark, "qtype", created_by, copy_state, created_at, updated_by, updated_at, question_bank_category_id, is_org_question_bank, is_lecturer_private)
VALUES('a4bdb836-7cc1-48b5-9cb3-61163bfdae72'::uuid, '08b65a39-394f-4977-a5fa-3fe145b620f8'::uuid, 'EASY'::public."difficulty", 'Giao thức nào được sử dụng để gửi email?', '<p>Giao thức nào được sử dụng để gửi email?</p>', '', 1.00, 'MULTIPLE_CHOICE'::public."qtype", '64412e27-169e-44ea-a101-74ebf8cb82d9'::uuid, 'CREATING'::public."copystate", '2024-07-13 21:28:30.024', '64412e27-169e-44ea-a101-74ebf8cb82d9'::uuid, '2024-07-13 21:28:30.024', 'd8fed7b0-bd98-436e-9c4d-36b8fe9f372e'::uuid, true, false);
INSERT INTO public.question
(id, org_id, "difficulty", "name", question_text, general_feedback, default_mark, "qtype", created_by, copy_state, created_at, updated_by, updated_at, question_bank_category_id, is_org_question_bank, is_lecturer_private)
VALUES('23084d5a-0ce0-4177-80c3-07e8755b9a5c'::uuid, '08b65a39-394f-4977-a5fa-3fe145b620f8'::uuid, 'EASY'::public."difficulty", 'Giao thức nào hoạt động ở tầng Network trong mô hình OSI?', '<p>Giao thức nào hoạt động ở tầng Network trong mô hình OSI?</p>', '', 1.00, 'MULTIPLE_CHOICE'::public."qtype", '64412e27-169e-44ea-a101-74ebf8cb82d9'::uuid, 'CREATING'::public."copystate", '2024-07-13 21:29:52.803', '64412e27-169e-44ea-a101-74ebf8cb82d9'::uuid, '2024-07-13 21:29:52.803', 'd8fed7b0-bd98-436e-9c4d-36b8fe9f372e'::uuid, true, false);
INSERT INTO public.question
(id, org_id, "difficulty", "name", question_text, general_feedback, default_mark, "qtype", created_by, copy_state, created_at, updated_by, updated_at, question_bank_category_id, is_org_question_bank, is_lecturer_private)
VALUES('c99da40c-9a1f-47c9-abd7-1c86cda7cd91'::uuid, '08b65a39-394f-4977-a5fa-3fe145b620f8'::uuid, 'EASY'::public."difficulty", 'Các loại địa chỉ nào được sử dụng trong mạng IPv4?', '<p>Các loại địa chỉ nào được sử dụng trong mạng IPv4?</p>', '', 1.00, 'MULTIPLE_CHOICE'::public."qtype", '64412e27-169e-44ea-a101-74ebf8cb82d9'::uuid, 'CREATING'::public."copystate", '2024-07-13 21:31:49.721', '64412e27-169e-44ea-a101-74ebf8cb82d9'::uuid, '2024-07-13 21:31:49.721', 'd8fed7b0-bd98-436e-9c4d-36b8fe9f372e'::uuid, true, false);
INSERT INTO public.question
(id, org_id, "difficulty", "name", question_text, general_feedback, default_mark, "qtype", created_by, copy_state, created_at, updated_by, updated_at, question_bank_category_id, is_org_question_bank, is_lecturer_private)
VALUES('f5bae546-cefe-4f18-9a69-fd38047baff8'::uuid, '08b65a39-394f-4977-a5fa-3fe145b620f8'::uuid, 'EASY'::public."difficulty", 'Giao thức TCP không đảm bảo truyền tải dữ liệu đến đích một cách đáng tin cậy.', '<p>Giao thức TCP không đảm bảo truyền tải dữ liệu đến đích một cách đáng tin cậy.</p>', '', 1.00, 'TRUE_FALSE'::public."qtype", '64412e27-169e-44ea-a101-74ebf8cb82d9'::uuid, 'CREATING'::public."copystate", '2024-07-13 21:32:21.575', '64412e27-169e-44ea-a101-74ebf8cb82d9'::uuid, '2024-07-13 21:32:21.575', 'd8fed7b0-bd98-436e-9c4d-36b8fe9f372e'::uuid, true, false);
INSERT INTO public.question
(id, org_id, "difficulty", "name", question_text, general_feedback, default_mark, "qtype", created_by, copy_state, created_at, updated_by, updated_at, question_bank_category_id, is_org_question_bank, is_lecturer_private)
VALUES('4d1b5c41-c0c6-4763-b8c8-5462ed8687ba'::uuid, '08b65a39-394f-4977-a5fa-3fe145b620f8'::uuid, 'EASY'::public."difficulty", 'IPv6 có địa chỉ dài 32 bit.', '<p>IPv6 có địa chỉ dài 32 bit.</p>', '', 1.00, 'TRUE_FALSE'::public."qtype", '64412e27-169e-44ea-a101-74ebf8cb82d9'::uuid, 'CREATING'::public."copystate", '2024-07-13 21:32:41.921', '64412e27-169e-44ea-a101-74ebf8cb82d9'::uuid, '2024-07-13 21:32:41.921', 'd8fed7b0-bd98-436e-9c4d-36b8fe9f372e'::uuid, true, false);
INSERT INTO public.question
(id, org_id, "difficulty", "name", question_text, general_feedback, default_mark, "qtype", created_by, copy_state, created_at, updated_by, updated_at, question_bank_category_id, is_org_question_bank, is_lecturer_private)
VALUES('3fbac478-6805-4936-9ec9-86ab91f534cd'::uuid, '08b65a39-394f-4977-a5fa-3fe145b620f8'::uuid, 'EASY'::public."difficulty", 'Giao thức HTTPS là phiên bản bảo mật của giao thức HTTP.', '<p>Giao thức HTTPS là phiên bản bảo mật của giao thức HTTP.</p>', '', 1.00, 'TRUE_FALSE'::public."qtype", '64412e27-169e-44ea-a101-74ebf8cb82d9'::uuid, 'CREATING'::public."copystate", '2024-07-13 21:33:01.128', '64412e27-169e-44ea-a101-74ebf8cb82d9'::uuid, '2024-07-13 21:33:01.128', 'd8fed7b0-bd98-436e-9c4d-36b8fe9f372e'::uuid, true, false);
INSERT INTO public.question
(id, org_id, "difficulty", "name", question_text, general_feedback, default_mark, "qtype", created_by, copy_state, created_at, updated_by, updated_at, question_bank_category_id, is_org_question_bank, is_lecturer_private)
VALUES('7d7a12fb-9ce7-49c1-a159-0df5060ea7d2'::uuid, '08b65a39-394f-4977-a5fa-3fe145b620f8'::uuid, 'EASY'::public."difficulty", 'Cây nhị phân tìm kiếm (Binary Search Tree) là gì?', '<p>Cây nhị phân tìm kiếm (Binary Search Tree) là gì?</p>', '', 1.00, 'SHORT_ANSWER'::public."qtype", '64412e27-169e-44ea-a101-74ebf8cb82d9'::uuid, 'CREATING'::public."copystate", '2024-07-13 21:35:49.046', '64412e27-169e-44ea-a101-74ebf8cb82d9'::uuid, '2024-07-13 21:35:49.046', '94f340b3-fb05-4e3a-8cb5-44ef5d936a9b'::uuid, true, false);
INSERT INTO public.question
(id, org_id, "difficulty", "name", question_text, general_feedback, default_mark, "qtype", created_by, copy_state, created_at, updated_by, updated_at, question_bank_category_id, is_org_question_bank, is_lecturer_private)
VALUES('a0c53087-0fc8-47bf-904b-d0565ffd6fe8'::uuid, '08b65a39-394f-4977-a5fa-3fe145b620f8'::uuid, 'EASY'::public."difficulty", 'Thuật toán sắp xếp nổi bọt (Bubble Sort) hoạt động như thế nào?', '<p>Thuật toán sắp xếp nổi bọt (Bubble Sort) hoạt động như thế nào?</p>', '', 1.00, 'SHORT_ANSWER'::public."qtype", '64412e27-169e-44ea-a101-74ebf8cb82d9'::uuid, 'CREATING'::public."copystate", '2024-07-13 21:36:16.842', '64412e27-169e-44ea-a101-74ebf8cb82d9'::uuid, '2024-07-13 21:36:16.842', '94f340b3-fb05-4e3a-8cb5-44ef5d936a9b'::uuid, true, false);
INSERT INTO public.question
(id, org_id, "difficulty", "name", question_text, general_feedback, default_mark, "qtype", created_by, copy_state, created_at, updated_by, updated_at, question_bank_category_id, is_org_question_bank, is_lecturer_private)
VALUES('ff476f39-f0ee-418c-8f03-c8684f4d2578'::uuid, '08b65a39-394f-4977-a5fa-3fe145b620f8'::uuid, 'EASY'::public."difficulty", 'Độ phức tạp thời gian trung bình của thuật toán tìm kiếm nhị phân (Binary Search) là gì?', '<p>Độ phức tạp thời gian trung bình của thuật toán tìm kiếm nhị phân (Binary Search) là gì?</p>', '', 1.00, 'MULTIPLE_CHOICE'::public."qtype", '64412e27-169e-44ea-a101-74ebf8cb82d9'::uuid, 'CREATING'::public."copystate", '2024-07-13 21:37:22.481', '64412e27-169e-44ea-a101-74ebf8cb82d9'::uuid, '2024-07-13 21:37:22.481', '94f340b3-fb05-4e3a-8cb5-44ef5d936a9b'::uuid, true, false);
INSERT INTO public.question
(id, org_id, "difficulty", "name", question_text, general_feedback, default_mark, "qtype", created_by, copy_state, created_at, updated_by, updated_at, question_bank_category_id, is_org_question_bank, is_lecturer_private)
VALUES('d7d25d42-4e15-4983-b82e-501f9edfd595'::uuid, '08b65a39-394f-4977-a5fa-3fe145b620f8'::uuid, 'EASY'::public."difficulty", 'Cấu trúc dữ liệu nào sau đây sử dụng nguyên tắc LIFO (Last In, First Out)?', '<p>Cấu trúc dữ liệu nào sau đây sử dụng nguyên tắc LIFO (Last In, First Out)?</p>', '', 1.00, 'MULTIPLE_CHOICE'::public."qtype", '64412e27-169e-44ea-a101-74ebf8cb82d9'::uuid, 'CREATING'::public."copystate", '2024-07-13 21:38:30.286', '64412e27-169e-44ea-a101-74ebf8cb82d9'::uuid, '2024-07-13 21:38:30.286', '94f340b3-fb05-4e3a-8cb5-44ef5d936a9b'::uuid, true, false);
INSERT INTO public.question
(id, org_id, "difficulty", "name", question_text, general_feedback, default_mark, "qtype", created_by, copy_state, created_at, updated_by, updated_at, question_bank_category_id, is_org_question_bank, is_lecturer_private)
VALUES('e2737881-9013-4b1c-af87-4cbdadfbbe4c'::uuid, '08b65a39-394f-4977-a5fa-3fe145b620f8'::uuid, 'EASY'::public."difficulty", 'Các thao tác cơ bản của một cấu trúc dữ liệu Stack là gì?', '<p>Các thao tác cơ bản của một cấu trúc dữ liệu Stack là gì?</p>', '', 1.00, 'MULTIPLE_CHOICE'::public."qtype", '64412e27-169e-44ea-a101-74ebf8cb82d9'::uuid, 'CREATING'::public."copystate", '2024-07-13 21:41:20.326', '64412e27-169e-44ea-a101-74ebf8cb82d9'::uuid, '2024-07-13 21:41:20.326', '94f340b3-fb05-4e3a-8cb5-44ef5d936a9b'::uuid, true, false);
INSERT INTO public.question
(id, org_id, "difficulty", "name", question_text, general_feedback, default_mark, "qtype", created_by, copy_state, created_at, updated_by, updated_at, question_bank_category_id, is_org_question_bank, is_lecturer_private)
VALUES('07849f67-5f33-46f3-a063-f3b8b5478de0'::uuid, '08b65a39-394f-4977-a5fa-3fe145b620f8'::uuid, 'EASY'::public."difficulty", 'Cây AVL là một loại cây nhị phân tìm kiếm cân bằng.', '<p>Cây AVL là một loại cây nhị phân tìm kiếm cân bằng.</p>', '', 1.00, 'TRUE_FALSE'::public."qtype", '64412e27-169e-44ea-a101-74ebf8cb82d9'::uuid, 'CREATING'::public."copystate", '2024-07-13 21:41:41.975', '64412e27-169e-44ea-a101-74ebf8cb82d9'::uuid, '2024-07-13 21:41:41.975', '94f340b3-fb05-4e3a-8cb5-44ef5d936a9b'::uuid, true, false);
INSERT INTO public.question
(id, org_id, "difficulty", "name", question_text, general_feedback, default_mark, "qtype", created_by, copy_state, created_at, updated_by, updated_at, question_bank_category_id, is_org_question_bank, is_lecturer_private)
VALUES('b6edb041-7c86-4883-8136-8bfc046f191a'::uuid, '08b65a39-394f-4977-a5fa-3fe145b620f8'::uuid, 'EASY'::public."difficulty", 'Thuật toán Quick Sort luôn có độ phức tạp thời gian là O(n log n).', '<p>Thuật toán Quick Sort luôn có độ phức tạp thời gian là O(n log n).</p>', '', 1.00, 'TRUE_FALSE'::public."qtype", '64412e27-169e-44ea-a101-74ebf8cb82d9'::uuid, 'CREATING'::public."copystate", '2024-07-13 21:41:55.615', '64412e27-169e-44ea-a101-74ebf8cb82d9'::uuid, '2024-07-13 21:41:55.615', '94f340b3-fb05-4e3a-8cb5-44ef5d936a9b'::uuid, true, false);
INSERT INTO public.question
(id, org_id, "difficulty", "name", question_text, general_feedback, default_mark, "qtype", created_by, copy_state, created_at, updated_by, updated_at, question_bank_category_id, is_org_question_bank, is_lecturer_private)
VALUES('bc059bd0-045b-4173-83ac-2dd108b2f084'::uuid, '08b65a39-394f-4977-a5fa-3fe145b620f8'::uuid, 'EASY'::public."difficulty", 'Trong một danh sách liên kết đôi (Doubly Linked List), mỗi nút chứa một con trỏ đến nút trước đó và một con trỏ đến nút tiếp theo.', '<p>Trong một danh sách liên kết đôi (Doubly Linked List), mỗi nút chứa một con trỏ đến nút trước đó và một con trỏ đến nút tiếp theo.</p>', '', 1.00, 'TRUE_FALSE'::public."qtype", '64412e27-169e-44ea-a101-74ebf8cb82d9'::uuid, 'CREATING'::public."copystate", '2024-07-13 21:42:20.685', '64412e27-169e-44ea-a101-74ebf8cb82d9'::uuid, '2024-07-13 21:42:20.685', '94f340b3-fb05-4e3a-8cb5-44ef5d936a9b'::uuid, true, false);
INSERT INTO public.question
(id, org_id, "difficulty", "name", question_text, general_feedback, default_mark, "qtype", created_by, copy_state, created_at, updated_by, updated_at, question_bank_category_id, is_org_question_bank, is_lecturer_private)
VALUES('7eb674f5-c2f1-42f9-9374-801a8ee8f70e'::uuid, '08b65a39-394f-4977-a5fa-3fe145b620f8'::uuid, 'EASY'::public."difficulty", 'Lập trình hướng đối tượng (OOP) là gì?', '<p>Lập trình hướng đối tượng (OOP) là gì?</p>', '', 1.00, 'ESSAY'::public."qtype", '64412e27-169e-44ea-a101-74ebf8cb82d9'::uuid, 'CREATING'::public."copystate", '2024-07-13 21:44:00.862', '64412e27-169e-44ea-a101-74ebf8cb82d9'::uuid, '2024-07-13 21:44:00.862', 'a69c5276-4f35-469d-94b1-b2df3f3f2707'::uuid, true, false);
INSERT INTO public.question
(id, org_id, "difficulty", "name", question_text, general_feedback, default_mark, "qtype", created_by, copy_state, created_at, updated_by, updated_at, question_bank_category_id, is_org_question_bank, is_lecturer_private)
VALUES('b4959e34-6ddc-424a-9ee3-481d189ee299'::uuid, '08b65a39-394f-4977-a5fa-3fe145b620f8'::uuid, 'EASY'::public."difficulty", 'Kế thừa (Inheritance) trong OOP là gì?', '<p>Kế thừa (Inheritance) trong OOP là gì?</p>', '', 1.00, 'SHORT_ANSWER'::public."qtype", '64412e27-169e-44ea-a101-74ebf8cb82d9'::uuid, 'CREATING'::public."copystate", '2024-07-13 21:44:27.228', '64412e27-169e-44ea-a101-74ebf8cb82d9'::uuid, '2024-07-13 21:44:27.228', 'a69c5276-4f35-469d-94b1-b2df3f3f2707'::uuid, true, false);
INSERT INTO public.question
(id, org_id, "difficulty", "name", question_text, general_feedback, default_mark, "qtype", created_by, copy_state, created_at, updated_by, updated_at, question_bank_category_id, is_org_question_bank, is_lecturer_private)
VALUES('8ce74a1c-5d82-4820-9ccc-fbe3ea263ff5'::uuid, '08b65a39-394f-4977-a5fa-3fe145b620f8'::uuid, 'EASY'::public."difficulty", 'Đặc điểm nào sau đây không phải là một trong bốn nguyên lý chính của lập trình hướng đối tượng?', '<p>Đặc điểm nào sau đây không phải là một trong bốn nguyên lý chính của lập trình hướng đối tượng?</p>', '', 1.00, 'MULTIPLE_CHOICE'::public."qtype", '64412e27-169e-44ea-a101-74ebf8cb82d9'::uuid, 'CREATING'::public."copystate", '2024-07-13 21:45:29.503', '64412e27-169e-44ea-a101-74ebf8cb82d9'::uuid, '2024-07-13 21:45:29.503', 'a69c5276-4f35-469d-94b1-b2df3f3f2707'::uuid, true, false);
INSERT INTO public.question
(id, org_id, "difficulty", "name", question_text, general_feedback, default_mark, "qtype", created_by, copy_state, created_at, updated_by, updated_at, question_bank_category_id, is_org_question_bank, is_lecturer_private)
VALUES('30491dd5-c6d9-4fe2-b1d9-d18f7666d202'::uuid, '08b65a39-394f-4977-a5fa-3fe145b620f8'::uuid, 'EASY'::public."difficulty", 'Tính đa hình (Polymorphism) cho phép một phương thức có thể hoạt động theo nhiều cách khác nhau dựa trên đối tượng gọi nó.', '<p>Tính đa hình (Polymorphism) cho phép một phương thức có thể hoạt động theo nhiều cách khác nhau dựa trên đối tượng gọi nó.</p>', '', 1.00, 'TRUE_FALSE'::public."qtype", '64412e27-169e-44ea-a101-74ebf8cb82d9'::uuid, 'CREATING'::public."copystate", '2024-07-13 21:46:19.665', '64412e27-169e-44ea-a101-74ebf8cb82d9'::uuid, '2024-07-13 21:46:19.665', 'a69c5276-4f35-469d-94b1-b2df3f3f2707'::uuid, true, false);
INSERT INTO public.question
(id, org_id, "difficulty", "name", question_text, general_feedback, default_mark, "qtype", created_by, copy_state, created_at, updated_by, updated_at, question_bank_category_id, is_org_question_bank, is_lecturer_private)
VALUES('9e285092-8223-44bb-ae6d-802d5117c567'::uuid, '08b65a39-394f-4977-a5fa-3fe145b620f8'::uuid, 'EASY'::public."difficulty", 'Tính đóng gói (Encapsulation) giúp bảo vệ dữ liệu bằng cách ẩn nó khỏi truy cập bên ngoài và chỉ cho phép truy cập thông qua các phương thức công khai.', '<p>Tính đóng gói (Encapsulation) giúp bảo vệ dữ liệu bằng cách ẩn nó khỏi truy cập bên ngoài và chỉ cho phép truy cập thông qua các phương thức công khai.</p>', '', 1.00, 'TRUE_FALSE'::public."qtype", '64412e27-169e-44ea-a101-74ebf8cb82d9'::uuid, 'CREATING'::public."copystate", '2024-07-13 21:46:44.942', '64412e27-169e-44ea-a101-74ebf8cb82d9'::uuid, '2024-07-13 21:46:44.942', 'a69c5276-4f35-469d-94b1-b2df3f3f2707'::uuid, true, false);
INSERT INTO public.question
(id, org_id, "difficulty", "name", question_text, general_feedback, default_mark, "qtype", created_by, copy_state, created_at, updated_by, updated_at, question_bank_category_id, is_org_question_bank, is_lecturer_private)
VALUES('163e2aa1-f86d-4027-a91d-d84d8bef72fc'::uuid, '08b65a39-394f-4977-a5fa-3fe145b620f8'::uuid, 'EASY'::public."difficulty", 'Java Virtual Machine (JVM) là gì?', '<p>Java Virtual Machine (JVM) là gì?</p>', '', 1.00, 'SHORT_ANSWER'::public."qtype", '64412e27-169e-44ea-a101-74ebf8cb82d9'::uuid, 'CREATING'::public."copystate", '2024-07-13 21:49:07.602', '64412e27-169e-44ea-a101-74ebf8cb82d9'::uuid, '2024-07-13 21:49:07.602', 'b8d5995f-0cf9-4ad4-967c-f94f2187deb9'::uuid, false, false);
INSERT INTO public.question
(id, org_id, "difficulty", "name", question_text, general_feedback, default_mark, "qtype", created_by, copy_state, created_at, updated_by, updated_at, question_bank_category_id, is_org_question_bank, is_lecturer_private)
VALUES('efdce693-d3db-47a8-85f4-eadb96b27b50'::uuid, '08b65a39-394f-4977-a5fa-3fe145b620f8'::uuid, 'EASY'::public."difficulty", 'Sự khác biệt giữa == và phương thức equals() trong Java là gì?', '<p>Sự khác biệt giữa <code>==</code> và phương thức <code>equals()</code> trong Java là gì?</p>', '', 1.00, 'SHORT_ANSWER'::public."qtype", '64412e27-169e-44ea-a101-74ebf8cb82d9'::uuid, 'CREATING'::public."copystate", '2024-07-13 21:49:33.323', '64412e27-169e-44ea-a101-74ebf8cb82d9'::uuid, '2024-07-13 21:49:33.323', 'b8d5995f-0cf9-4ad4-967c-f94f2187deb9'::uuid, false, false);
INSERT INTO public.question
(id, org_id, "difficulty", "name", question_text, general_feedback, default_mark, "qtype", created_by, copy_state, created_at, updated_by, updated_at, question_bank_category_id, is_org_question_bank, is_lecturer_private)
VALUES('f04bc055-2a6b-474f-b4f6-a841c7650c69'::uuid, '08b65a39-394f-4977-a5fa-3fe145b620f8'::uuid, 'EASY'::public."difficulty", 'Trong Java, từ khóa nào được sử dụng để kế thừa từ một lớp khác?', '<p>Trong Java, từ khóa nào được sử dụng để kế thừa từ một lớp khác?</p>', '', 1.00, 'MULTIPLE_CHOICE'::public."qtype", '64412e27-169e-44ea-a101-74ebf8cb82d9'::uuid, 'CREATING'::public."copystate", '2024-07-13 21:50:41.545', '64412e27-169e-44ea-a101-74ebf8cb82d9'::uuid, '2024-07-13 21:50:41.545', 'b8d5995f-0cf9-4ad4-967c-f94f2187deb9'::uuid, false, false);
INSERT INTO public.question
(id, org_id, "difficulty", "name", question_text, general_feedback, default_mark, "qtype", created_by, copy_state, created_at, updated_by, updated_at, question_bank_category_id, is_org_question_bank, is_lecturer_private)
VALUES('daa805fc-957c-42e5-8756-a7908d2c4535'::uuid, '08b65a39-394f-4977-a5fa-3fe145b620f8'::uuid, 'EASY'::public."difficulty", 'Từ khóa final có thể được sử dụng để khai báo một biến, phương thức, hoặc lớp không thể thay đổi.', '<p>Từ khóa <code>final</code> có thể được sử dụng để khai báo một biến, phương thức, hoặc lớp không thể thay đổi.</p>', '', 1.00, 'TRUE_FALSE'::public."qtype", '64412e27-169e-44ea-a101-74ebf8cb82d9'::uuid, 'CREATING'::public."copystate", '2024-07-13 21:51:17.846', '64412e27-169e-44ea-a101-74ebf8cb82d9'::uuid, '2024-07-13 21:51:17.846', 'b8d5995f-0cf9-4ad4-967c-f94f2187deb9'::uuid, false, false);
INSERT INTO public.question
(id, org_id, "difficulty", "name", question_text, general_feedback, default_mark, "qtype", created_by, copy_state, created_at, updated_by, updated_at, question_bank_category_id, is_org_question_bank, is_lecturer_private)
VALUES('5c7c8cb0-e60b-438a-a716-18226c1d69c4'::uuid, '08b65a39-394f-4977-a5fa-3fe145b620f8'::uuid, 'EASY'::public."difficulty", 'Một lớp trong Java có thể kế thừa từ nhiều lớp khác nhau.', '<p>Một lớp trong Java có thể kế thừa từ nhiều lớp khác nhau.</p>', '', 1.00, 'TRUE_FALSE'::public."qtype", '64412e27-169e-44ea-a101-74ebf8cb82d9'::uuid, 'CREATING'::public."copystate", '2024-07-13 21:51:48.668', '64412e27-169e-44ea-a101-74ebf8cb82d9'::uuid, '2024-07-13 21:51:48.668', 'b8d5995f-0cf9-4ad4-967c-f94f2187deb9'::uuid, false, false);
INSERT INTO public.question
(id, org_id, "difficulty", "name", question_text, general_feedback, default_mark, "qtype", created_by, copy_state, created_at, updated_by, updated_at, question_bank_category_id, is_org_question_bank, is_lecturer_private)
VALUES('44eb6e82-2a5a-47ef-9554-def9b30b2d8b'::uuid, '08b65a39-394f-4977-a5fa-3fe145b620f8'::uuid, 'EASY'::public."difficulty", 'Sự khác biệt giữa con trỏ và biến tham chiếu trong C++ là gì?', '<p>Sự khác biệt giữa con trỏ và biến tham chiếu trong C++ là gì?</p>', '', 1.00, 'SHORT_ANSWER'::public."qtype", '64412e27-169e-44ea-a101-74ebf8cb82d9'::uuid, 'CREATING'::public."copystate", '2024-07-13 21:53:23.474', '64412e27-169e-44ea-a101-74ebf8cb82d9'::uuid, '2024-07-13 21:53:23.474', 'a54cf2f7-294c-4b1a-a8c7-6e8c34fb5f51'::uuid, false, false);
INSERT INTO public.question
(id, org_id, "difficulty", "name", question_text, general_feedback, default_mark, "qtype", created_by, copy_state, created_at, updated_by, updated_at, question_bank_category_id, is_org_question_bank, is_lecturer_private)
VALUES('ff5158f3-c7e5-487a-98ca-92fb7df29fd4'::uuid, '08b65a39-394f-4977-a5fa-3fe145b620f8'::uuid, 'EASY'::public."difficulty", 'Trong C++, bạn có thể nạp chồng (overload) toán tử để tạo các hành vi mới cho các toán tử đã có sẵn.', '<p>Trong C++, bạn có thể nạp chồng (overload) toán tử để tạo các hành vi mới cho các toán tử đã có sẵn.</p>', '', 1.00, 'TRUE_FALSE'::public."qtype", '64412e27-169e-44ea-a101-74ebf8cb82d9'::uuid, 'CREATING'::public."copystate", '2024-07-13 21:53:38.312', '64412e27-169e-44ea-a101-74ebf8cb82d9'::uuid, '2024-07-13 21:53:38.312', 'a54cf2f7-294c-4b1a-a8c7-6e8c34fb5f51'::uuid, false, false);
INSERT INTO public.question
(id, org_id, "difficulty", "name", question_text, general_feedback, default_mark, "qtype", created_by, copy_state, created_at, updated_by, updated_at, question_bank_category_id, is_org_question_bank, is_lecturer_private)
VALUES('e249606a-eb66-4d09-9aee-fecfe1d934f6'::uuid, '08b65a39-394f-4977-a5fa-3fe145b620f8'::uuid, 'EASY'::public."difficulty", 'Trong C++, con trỏ this chỉ tồn tại trong các phương thức tĩnh của một lớp.', '<p>Trong C++, con trỏ <code>this</code> chỉ tồn tại trong các phương thức tĩnh của một lớp.</p>', '', 1.00, 'TRUE_FALSE'::public."qtype", '64412e27-169e-44ea-a101-74ebf8cb82d9'::uuid, 'CREATING'::public."copystate", '2024-07-13 21:54:08.826', '64412e27-169e-44ea-a101-74ebf8cb82d9'::uuid, '2024-07-13 21:54:08.826', 'a54cf2f7-294c-4b1a-a8c7-6e8c34fb5f51'::uuid, false, false);
INSERT INTO public.question
(id, org_id, "difficulty", "name", question_text, general_feedback, default_mark, "qtype", created_by, copy_state, created_at, updated_by, updated_at, question_bank_category_id, is_org_question_bank, is_lecturer_private)
VALUES('037c100f-da95-4ef0-bd20-5d7a6926097a'::uuid, '08b65a39-394f-4977-a5fa-3fe145b620f8'::uuid, 'EASY'::public."difficulty", 'Từ khóa const trong C/C++ có thể được sử dụng để khai báo các biến có giá trị không thể thay đổi sau khi khởi tạo.', '<p>Từ khóa <code>const</code> trong C/C++ có thể được sử dụng để khai báo các biến có giá trị không thể thay đổi sau khi khởi tạo.</p>', '', 1.00, 'TRUE_FALSE'::public."qtype", '64412e27-169e-44ea-a101-74ebf8cb82d9'::uuid, 'CREATING'::public."copystate", '2024-07-13 21:53:49.758', '64412e27-169e-44ea-a101-74ebf8cb82d9'::uuid, '2024-07-13 21:53:49.758', 'a54cf2f7-294c-4b1a-a8c7-6e8c34fb5f51'::uuid, false, false);

INSERT INTO public.answer_of_question
(id, question_id, feedback, answer, fraction)
VALUES('952890c5-fdbb-4269-a39c-fa8cef99a524'::uuid, '90cdac0a-a9a7-4809-a5d1-20fc58437390'::uuid, '<p>Mô hình OSI có 7 tầng. Bao gồm: Physical (Vật lý), Data Link (Liên kết dữ liệu), Network (Mạng), Transport (Vận chuyển), Session (Phiên), Presentation (Trình bày), Application (Ứng dụng).</p>', 'Mô hình OSI có 7 tầng. Bao gồm: Physical (Vật lý), Data Link (Liên kết dữ liệu), Network (Mạng), Transport (Vận chuyển), Session (Phiên), Presentation (Trình bày), Application (Ứng dụng).', 1.00);
INSERT INTO public.answer_of_question
(id, question_id, feedback, answer, fraction)
VALUES('217448d1-0930-4a7a-9c56-58feb8f62eb5'::uuid, '9d49b11a-bdd1-47d0-a51a-2da85810ee82'::uuid, 'Correct', 'true', 1.00);
INSERT INTO public.answer_of_question
(id, question_id, feedback, answer, fraction)
VALUES('85a2b587-5002-4305-af56-1d7c897b7c11'::uuid, 'f00c5bb1-3eb4-4d02-a0a1-65f65c27ada9'::uuid, '<p>Địa chỉ IP (Internet Protocol address) là một địa chỉ duy nhất được sử dụng để định danh một thiết bị trên mạng máy tính.</p>', 'Địa chỉ IP (Internet Protocol address) là một địa chỉ duy nhất được sử dụng để định danh một thiết bị trên mạng máy tính.', 1.00);
INSERT INTO public.answer_of_question
(id, question_id, feedback, answer, fraction)
VALUES('d662b428-0109-450e-a33f-1dd9435d00d1'::uuid, 'a4bdb836-7cc1-48b5-9cb3-61163bfdae72'::uuid, '<p>FTP</p>', '<p>FTP</p>', 0.00);
INSERT INTO public.answer_of_question
(id, question_id, feedback, answer, fraction)
VALUES('1b792b60-68e8-4af7-b098-536658714149'::uuid, 'a4bdb836-7cc1-48b5-9cb3-61163bfdae72'::uuid, '<p>SMTP</p>', '<p>SMTP</p>', 1.00);
INSERT INTO public.answer_of_question
(id, question_id, feedback, answer, fraction)
VALUES('a1051121-774a-421c-95e5-9d889962cb5b'::uuid, 'a4bdb836-7cc1-48b5-9cb3-61163bfdae72'::uuid, '<p>HTTP</p>', '<p>HTTP</p>', 0.00);
INSERT INTO public.answer_of_question
(id, question_id, feedback, answer, fraction)
VALUES('32cfe7ff-d111-42dc-8050-3ebc516cbe98'::uuid, 'a4bdb836-7cc1-48b5-9cb3-61163bfdae72'::uuid, '<p>SNMP</p>', '<p>SNMP</p>', 0.00);
INSERT INTO public.answer_of_question
(id, question_id, feedback, answer, fraction)
VALUES('52b1e947-f709-43c4-96a4-697ebf11e8e5'::uuid, '23084d5a-0ce0-4177-80c3-07e8755b9a5c'::uuid, '<p>TCP</p>', '<p>TCP</p>', 0.00);
INSERT INTO public.answer_of_question
(id, question_id, feedback, answer, fraction)
VALUES('e00e8b3c-daef-4bdd-8a51-75fb194e46ad'::uuid, '23084d5a-0ce0-4177-80c3-07e8755b9a5c'::uuid, '<p>IP</p>', '<p>IP</p>', 1.00);
INSERT INTO public.answer_of_question
(id, question_id, feedback, answer, fraction)
VALUES('01ec8aa8-dc4d-4984-9d93-66bc6fc0a9ac'::uuid, '23084d5a-0ce0-4177-80c3-07e8755b9a5c'::uuid, '<p>HTTP</p>', '<p>HTTP</p>', 0.00);
INSERT INTO public.answer_of_question
(id, question_id, feedback, answer, fraction)
VALUES('3371026d-71e3-434b-abf1-709643d0d877'::uuid, '23084d5a-0ce0-4177-80c3-07e8755b9a5c'::uuid, '<p>DNS</p>', '<p>DNS</p>', 0.00);
INSERT INTO public.answer_of_question
(id, question_id, feedback, answer, fraction)
VALUES('3f92d140-2b30-40cc-ba58-e4f7e88cee0f'::uuid, 'c99da40c-9a1f-47c9-abd7-1c86cda7cd91'::uuid, '<p>Địa chỉ công cộng (Public Address)</p>', '<p>Địa chỉ công cộng (Public Address)</p>', 0.33);
INSERT INTO public.answer_of_question
(id, question_id, feedback, answer, fraction)
VALUES('aaf7e98a-f50f-42c7-a5b2-9a1b22824f2a'::uuid, 'c99da40c-9a1f-47c9-abd7-1c86cda7cd91'::uuid, '<p>Địa chỉ tư nhân (Private Address)</p>', '<p>Địa chỉ tư nhân (Private Address)</p>', 0.33);
INSERT INTO public.answer_of_question
(id, question_id, feedback, answer, fraction)
VALUES('a57245cd-fa0e-4ded-a37e-c84a9a8916ff'::uuid, 'c99da40c-9a1f-47c9-abd7-1c86cda7cd91'::uuid, '<p>Địa chỉ ảo (Virtual Address)</p>', '<p>Địa chỉ ảo (Virtual Address)</p>', 0.00);
INSERT INTO public.answer_of_question
(id, question_id, feedback, answer, fraction)
VALUES('65398636-3ea2-4ab1-90f8-677e402f18b7'::uuid, 'c99da40c-9a1f-47c9-abd7-1c86cda7cd91'::uuid, '<p>Địa chỉ vòng lặp (Loopback Address)</p>', '<p>Địa chỉ vòng lặp (Loopback Address)</p>', 0.33);
INSERT INTO public.answer_of_question
(id, question_id, feedback, answer, fraction)
VALUES('f237c9ba-25be-4535-bee8-7e6f009081d9'::uuid, 'f5bae546-cefe-4f18-9a69-fd38047baff8'::uuid, 'Correct', 'false', 1.00);
INSERT INTO public.answer_of_question
(id, question_id, feedback, answer, fraction)
VALUES('766b8bf4-8014-4868-ae09-8d5285b19d9f'::uuid, '4d1b5c41-c0c6-4763-b8c8-5462ed8687ba'::uuid, 'Correct', 'false', 1.00);
INSERT INTO public.answer_of_question
(id, question_id, feedback, answer, fraction)
VALUES('77225fea-3e1a-434a-b8b4-52f652839d3f'::uuid, '3fbac478-6805-4936-9ec9-86ab91f534cd'::uuid, 'Correct', 'true', 1.00);
INSERT INTO public.answer_of_question
(id, question_id, feedback, answer, fraction)
VALUES('f2edee24-2993-4d26-aaa9-4667957deb90'::uuid, '7d7a12fb-9ce7-49c1-a159-0df5060ea7d2'::uuid, '<p>Cây nhị phân tìm kiếm là một cấu trúc dữ liệu cây nhị phân trong đó mỗi nút có tối đa hai con, với con bên trái chứa các giá trị nhỏ hơn giá trị của nút và con bên phải chứa các giá trị lớn hơn giá trị của nút.</p>', 'Cây nhị phân tìm kiếm là một cấu trúc dữ liệu cây nhị phân trong đó mỗi nút có tối đa hai con, với con bên trái chứa các giá trị nhỏ hơn giá trị của nút và con bên phải chứa các giá trị lớn hơn giá trị của nút.', 1.00);
INSERT INTO public.answer_of_question
(id, question_id, feedback, answer, fraction)
VALUES('4f618a80-5f5e-4ddd-b96a-0d7ac3ed4098'::uuid, 'a0c53087-0fc8-47bf-904b-d0565ffd6fe8'::uuid, '<p>Thuật toán sắp xếp nổi bọt so sánh các cặp phần tử liền kề và hoán đổi vị trí của chúng nếu chúng không theo thứ tự, quá trình này lặp lại cho đến khi danh sách được sắp xếp.</p>', 'Thuật toán sắp xếp nổi bọt so sánh các cặp phần tử liền kề và hoán đổi vị trí của chúng nếu chúng không theo thứ tự, quá trình này lặp lại cho đến khi danh sách được sắp xếp.', 1.00);
INSERT INTO public.answer_of_question
(id, question_id, feedback, answer, fraction)
VALUES('760cc592-65c8-45e2-a1ef-996b151d2f93'::uuid, 'ff476f39-f0ee-418c-8f03-c8684f4d2578'::uuid, '<p>O(n)</p>', '<p>O(n)</p>', 0.00);
INSERT INTO public.answer_of_question
(id, question_id, feedback, answer, fraction)
VALUES('94eb8021-3f08-4a14-8a10-3f0f1a354562'::uuid, 'ff476f39-f0ee-418c-8f03-c8684f4d2578'::uuid, '<p>O(n log n)</p>', '<p>O(n log n)</p>', 0.00);
INSERT INTO public.answer_of_question
(id, question_id, feedback, answer, fraction)
VALUES('dff75f61-13e2-4da0-8aa3-5b20eb2395bd'::uuid, 'ff476f39-f0ee-418c-8f03-c8684f4d2578'::uuid, '<p>O(log n)</p>', '<p>O(log n)</p>', 1.00);
INSERT INTO public.answer_of_question
(id, question_id, feedback, answer, fraction)
VALUES('a22e4006-3ba0-4ab8-8eed-c0feb5fca6b9'::uuid, 'ff476f39-f0ee-418c-8f03-c8684f4d2578'::uuid, '<p>O(1)</p>', '<p>O(1)</p>', 0.00);
INSERT INTO public.answer_of_question
(id, question_id, feedback, answer, fraction)
VALUES('9729218c-8fdb-4d64-a649-e0b0160df338'::uuid, 'd7d25d42-4e15-4983-b82e-501f9edfd595'::uuid, '<p>Queue</p>', '<p>Queue</p>', 0.00);
INSERT INTO public.answer_of_question
(id, question_id, feedback, answer, fraction)
VALUES('f560f2da-f274-4eb9-ac9a-0726845b4797'::uuid, 'd7d25d42-4e15-4983-b82e-501f9edfd595'::uuid, '<p>Stack</p>', '<p>Stack</p>', 1.00);
INSERT INTO public.answer_of_question
(id, question_id, feedback, answer, fraction)
VALUES('7dd35615-960b-4c8e-bc08-3c952d0406b5'::uuid, 'd7d25d42-4e15-4983-b82e-501f9edfd595'::uuid, '<p>Array</p>', '<p>Array</p>', 0.00);
INSERT INTO public.answer_of_question
(id, question_id, feedback, answer, fraction)
VALUES('723aa060-26b2-4640-b34c-58dd5441a923'::uuid, 'd7d25d42-4e15-4983-b82e-501f9edfd595'::uuid, '<p>Linked List</p>', '<p>Linked List</p>', 0.00);
INSERT INTO public.answer_of_question
(id, question_id, feedback, answer, fraction)
VALUES('5a583906-1847-4aff-8a54-b3f362954267'::uuid, 'e2737881-9013-4b1c-af87-4cbdadfbbe4c'::uuid, '<p>Push</p>', '<p>Push</p>', 0.33);
INSERT INTO public.answer_of_question
(id, question_id, feedback, answer, fraction)
VALUES('c30f1e31-3cef-4fcc-a538-a889c6773a6b'::uuid, 'e2737881-9013-4b1c-af87-4cbdadfbbe4c'::uuid, '<p>Pop</p>', '<p>Pop</p>', 0.33);
INSERT INTO public.answer_of_question
(id, question_id, feedback, answer, fraction)
VALUES('40cc8988-bf3a-4cea-a3b1-76f37d15eec2'::uuid, 'e2737881-9013-4b1c-af87-4cbdadfbbe4c'::uuid, '<p>Peek</p>', '<p>Peek</p>', 0.33);
INSERT INTO public.answer_of_question
(id, question_id, feedback, answer, fraction)
VALUES('57c2fcf3-1848-4778-a931-8d4a7b63b804'::uuid, 'e2737881-9013-4b1c-af87-4cbdadfbbe4c'::uuid, '<p>Enqueue</p>', '<p>Enqueue</p>', 0.00);
INSERT INTO public.answer_of_question
(id, question_id, feedback, answer, fraction)
VALUES('4ef0a4cd-7b59-49a5-bbaf-4d76aaaa9153'::uuid, '07849f67-5f33-46f3-a063-f3b8b5478de0'::uuid, 'Correct', 'true', 1.00);
INSERT INTO public.answer_of_question
(id, question_id, feedback, answer, fraction)
VALUES('fd7117b3-51f2-48b9-b626-b4468e1ff05a'::uuid, 'b6edb041-7c86-4883-8136-8bfc046f191a'::uuid, 'Correct', 'false', 1.00);
INSERT INTO public.answer_of_question
(id, question_id, feedback, answer, fraction)
VALUES('751b9dff-42f7-4ac3-8d88-4b47c536bfd3'::uuid, 'bc059bd0-045b-4173-83ac-2dd108b2f084'::uuid, 'Correct', 'true', 1.00);
INSERT INTO public.answer_of_question
(id, question_id, feedback, answer, fraction)
VALUES('43c1ccd9-47a0-45f1-994c-13a33231626f'::uuid, 'b4959e34-6ddc-424a-9ee3-481d189ee299'::uuid, '<ol><li>Kế thừa là một cơ chế trong OOP cho phép một lớp (class) con kế thừa các thuộc tính và phương thức từ một lớp cha (superclass).</li></ol><p><br></p>', 'Kế thừa là một cơ chế trong OOP cho phép một lớp (class) con kế thừa các thuộc tính và phương thức từ một lớp cha (superclass).', 1.00);
INSERT INTO public.answer_of_question
(id, question_id, feedback, answer, fraction)
VALUES('28183bdf-b701-421a-ae27-15ac89346e66'::uuid, '8ce74a1c-5d82-4820-9ccc-fbe3ea263ff5'::uuid, '<p>Tính đóng gói (Encapsulation)</p>', '<p>Tính đóng gói (Encapsulation)</p>', 0.00);
INSERT INTO public.answer_of_question
(id, question_id, feedback, answer, fraction)
VALUES('c63d5a90-f3ee-4c25-be56-6c8bdf5f4722'::uuid, '8ce74a1c-5d82-4820-9ccc-fbe3ea263ff5'::uuid, '<p>Tính đa hình (Polymorphism)</p>', '<p>Tính đa hình (Polymorphism)</p>', 0.00);
INSERT INTO public.answer_of_question
(id, question_id, feedback, answer, fraction)
VALUES('913c4b4c-b755-47dc-8b39-8d30ca72de30'::uuid, '8ce74a1c-5d82-4820-9ccc-fbe3ea263ff5'::uuid, '<p>Tính kế thừa (Inheritance)</p>', '<p>Tính kế thừa (Inheritance)</p>', 0.00);
INSERT INTO public.answer_of_question
(id, question_id, feedback, answer, fraction)
VALUES('f3cb4af3-76ad-4b2c-92fc-e0a84825d4fa'::uuid, '8ce74a1c-5d82-4820-9ccc-fbe3ea263ff5'::uuid, '<p>Tính module (Modularity)</p>', '<p>Tính module (Modularity)</p>', 1.00);
INSERT INTO public.answer_of_question
(id, question_id, feedback, answer, fraction)
VALUES('4e5203e0-e694-4a41-b520-7e2f7749cd72'::uuid, '30491dd5-c6d9-4fe2-b1d9-d18f7666d202'::uuid, 'Correct', 'true', 1.00);
INSERT INTO public.answer_of_question
(id, question_id, feedback, answer, fraction)
VALUES('99d5a9f1-2995-43f3-b14e-1d868bdc3e42'::uuid, '9e285092-8223-44bb-ae6d-802d5117c567'::uuid, 'Correct', 'true', 1.00);
INSERT INTO public.answer_of_question
(id, question_id, feedback, answer, fraction)
VALUES('abe7ff5b-20e0-470e-9efe-173c6cb842af'::uuid, '163e2aa1-f86d-4027-a91d-d84d8bef72fc'::uuid, '<p>JVM là một máy ảo chạy các ứng dụng Java, dịch bytecode của Java thành mã máy để thực thi trên nhiều nền tảng khác nhau.</p>', 'JVM là một máy ảo chạy các ứng dụng Java, dịch bytecode của Java thành mã máy để thực thi trên nhiều nền tảng khác nhau.', 1.00);
INSERT INTO public.answer_of_question
(id, question_id, feedback, answer, fraction)
VALUES('4af2acda-12e4-491f-94b0-9234d9e0e258'::uuid, 'efdce693-d3db-47a8-85f4-eadb96b27b50'::uuid, '<p>Toán tử <code>==</code> so sánh tham chiếu của hai đối tượng, trong khi phương thức <code>equals()</code> so sánh giá trị nội dung của hai đối tượng.</p>', 'Toán tử == so sánh tham chiếu của hai đối tượng, trong khi phương thức equals() so sánh giá trị nội dung của hai đối tượng.', 1.00);
INSERT INTO public.answer_of_question
(id, question_id, feedback, answer, fraction)
VALUES('e1618a71-5408-48ee-b95c-72d9be9f0618'::uuid, 'f04bc055-2a6b-474f-b4f6-a841c7650c69'::uuid, '<p>inherits</p>', '<p>inherits</p>', 0.00);
INSERT INTO public.answer_of_question
(id, question_id, feedback, answer, fraction)
VALUES('12f6354d-a385-4193-b514-6a54186cbd75'::uuid, 'f04bc055-2a6b-474f-b4f6-a841c7650c69'::uuid, '<p>extends</p>', '<p>extends</p>', 1.00);
INSERT INTO public.answer_of_question
(id, question_id, feedback, answer, fraction)
VALUES('a984e0d5-b4f9-4d1e-83ca-bbdf49baa84c'::uuid, 'f04bc055-2a6b-474f-b4f6-a841c7650c69'::uuid, '<p>implements</p>', '<p>implements</p>', 0.00);
INSERT INTO public.answer_of_question
(id, question_id, feedback, answer, fraction)
VALUES('c1a5f8a1-f839-4627-b5ef-de4502011955'::uuid, 'f04bc055-2a6b-474f-b4f6-a841c7650c69'::uuid, '<p>super</p>', '<p>super</p>', 0.00);
INSERT INTO public.answer_of_question
(id, question_id, feedback, answer, fraction)
VALUES('2fa5a814-31cf-456c-bcd1-1ea4622f3df0'::uuid, 'daa805fc-957c-42e5-8756-a7908d2c4535'::uuid, 'Correct', 'true', 1.00);
INSERT INTO public.answer_of_question
(id, question_id, feedback, answer, fraction)
VALUES('cde6d8a7-56f5-44f3-8b25-39932e94f588'::uuid, '5c7c8cb0-e60b-438a-a716-18226c1d69c4'::uuid, 'Correct', 'false', 1.00);
INSERT INTO public.answer_of_question
(id, question_id, feedback, answer, fraction)
VALUES('9148f00d-9e0f-498d-ba83-55ae898e88fd'::uuid, '037c100f-da95-4ef0-bd20-5d7a6926097a'::uuid, 'Correct', 'true', 1.00);
INSERT INTO public.answer_of_question
(id, question_id, feedback, answer, fraction)
VALUES('d78e8ec2-7758-4e96-9781-1fccfda25ed8'::uuid, '44eb6e82-2a5a-47ef-9554-def9b30b2d8b'::uuid, '<p>Con trỏ là một biến lưu trữ địa chỉ của một biến khác, có thể được thay đổi để trỏ đến biến khác. Biến tham chiếu là một bí danh cho một biến khác và không thể thay đổi để tham chiếu đến biến khác sau khi được khởi tạo.</p>', 'Con trỏ là một biến lưu trữ địa chỉ của một biến khác, có thể được thay đổi để trỏ đến biến khác. Biến tham chiếu là một bí danh cho một biến khác và không thể thay đổi để tham chiếu đến biến khác sau khi được khởi tạo.', 1.00);
INSERT INTO public.answer_of_question
(id, question_id, feedback, answer, fraction)
VALUES('273651a9-ca8a-4dbf-a7f7-d6ea77eabf56'::uuid, 'ff5158f3-c7e5-487a-98ca-92fb7df29fd4'::uuid, 'Correct', 'true', 1.00);
INSERT INTO public.answer_of_question
(id, question_id, feedback, answer, fraction)
VALUES('e3b756ce-a5ff-47b5-8287-ac3aa04a7488'::uuid, 'e249606a-eb66-4d09-9aee-fecfe1d934f6'::uuid, 'Correct', 'false', 1.00);



